2026-07-06 18:33:30.847 | INFO     | __main__:<module>:1136 - IndexTTS2 API Server - http://0.0.0.0:8002
2026-07-06 18:33:30.848 | INFO     | __main__:<module>:1137 -   WebUI: http://0.0.0.0:8002/
2026-07-06 18:33:30.848 | INFO     | __main__:<module>:1138 -   API:   http://0.0.0.0:8002/docs
2026-07-06 18:33:30.848 | INFO     | __main__:<module>:1139 - Device: auto, FP16: True
2026-07-06 18:33:31.006 | INFO     | __main__:_ensure_main_model:544 - 主模型不存在，从 ModelScope 下载到 checkpoints/IndexTTS-2 ...
2026-07-06 18:33:31.007 | ERROR    | __main__:_ensure_main_model:578 - 主模型下载失败: snapshot_download() got an unexpected keyword argument 'exist_ok'
2026-07-06 18:33:31.007 | INFO     | __main__:lifespan:592 - Initializing IndexTTS2...
2026-07-06 18:33:57.303 | WARNING  | __main__:lifespan:608 - 模型初始化失败，将以有限功能运行: [Errno 2] No such file or directory: '/teamspace/studios/this_studio/index-tts/checkpoints/IndexTTS-2/config.yaml'
2026-07-06 18:33:57.304 | INFO     | __main__:lifespan:613 - 已加载 0 个音色
2026-07-06 18:50:05.397 | INFO     | __main__:lifespan:616 - Shutting down...
2026-07-06 19:05:51.499 | INFO     | __main__:<module>:1095 - IndexTTS2 API Server - http://0.0.0.0:8002
2026-07-06 19:05:51.499 | INFO     | __main__:<module>:1096 -   WebUI: http://0.0.0.0:8002/
2026-07-06 19:05:51.499 | INFO     | __main__:<module>:1097 -   API:   http://0.0.0.0:8002/docs
2026-07-06 19:05:51.500 | INFO     | __main__:<module>:1098 - Device: auto, FP16: True
2026-07-06 19:05:51.595 | INFO     | __main__:lifespan:547 - Initializing IndexTTS2...
2026-07-06 19:05:51.595 | INFO     | __main__:lifespan:553 - IndexTTS2 initialized successfully (reusing instance from webui_enhanced)
2026-07-06 19:05:51.595 | INFO     | __main__:lifespan:573 - 已加载 0 个音色
2026-07-06 19:28:33.989 | INFO     | __main__:lifespan:576 - Shutting down...
2026-07-06 19:30:11.767 | INFO     | __main__:<module>:1099 - IndexTTS2 API Server - http://0.0.0.0:8002
2026-07-06 19:30:11.772 | INFO     | __main__:<module>:1100 -   WebUI: http://0.0.0.0:8002/
2026-07-06 19:30:11.772 | INFO     | __main__:<module>:1101 -   API:   http://0.0.0.0:8002/docs
2026-07-06 19:30:11.772 | INFO     | __main__:<module>:1102 - Device: auto, FP16: True
2026-07-06 19:30:11.850 | INFO     | __main__:lifespan:547 - Initializing IndexTTS2...
2026-07-06 19:30:11.851 | INFO     | __main__:lifespan:553 - IndexTTS2 initialized successfully (reusing instance from webui_enhanced)
2026-07-06 19:30:11.851 | INFO     | __main__:lifespan:573 - 已加载 0 个音色
2026-07-06 20:56:15.458 | INFO     | __main__:upload_speaker:795 - 音色注册成功: spk_3797ee82 ()
2026-07-06 21:10:00.490 | INFO     | __main__:upload_speaker:795 - 音色注册成功: spk_b6d40dbf ()
2026-07-06 21:19:09.850 | ERROR    | __main__:_speech_response_from_payload:911 - TTS 失败: The following `model_kwargs` are not used by the model: ['diffusion_steps', 'inference_cfg_rate'] (note: typos in the generate arguments will also show up in this list)
2026-07-06 21:19:21.198 | ERROR    | __main__:_speech_response_from_payload:911 - TTS 失败: The following `model_kwargs` are not used by the model: ['diffusion_steps', 'inference_cfg_rate'] (note: typos in the generate arguments will also show up in this list)
2026-07-06 21:25:01.831 | INFO     | __main__:upload_speaker:795 - 音色注册成功: spk_d81f6e47 ()
2026-07-06 21:30:11.722 | INFO     | __main__:upload_speaker:795 - 音色注册成功: spk_858717ae ()
2026-07-06 21:37:53.142 | ERROR    | __main__:_speech_response_from_payload:911 - TTS 失败: The following `model_kwargs` are not used by the model: ['diffusion_steps', 'inference_cfg_rate'] (note: typos in the generate arguments will also show up in this list)
2026-07-06 21:38:01.220 | ERROR    | __main__:_speech_response_from_payload:911 - TTS 失败: The following `model_kwargs` are not used by the model: ['diffusion_steps', 'inference_cfg_rate'] (note: typos in the generate arguments will also show up in this list)
2026-07-06 22:00:59.683 | INFO     | __main__:lifespan:576 - Shutting down...
2026-07-06 22:02:39.162 | INFO     | __main__:<module>:1099 - IndexTTS2 API Server - http://0.0.0.0:8002
2026-07-06 22:02:39.172 | INFO     | __main__:<module>:1100 -   WebUI: http://0.0.0.0:8002/
2026-07-06 22:02:39.172 | INFO     | __main__:<module>:1101 -   API:   http://0.0.0.0:8002/docs
2026-07-06 22:02:39.172 | INFO     | __main__:<module>:1102 - Device: auto, FP16: True
2026-07-06 22:02:39.388 | INFO     | __main__:lifespan:547 - Initializing IndexTTS2...
2026-07-06 22:02:39.388 | INFO     | __main__:lifespan:553 - IndexTTS2 initialized successfully (reusing instance from webui_enhanced)
2026-07-06 22:02:39.389 | INFO     | __main__:lifespan:573 - 已加载 4 个音色
2026-07-06 22:11:40.576 | ERROR    | __main__:_speech_response_from_payload:911 - TTS 失败: The following `model_kwargs` are not used by the model: ['diffusion_steps', 'inference_cfg_rate'] (note: typos in the generate arguments will also show up in this list)
2026-07-06 22:12:43.507 | ERROR    | __main__:_speech_response_from_payload:911 - TTS 失败: The following `model_kwargs` are not used by the model: ['diffusion_steps', 'inference_cfg_rate'] (note: typos in the generate arguments will also show up in this list)
2026-07-06 22:20:45.430 | INFO     | __main__:lifespan:576 - Shutting down...
2026-07-06 22:22:52.854 | INFO     | __main__:<module>:1096 - IndexTTS2 API Server - http://0.0.0.0:8002
2026-07-06 22:22:52.866 | INFO     | __main__:<module>:1097 -   WebUI: http://0.0.0.0:8002/
2026-07-06 22:22:52.867 | INFO     | __main__:<module>:1098 -   API:   http://0.0.0.0:8002/docs
2026-07-06 22:22:52.867 | INFO     | __main__:<module>:1099 - Device: auto, FP16: True
2026-07-06 22:22:53.247 | INFO     | __main__:lifespan:544 - Initializing IndexTTS2...
2026-07-06 22:22:53.248 | INFO     | __main__:lifespan:550 - IndexTTS2 initialized successfully (reusing instance from webui_enhanced)
2026-07-06 22:22:53.249 | INFO     | __main__:lifespan:570 - 已加载 4 个音色
2026-07-06 22:25:32.331 | INFO     | __main__:_speech_response_from_payload:886 - TTS 完成: 71字, queue=0.00s, infer=82.10s, 格式: wav
2026-07-06 22:40:29.595 | INFO     | __main__:lifespan:573 - Shutting down...
2026-07-06 22:42:33.245 | INFO     | __main__:<module>:1270 - IndexTTS2 API Server - http://0.0.0.0:8002
2026-07-06 22:42:33.245 | INFO     | __main__:<module>:1271 -   WebUI: http://0.0.0.0:8002/
2026-07-06 22:42:33.246 | INFO     | __main__:<module>:1272 -   API:   http://0.0.0.0:8002/docs
2026-07-06 22:42:33.246 | INFO     | __main__:<module>:1273 - Device: auto, FP16: True
2026-07-06 22:42:33.323 | INFO     | __main__:lifespan:707 - Initializing IndexTTS2...
2026-07-06 22:42:33.323 | INFO     | __main__:lifespan:713 - IndexTTS2 initialized successfully (reusing instance from webui_enhanced)
2026-07-06 22:42:33.323 | INFO     | __main__:lifespan:733 - 已加载 4 个音色
2026-07-06 22:45:08.561 | INFO     | __main__:trim_audio_array:226 - Trimmed audio: 29.59s -> 7.41s (removed 22.19s)
2026-07-06 22:45:08.562 | INFO     | __main__:_speech_response_from_payload:1055 - TTS 完成: 71字, queue=0.00s, infer=76.60s, 格式: wav
2026-07-06 22:46:47.874 | INFO     | __main__:trim_audio_array:226 - Trimmed audio: 29.52s -> 8.54s (removed 20.98s)
2026-07-06 22:46:47.875 | INFO     | __main__:_speech_response_from_payload:1055 - TTS 完成: 76字, queue=0.00s, infer=65.96s, 格式: wav
2026-07-06 22:51:06.926 | INFO     | __main__:trim_audio_array:226 - Trimmed audio: 29.02s -> 5.69s (removed 23.34s)
2026-07-06 22:51:06.927 | INFO     | __main__:_speech_response_from_payload:1055 - TTS 完成: 72字, queue=0.00s, infer=64.32s, 格式: wav
2026-07-06 22:53:59.823 | INFO     | __main__:trim_audio_array:226 - Trimmed audio: 29.83s -> 7.99s (removed 21.83s)
2026-07-06 22:53:59.824 | INFO     | __main__:_speech_response_from_payload:1055 - TTS 完成: 83字, queue=0.00s, infer=67.42s, 格式: wav
2026-07-06 22:56:01.987 | INFO     | __main__:trim_audio_array:226 - Trimmed audio: 29.87s -> 9.38s (removed 20.49s)
2026-07-06 22:56:01.988 | INFO     | __main__:_speech_response_from_payload:1055 - TTS 完成: 81字, queue=0.00s, infer=67.10s, 格式: wav
2026-07-06 22:57:25.810 | INFO     | __main__:trim_audio_array:226 - Trimmed audio: 29.93s -> 10.70s (removed 19.23s)
2026-07-06 22:57:25.811 | INFO     | __main__:_speech_response_from_payload:1055 - TTS 完成: 96字, queue=0.00s, infer=72.10s, 格式: wav
2026-07-06 22:58:50.689 | INFO     | __main__:trim_audio_array:226 - Trimmed audio: 29.29s -> 8.70s (removed 20.59s)
2026-07-06 22:58:50.690 | INFO     | __main__:_speech_response_from_payload:1055 - TTS 完成: 80字, queue=0.00s, infer=70.92s, 格式: wav
2026-07-06 23:00:16.552 | INFO     | __main__:trim_audio_array:226 - Trimmed audio: 30.51s -> 12.07s (removed 18.44s)
2026-07-06 23:00:16.554 | INFO     | __main__:_speech_response_from_payload:1055 - TTS 完成: 105字, queue=0.00s, infer=72.08s, 格式: wav
2026-07-06 23:01:41.304 | INFO     | __main__:trim_audio_array:226 - Trimmed audio: 28.35s -> 6.10s (removed 22.25s)
2026-07-06 23:01:41.305 | INFO     | __main__:_speech_response_from_payload:1055 - TTS 完成: 53字, queue=0.00s, infer=65.26s, 格式: wav
2026-07-06 23:03:05.047 | INFO     | __main__:_speech_response_from_payload:1055 - TTS 完成: 88字, queue=0.00s, infer=57.45s, 格式: wav
2026-07-06 23:04:36.000 | INFO     | __main__:trim_audio_array:226 - Trimmed audio: 29.49s -> 10.19s (removed 19.30s)
2026-07-06 23:04:36.001 | INFO     | __main__:_speech_response_from_payload:1055 - TTS 完成: 100字, queue=0.00s, infer=67.46s, 格式: wav
2026-07-06 23:06:17.594 | INFO     | __main__:trim_audio_array:226 - Trimmed audio: 29.52s -> 9.85s (removed 19.67s)
2026-07-06 23:06:17.595 | INFO     | __main__:_speech_response_from_payload:1055 - TTS 完成: 86字, queue=0.00s, infer=66.17s, 格式: wav
2026-07-06 23:07:48.416 | INFO     | __main__:trim_audio_array:226 - Trimmed audio: 29.80s -> 8.38s (removed 21.42s)
2026-07-06 23:07:48.417 | INFO     | __main__:_speech_response_from_payload:1055 - TTS 完成: 77字, queue=0.00s, infer=66.88s, 格式: wav
2026-07-06 23:09:22.135 | INFO     | __main__:trim_audio_array:226 - Trimmed audio: 29.79s -> 8.62s (removed 21.17s)
2026-07-06 23:09:22.136 | INFO     | __main__:_speech_response_from_payload:1055 - TTS 完成: 71字, queue=0.00s, infer=66.76s, 格式: wav
2026-07-06 23:10:50.073 | INFO     | __main__:trim_audio_array:226 - Trimmed audio: 29.83s -> 13.93s (removed 15.89s)
2026-07-06 23:10:50.074 | INFO     | __main__:_speech_response_from_payload:1055 - TTS 完成: 113字, queue=0.00s, infer=68.39s, 格式: wav
2026-07-06 23:13:03.252 | INFO     | __main__:trim_audio_array:226 - Trimmed audio: 27.93s -> 6.46s (removed 21.47s)
2026-07-06 23:13:03.253 | INFO     | __main__:_speech_response_from_payload:1055 - TTS 完成: 60字, queue=0.00s, infer=63.40s, 格式: wav
2026-07-06 23:13:49.527 | INFO     | __main__:trim_audio_array:226 - Trimmed audio: 10.46s -> 8.54s (removed 1.92s)
2026-07-06 23:13:49.528 | INFO     | __main__:_speech_response_from_payload:1055 - TTS 完成: 74字, queue=0.00s, infer=27.36s, 格式: wav
2026-07-06 23:15:20.255 | INFO     | __main__:trim_audio_array:226 - Trimmed audio: 29.63s -> 5.92s (removed 23.71s)
2026-07-06 23:15:20.256 | INFO     | __main__:_speech_response_from_payload:1055 - TTS 完成: 49字, queue=0.00s, infer=71.15s, 格式: wav
2026-07-06 23:16:43.892 | INFO     | __main__:trim_audio_array:226 - Trimmed audio: 31.65s -> 5.72s (removed 25.92s)
2026-07-06 23:16:43.893 | INFO     | __main__:_speech_response_from_payload:1055 - TTS 完成: 51字, queue=0.00s, infer=58.55s, 格式: wav
2026-07-06 23:18:26.601 | INFO     | __main__:trim_audio_array:226 - Trimmed audio: 29.16s -> 7.73s (removed 21.43s)
2026-07-06 23:18:26.602 | INFO     | __main__:_speech_response_from_payload:1055 - TTS 完成: 65字, queue=0.00s, infer=73.97s, 格式: wav
2026-07-06 23:20:07.181 | INFO     | __main__:trim_audio_array:226 - Trimmed audio: 29.51s -> 9.78s (removed 19.74s)
2026-07-06 23:20:07.182 | INFO     | __main__:_speech_response_from_payload:1055 - TTS 完成: 87字, queue=0.00s, infer=74.67s, 格式: wav
2026-07-06 23:22:13.787 | INFO     | __main__:trim_audio_array:226 - Trimmed audio: 29.66s -> 7.41s (removed 22.26s)
2026-07-06 23:22:13.788 | INFO     | __main__:_speech_response_from_payload:1055 - TTS 完成: 70字, queue=0.00s, infer=65.79s, 格式: wav
2026-07-06 23:23:44.295 | INFO     | __main__:trim_audio_array:226 - Trimmed audio: 29.15s -> 2.57s (removed 26.58s)
2026-07-06 23:23:44.296 | INFO     | __main__:_speech_response_from_payload:1055 - TTS 完成: 22字, queue=0.00s, infer=65.19s, 格式: wav
2026-07-06 23:25:02.185 | INFO     | __main__:trim_audio_array:226 - Trimmed audio: 30.66s -> 15.81s (removed 14.85s)
2026-07-06 23:25:02.186 | INFO     | __main__:_speech_response_from_payload:1055 - TTS 完成: 126字, queue=0.00s, infer=73.41s, 格式: wav
2026-07-06 23:26:32.993 | INFO     | __main__:trim_audio_array:226 - Trimmed audio: 29.83s -> 2.48s (removed 27.34s)
2026-07-06 23:26:32.993 | INFO     | __main__:_speech_response_from_payload:1055 - TTS 完成: 24字, queue=0.00s, infer=67.04s, 格式: wav
2026-07-06 23:27:06.145 | INFO     | __main__:trim_audio_array:226 - Trimmed audio: 3.91s -> 2.06s (removed 1.85s)
2026-07-06 23:27:06.146 | INFO     | __main__:_speech_response_from_payload:1055 - TTS 完成: 18字, queue=0.00s, infer=13.01s, 格式: wav
2026-07-06 23:28:17.866 | INFO     | __main__:trim_audio_array:226 - Trimmed audio: 27.91s -> 7.34s (removed 20.57s)
2026-07-06 23:28:17.867 | INFO     | __main__:_speech_response_from_payload:1055 - TTS 完成: 56字, queue=0.00s, infer=68.00s, 格式: wav
2026-07-06 23:29:36.980 | INFO     | __main__:trim_audio_array:226 - Trimmed audio: 29.23s -> 8.82s (removed 20.42s)
2026-07-06 23:29:36.981 | INFO     | __main__:_speech_response_from_payload:1055 - TTS 完成: 78字, queue=0.00s, infer=68.24s, 格式: wav
2026-07-06 23:31:02.192 | INFO     | __main__:trim_audio_array:226 - Trimmed audio: 29.30s -> 5.34s (removed 23.96s)
2026-07-06 23:31:02.193 | INFO     | __main__:_speech_response_from_payload:1055 - TTS 完成: 51字, queue=0.00s, infer=66.48s, 格式: wav
2026-07-06 23:32:44.165 | INFO     | __main__:trim_audio_array:226 - Trimmed audio: 30.16s -> 5.44s (removed 24.73s)
2026-07-06 23:32:44.166 | INFO     | __main__:_speech_response_from_payload:1055 - TTS 完成: 54字, queue=0.00s, infer=73.50s, 格式: wav
2026-07-06 23:34:14.338 | INFO     | __main__:trim_audio_array:226 - Trimmed audio: 29.83s -> 3.92s (removed 25.90s)
2026-07-06 23:34:14.339 | INFO     | __main__:_speech_response_from_payload:1055 - TTS 完成: 37字, queue=0.00s, infer=66.58s, 格式: wav
2026-07-06 23:35:28.388 | INFO     | __main__:trim_audio_array:226 - Trimmed audio: 7.74s -> 7.64s (removed 0.10s)
2026-07-06 23:35:28.389 | INFO     | __main__:_speech_response_from_payload:1055 - TTS 完成: 71字, queue=0.00s, infer=57.92s, 格式: wav
2026-07-06 23:37:01.652 | INFO     | __main__:trim_audio_array:226 - Trimmed audio: 8.38s -> 5.99s (removed 2.39s)
2026-07-06 23:37:01.653 | INFO     | __main__:_speech_response_from_payload:1055 - TTS 完成: 35字, queue=0.00s, infer=19.62s, 格式: wav
2026-07-06 23:38:52.259 | INFO     | __main__:trim_audio_array:226 - Trimmed audio: 28.83s -> 3.98s (removed 24.85s)
2026-07-06 23:38:52.260 | INFO     | __main__:_speech_response_from_payload:1055 - TTS 完成: 36字, queue=0.00s, infer=63.06s, 格式: wav
2026-07-06 23:40:21.197 | INFO     | __main__:trim_audio_array:226 - Trimmed audio: 28.46s -> 6.26s (removed 22.20s)
2026-07-06 23:40:21.198 | INFO     | __main__:_speech_response_from_payload:1055 - TTS 完成: 50字, queue=0.00s, infer=62.94s, 格式: wav
2026-07-06 23:41:53.089 | INFO     | __main__:trim_audio_array:226 - Trimmed audio: 30.02s -> 5.85s (removed 24.17s)
2026-07-06 23:41:53.090 | INFO     | __main__:_speech_response_from_payload:1055 - TTS 完成: 56字, queue=0.00s, infer=67.48s, 格式: wav
2026-07-06 23:42:52.729 | INFO     | __main__:trim_audio_array:226 - Trimmed audio: 20.31s -> 10.38s (removed 9.93s)
2026-07-06 23:42:52.730 | INFO     | __main__:_speech_response_from_payload:1055 - TTS 完成: 96字, queue=0.00s, infer=49.39s, 格式: wav
2026-07-06 23:46:22.872 | INFO     | __main__:lifespan:736 - Shutting down...
2026-07-06 23:55:51.913 | INFO     | __main__:<module>:1269 - IndexTTS2 API Server - http://0.0.0.0:8002
2026-07-06 23:55:51.914 | INFO     | __main__:<module>:1270 -   WebUI: http://0.0.0.0:8002/
2026-07-06 23:55:51.914 | INFO     | __main__:<module>:1271 -   API:   http://0.0.0.0:8002/docs
2026-07-06 23:55:51.915 | INFO     | __main__:<module>:1272 - Device: auto, FP16: True
2026-07-06 23:55:51.984 | INFO     | __main__:lifespan:707 - Initializing IndexTTS2...
2026-07-06 23:55:51.984 | INFO     | __main__:lifespan:713 - IndexTTS2 initialized successfully (reusing instance from webui_enhanced)
2026-07-06 23:55:51.985 | INFO     | __main__:lifespan:733 - 已加载 4 个音色
2026-07-07 00:11:04.774 | INFO     | __main__:trim_audio_array:226 - Trimmed audio: 9.86s -> 8.03s (removed 1.82s)
2026-07-07 00:11:04.775 | INFO     | __main__:_speech_response_from_payload:1055 - TTS 完成: 83字, queue=0.00s, infer=30.07s, 格式: wav
2026-07-07 00:21:01.732 | INFO     | __main__:lifespan:736 - Shutting down...
2026-07-07 10:01:27.380 | INFO     | __main__:<module>:1269 - IndexTTS2 API Server - http://0.0.0.0:8002
2026-07-07 10:01:27.380 | INFO     | __main__:<module>:1270 -   WebUI: http://0.0.0.0:8002/
2026-07-07 10:01:27.380 | INFO     | __main__:<module>:1271 -   API:   http://0.0.0.0:8002/docs
2026-07-07 10:01:27.380 | INFO     | __main__:<module>:1272 - Device: auto, FP16: True
2026-07-07 10:01:27.684 | INFO     | __main__:lifespan:707 - Initializing IndexTTS2...
2026-07-07 10:01:27.684 | INFO     | __main__:lifespan:713 - IndexTTS2 initialized successfully (reusing instance from webui_enhanced)
2026-07-07 10:01:27.684 | INFO     | __main__:lifespan:733 - 已加载 4 个音色
2026-07-07 10:07:37.940 | INFO     | __main__:upload_speaker:956 - 音色注册成功: spk_7cbfc442 ()
2026-07-07 10:07:51.031 | INFO     | __main__:trim_audio_array:226 - Trimmed audio: 7.69s -> 5.64s (removed 2.04s)
2026-07-07 10:07:51.032 | INFO     | __main__:_speech_response_from_payload:1055 - TTS 完成: 62字, queue=0.00s, infer=11.24s, 格式: wav
2026-07-07 10:08:51.214 | INFO     | __main__:trim_audio_array:226 - Trimmed audio: 10.88s -> 8.68s (removed 2.19s)
2026-07-07 10:08:51.214 | INFO     | __main__:_speech_response_from_payload:1055 - TTS 完成: 70字, queue=0.00s, infer=15.02s, 格式: wav
2026-07-07 10:09:08.729 | INFO     | __main__:trim_audio_array:226 - Trimmed audio: 10.86s -> 8.80s (removed 2.05s)
2026-07-07 10:09:08.730 | INFO     | __main__:_speech_response_from_payload:1055 - TTS 完成: 76字, queue=0.00s, infer=15.51s, 格式: wav
2026-07-07 10:09:24.568 | INFO     | __main__:trim_audio_array:226 - Trimmed audio: 9.98s -> 8.13s (removed 1.86s)
2026-07-07 10:09:24.568 | INFO     | __main__:_speech_response_from_payload:1055 - TTS 完成: 78字, queue=0.00s, infer=14.05s, 格式: wav
2026-07-07 10:09:41.116 | INFO     | __main__:trim_audio_array:226 - Trimmed audio: 10.08s -> 8.45s (removed 1.63s)
2026-07-07 10:09:41.117 | INFO     | __main__:_speech_response_from_payload:1055 - TTS 完成: 83字, queue=0.00s, infer=14.27s, 格式: wav
2026-07-07 10:09:53.850 | INFO     | __main__:trim_audio_array:226 - Trimmed audio: 7.74s -> 5.02s (removed 2.73s)
2026-07-07 10:09:53.850 | INFO     | __main__:_speech_response_from_payload:1055 - TTS 完成: 49字, queue=0.00s, infer=11.01s, 格式: wav
2026-07-07 10:10:08.221 | INFO     | __main__:trim_audio_array:226 - Trimmed audio: 9.14s -> 7.04s (removed 2.10s)
2026-07-07 10:10:08.222 | INFO     | __main__:_speech_response_from_payload:1055 - TTS 完成: 59字, queue=0.00s, infer=12.85s, 格式: wav
2026-07-07 10:10:24.265 | INFO     | __main__:trim_audio_array:226 - Trimmed audio: 10.41s -> 8.06s (removed 2.36s)
2026-07-07 10:10:24.265 | INFO     | __main__:_speech_response_from_payload:1055 - TTS 完成: 70字, queue=0.00s, infer=14.39s, 格式: wav
2026-07-07 10:10:40.749 | INFO     | __main__:trim_audio_array:226 - Trimmed audio: 10.46s -> 8.24s (removed 2.22s)
2026-07-07 10:10:40.750 | INFO     | __main__:_speech_response_from_payload:1055 - TTS 完成: 72字, queue=0.00s, infer=14.50s, 格式: wav
2026-07-07 10:10:58.499 | INFO     | __main__:trim_audio_array:226 - Trimmed audio: 11.30s -> 9.08s (removed 2.22s)
2026-07-07 10:10:58.500 | INFO     | __main__:_speech_response_from_payload:1055 - TTS 完成: 75字, queue=0.00s, infer=16.02s, 格式: wav
2026-07-07 10:11:14.934 | INFO     | __main__:trim_audio_array:226 - Trimmed audio: 10.30s -> 8.34s (removed 1.95s)
2026-07-07 10:11:14.934 | INFO     | __main__:_speech_response_from_payload:1055 - TTS 完成: 72字, queue=0.00s, infer=14.63s, 格式: wav
2026-07-07 10:11:39.197 | INFO     | __main__:trim_audio_array:226 - Trimmed audio: 13.65s -> 10.69s (removed 2.97s)
2026-07-07 10:11:39.198 | INFO     | __main__:_speech_response_from_payload:1055 - TTS 完成: 99字, queue=0.00s, infer=19.30s, 格式: wav
2026-07-07 10:11:53.994 | INFO     | __main__:trim_audio_array:226 - Trimmed audio: 9.06s -> 6.63s (removed 2.42s)
2026-07-07 10:11:53.994 | INFO     | __main__:_speech_response_from_payload:1055 - TTS 完成: 58字, queue=0.00s, infer=12.79s, 格式: wav
2026-07-07 10:12:13.706 | INFO     | __main__:trim_audio_array:226 - Trimmed audio: 12.55s -> 10.33s (removed 2.22s)
2026-07-07 10:12:13.707 | INFO     | __main__:_speech_response_from_payload:1055 - TTS 完成: 85字, queue=0.00s, infer=17.83s, 格式: wav
2026-07-07 10:12:28.741 | INFO     | __main__:trim_audio_array:226 - Trimmed audio: 9.32s -> 6.41s (removed 2.91s)
2026-07-07 10:12:28.741 | INFO     | __main__:_speech_response_from_payload:1055 - TTS 完成: 68字, queue=0.00s, infer=13.11s, 格式: wav
2026-07-07 10:12:45.297 | INFO     | __main__:trim_audio_array:226 - Trimmed audio: 10.52s -> 8.22s (removed 2.30s)
2026-07-07 10:12:45.297 | INFO     | __main__:_speech_response_from_payload:1055 - TTS 完成: 75字, queue=0.00s, infer=14.69s, 格式: wav
2026-07-07 10:13:00.380 | INFO     | __main__:trim_audio_array:226 - Trimmed audio: 9.56s -> 7.13s (removed 2.43s)
2026-07-07 10:13:00.380 | INFO     | __main__:_speech_response_from_payload:1055 - TTS 完成: 51字, queue=0.00s, infer=13.48s, 格式: wav
2026-07-07 10:13:17.612 | INFO     | __main__:trim_audio_array:226 - Trimmed audio: 10.98s -> 8.80s (removed 2.18s)
2026-07-07 10:13:17.612 | INFO     | __main__:_speech_response_from_payload:1055 - TTS 完成: 75字, queue=0.00s, infer=15.36s, 格式: wav
2026-07-07 10:13:30.450 | INFO     | __main__:trim_audio_array:226 - Trimmed audio: 7.58s -> 5.50s (removed 2.08s)
2026-07-07 10:13:30.450 | INFO     | __main__:_speech_response_from_payload:1055 - TTS 完成: 48字, queue=0.00s, infer=11.11s, 格式: wav
2026-07-07 10:13:39.808 | INFO     | __main__:trim_audio_array:226 - Trimmed audio: 4.55s -> 2.91s (removed 1.65s)
2026-07-07 10:13:39.808 | INFO     | __main__:_speech_response_from_payload:1055 - TTS 完成: 30字, queue=0.00s, infer=6.97s, 格式: wav
2026-07-07 10:13:52.191 | INFO     | __main__:trim_audio_array:226 - Trimmed audio: 7.69s -> 5.60s (removed 2.09s)
2026-07-07 10:13:52.191 | INFO     | __main__:_speech_response_from_payload:1055 - TTS 完成: 47字, queue=0.00s, infer=11.06s, 格式: wav
2026-07-07 10:14:14.443 | INFO     | __main__:trim_audio_array:226 - Trimmed audio: 9.96s -> 7.74s (removed 2.22s)
2026-07-07 10:14:14.444 | INFO     | __main__:_speech_response_from_payload:1055 - TTS 完成: 69字, queue=0.00s, infer=13.65s, 格式: wav
2026-07-07 10:14:27.071 | INFO     | __main__:trim_audio_array:226 - Trimmed audio: 7.36s -> 5.71s (removed 1.65s)
2026-07-07 10:14:27.072 | INFO     | __main__:_speech_response_from_payload:1055 - TTS 完成: 57字, queue=0.00s, infer=10.63s, 格式: wav
2026-07-07 10:14:46.106 | INFO     | __main__:trim_audio_array:226 - Trimmed audio: 12.55s -> 9.89s (removed 2.66s)
2026-07-07 10:14:46.107 | INFO     | __main__:_speech_response_from_payload:1055 - TTS 完成: 82字, queue=0.00s, infer=17.46s, 格式: wav
2026-07-07 10:15:00.625 | INFO     | __main__:trim_audio_array:226 - Trimmed audio: 8.38s -> 5.92s (removed 2.46s)
2026-07-07 10:15:00.626 | INFO     | __main__:_speech_response_from_payload:1055 - TTS 完成: 50字, queue=0.00s, infer=12.11s, 格式: wav
2026-07-07 10:15:14.821 | INFO     | __main__:trim_audio_array:226 - Trimmed audio: 8.82s -> 5.64s (removed 3.18s)
2026-07-07 10:15:14.821 | INFO     | __main__:_speech_response_from_payload:1055 - TTS 完成: 54字, queue=0.00s, infer=12.64s, 格式: wav
2026-07-07 10:15:27.144 | INFO     | __main__:trim_audio_array:226 - Trimmed audio: 7.52s -> 5.74s (removed 1.79s)
2026-07-07 10:15:27.145 | INFO     | __main__:_speech_response_from_payload:1055 - TTS 完成: 55字, queue=0.00s, infer=10.70s, 格式: wav
2026-07-07 10:15:35.588 | INFO     | __main__:trim_audio_array:226 - Trimmed audio: 4.11s -> 1.90s (removed 2.21s)
2026-07-07 10:15:35.588 | INFO     | __main__:_speech_response_from_payload:1055 - TTS 完成: 17字, queue=0.00s, infer=6.62s, 格式: wav
2026-07-07 10:15:55.993 | INFO     | __main__:trim_audio_array:226 - Trimmed audio: 13.73s -> 11.68s (removed 2.05s)
2026-07-07 10:15:55.994 | INFO     | __main__:_speech_response_from_payload:1055 - TTS 完成: 90字, queue=0.00s, infer=18.81s, 格式: wav
2026-07-07 10:16:04.906 | INFO     | __main__:trim_audio_array:226 - Trimmed audio: 4.55s -> 2.11s (removed 2.44s)
2026-07-07 10:16:04.907 | INFO     | __main__:_speech_response_from_payload:1055 - TTS 完成: 22字, queue=0.00s, infer=6.93s, 格式: wav
2026-07-07 10:16:20.516 | INFO     | __main__:trim_audio_array:226 - Trimmed audio: 10.18s -> 8.10s (removed 2.08s)
2026-07-07 10:16:20.517 | INFO     | __main__:_speech_response_from_payload:1055 - TTS 完成: 72字, queue=0.00s, infer=14.42s, 格式: wav
2026-07-07 10:16:28.655 | INFO     | __main__:trim_audio_array:226 - Trimmed audio: 4.09s -> 2.23s (removed 1.85s)
2026-07-07 10:16:28.656 | INFO     | __main__:_speech_response_from_payload:1055 - TTS 完成: 19字, queue=0.00s, infer=6.48s, 格式: wav
2026-07-07 10:16:43.550 | INFO     | __main__:trim_audio_array:226 - Trimmed audio: 9.56s -> 7.07s (removed 2.48s)
2026-07-07 10:16:43.550 | INFO     | __main__:_speech_response_from_payload:1055 - TTS 完成: 57字, queue=0.00s, infer=13.62s, 格式: wav
2026-07-07 10:17:00.086 | INFO     | __main__:trim_audio_array:226 - Trimmed audio: 10.52s -> 8.89s (removed 1.63s)
2026-07-07 10:17:00.087 | INFO     | __main__:_speech_response_from_payload:1055 - TTS 完成: 86字, queue=0.00s, infer=14.77s, 格式: wav
2026-07-07 10:17:19.624 | INFO     | __main__:trim_audio_array:226 - Trimmed audio: 11.85s -> 9.17s (removed 2.68s)
2026-07-07 10:17:19.624 | INFO     | __main__:_speech_response_from_payload:1055 - TTS 完成: 88字, queue=0.00s, infer=16.59s, 格式: wav
2026-07-07 10:17:32.813 | INFO     | __main__:trim_audio_array:226 - Trimmed audio: 7.83s -> 5.82s (removed 2.01s)
2026-07-07 10:17:32.814 | INFO     | __main__:_speech_response_from_payload:1055 - TTS 完成: 52字, queue=0.00s, infer=11.22s, 格式: wav
2026-07-07 10:17:47.768 | INFO     | __main__:trim_audio_array:226 - Trimmed audio: 9.40s -> 7.41s (removed 2.00s)
2026-07-07 10:17:47.769 | INFO     | __main__:_speech_response_from_payload:1055 - TTS 完成: 71字, queue=0.00s, infer=13.14s, 格式: wav
2026-07-07 10:17:57.963 | INFO     | __main__:trim_audio_array:226 - Trimmed audio: 5.84s -> 3.72s (removed 2.12s)
2026-07-07 10:17:57.964 | INFO     | __main__:_speech_response_from_payload:1055 - TTS 完成: 32字, queue=0.00s, infer=8.47s, 格式: wav
2026-07-07 10:18:11.256 | INFO     | __main__:trim_audio_array:226 - Trimmed audio: 8.50s -> 6.14s (removed 2.36s)
2026-07-07 10:18:11.257 | INFO     | __main__:_speech_response_from_payload:1055 - TTS 完成: 51字, queue=0.00s, infer=11.90s, 格式: wav
2026-07-07 10:18:27.723 | INFO     | __main__:trim_audio_array:226 - Trimmed audio: 10.62s -> 8.87s (removed 1.75s)
2026-07-07 10:18:27.724 | INFO     | __main__:_speech_response_from_payload:1055 - TTS 完成: 84字, queue=0.00s, infer=14.92s, 格式: wav
2026-07-07 10:18:41.785 | INFO     | __main__:trim_audio_array:226 - Trimmed audio: 8.94s -> 6.90s (removed 2.04s)
2026-07-07 10:18:41.786 | INFO     | __main__:_speech_response_from_payload:1055 - TTS 完成: 69字, queue=0.00s, infer=12.44s, 格式: wav
2026-07-07 10:18:47.538 | INFO     | __main__:trim_audio_array:226 - Trimmed audio: 1.65s -> 0.70s (removed 0.94s)
2026-07-07 10:18:47.538 | INFO     | __main__:_speech_response_from_payload:1055 - TTS 完成: 38字, queue=0.00s, infer=3.72s, 格式: wav
2026-07-07 10:19:01.063 | INFO     | __main__:trim_audio_array:226 - Trimmed audio: 8.84s -> 5.83s (removed 3.01s)
2026-07-07 10:19:01.063 | INFO     | __main__:_speech_response_from_payload:1055 - TTS 完成: 53字, queue=0.00s, infer=12.63s, 格式: wav
2026-07-07 10:19:17.528 | INFO     | __main__:trim_audio_array:226 - Trimmed audio: 9.46s -> 7.30s (removed 2.17s)
2026-07-07 10:19:17.528 | INFO     | __main__:_speech_response_from_payload:1055 - TTS 完成: 70字, queue=0.00s, infer=13.15s, 格式: wav
2026-07-07 10:19:29.354 | INFO     | __main__:trim_audio_array:226 - Trimmed audio: 7.02s -> 4.63s (removed 2.40s)
2026-07-07 10:19:29.355 | INFO     | __main__:_speech_response_from_payload:1055 - TTS 完成: 42字, queue=0.00s, infer=10.15s, 格式: wav
2026-07-07 10:19:43.698 | INFO     | __main__:trim_audio_array:226 - Trimmed audio: 9.00s -> 6.48s (removed 2.52s)
2026-07-07 10:19:43.698 | INFO     | __main__:_speech_response_from_payload:1055 - TTS 完成: 59字, queue=0.00s, infer=12.72s, 格式: wav
2026-07-07 10:19:59.855 | INFO     | __main__:trim_audio_array:226 - Trimmed audio: 10.10s -> 7.66s (removed 2.44s)
2026-07-07 10:19:59.855 | INFO     | __main__:_speech_response_from_payload:1055 - TTS 完成: 64字, queue=0.00s, infer=14.09s, 格式: wav
2026-07-07 10:20:19.582 | INFO     | __main__:trim_audio_array:226 - Trimmed audio: 13.10s -> 11.28s (removed 1.81s)
2026-07-07 10:20:19.583 | INFO     | __main__:_speech_response_from_payload:1055 - TTS 完成: 87字, queue=0.00s, infer=18.06s, 格式: wav
2026-07-07 10:26:48.280 | INFO     | __main__:lifespan:736 - Shutting down...
2026-07-07 10:41:45.852 | INFO     | __main__:<module>:1269 - IndexTTS2 API Server - http://0.0.0.0:8002
2026-07-07 10:41:45.852 | INFO     | __main__:<module>:1270 -   WebUI: http://0.0.0.0:8002/
2026-07-07 10:41:45.852 | INFO     | __main__:<module>:1271 -   API:   http://0.0.0.0:8002/docs
2026-07-07 10:41:45.853 | INFO     | __main__:<module>:1272 - Device: auto, FP16: True
2026-07-07 10:41:45.875 | INFO     | __main__:lifespan:707 - Initializing IndexTTS2...
2026-07-07 10:41:45.875 | INFO     | __main__:lifespan:713 - IndexTTS2 initialized successfully (reusing instance from webui_enhanced)
2026-07-07 10:41:45.876 | INFO     | __main__:lifespan:733 - 已加载 5 个音色
2026-07-07 10:53:06.159 | INFO     | __main__:upload_speaker:956 - 音色注册成功: spk_07c14e8b ()
2026-07-07 10:53:06.881 | ERROR    | __main__:_speech_response_from_payload:1077 - TTS 失败: [Errno 2] No such file or directory: 'C:\\Users\\HPOMNI~1\\AppData\\Local\\Temp\\dubstudio_voice_refs\\ref_seg1_1783421073243_0.11_4.27.wav'
2026-07-07 10:53:14.288 | INFO     | __main__:upload_speaker:956 - 音色注册成功: spk_1573ae81 ()
2026-07-07 10:53:15.043 | ERROR    | __main__:_speech_response_from_payload:1077 - TTS 失败: [Errno 2] No such file or directory: 'C:\\Users\\HPOMNI~1\\AppData\\Local\\Temp\\dubstudio_voice_refs\\ref_seg2_1783421073243_4.85_9.59.wav'
2026-07-07 10:53:21.337 | INFO     | __main__:upload_speaker:956 - 音色注册成功: spk_571cd5b4 ()
2026-07-07 10:53:27.630 | ERROR    | __main__:_speech_response_from_payload:1077 - TTS 失败: [Errno 2] No such file or directory: 'C:\\Users\\HPOMNI~1\\AppData\\Local\\Temp\\dubstudio_voice_refs\\ref_seg3_1783421073243_10.05_11.61.wav'
2026-07-07 10:53:34.368 | INFO     | __main__:upload_speaker:956 - 音色注册成功: spk_9b65b99a ()
2026-07-07 10:53:35.103 | ERROR    | __main__:_speech_response_from_payload:1077 - TTS 失败: [Errno 2] No such file or directory: 'C:\\Users\\HPOMNI~1\\AppData\\Local\\Temp\\dubstudio_voice_refs\\ref_seg4_1783421073243_12.09_17.25.wav'
2026-07-07 10:53:40.151 | INFO     | __main__:upload_speaker:956 - 音色注册成功: spk_cddf6e20 ()
2026-07-07 10:53:40.842 | ERROR    | __main__:_speech_response_from_payload:1077 - TTS 失败: [Errno 2] No such file or directory: 'C:\\Users\\HPOMNI~1\\AppData\\Local\\Temp\\dubstudio_voice_refs\\ref_seg5_1783421073243_17.73_21.25.wav'
2026-07-07 10:55:22.077 | INFO     | __main__:upload_speaker:956 - 音色注册成功: spk_4e30a610 ()
2026-07-07 10:55:32.015 | INFO     | __main__:trim_audio_array:226 - Trimmed audio: 6.39s -> 5.08s (removed 1.31s)
2026-07-07 10:55:32.016 | INFO     | __main__:_speech_response_from_payload:1055 - TTS 完成: 45字, queue=0.00s, infer=9.11s, 格式: wav
2026-07-07 10:55:57.230 | INFO     | __main__:trim_audio_array:226 - Trimmed audio: 7.08s -> 5.96s (removed 1.12s)
2026-07-07 10:55:57.230 | INFO     | __main__:_speech_response_from_payload:1055 - TTS 完成: 49字, queue=0.00s, infer=9.78s, 格式: wav
2026-07-07 10:56:05.894 | INFO     | __main__:trim_audio_array:226 - Trimmed audio: 3.91s -> 1.72s (removed 2.19s)
2026-07-07 10:56:05.894 | INFO     | __main__:_speech_response_from_payload:1055 - TTS 完成: 21字, queue=0.00s, infer=6.24s, 格式: wav
2026-07-07 10:56:18.063 | INFO     | __main__:trim_audio_array:226 - Trimmed audio: 7.60s -> 5.94s (removed 1.66s)
2026-07-07 10:56:18.064 | INFO     | __main__:_speech_response_from_payload:1055 - TTS 完成: 57字, queue=0.00s, infer=10.72s, 格式: wav
2026-07-07 10:56:30.523 | INFO     | __main__:trim_audio_array:226 - Trimmed audio: 6.27s -> 4.06s (removed 2.21s)
2026-07-07 10:56:30.523 | INFO     | __main__:_speech_response_from_payload:1055 - TTS 完成: 40字, queue=0.00s, infer=8.85s, 格式: wav
2026-07-07 10:56:44.818 | INFO     | __main__:trim_audio_array:226 - Trimmed audio: 6.25s -> 4.11s (removed 2.14s)
2026-07-07 10:56:44.818 | INFO     | __main__:_speech_response_from_payload:1055 - TTS 完成: 36字, queue=0.00s, infer=8.76s, 格式: wav
2026-07-07 10:56:58.455 | INFO     | __main__:trim_audio_array:226 - Trimmed audio: 7.91s -> 6.13s (removed 1.78s)
2026-07-07 10:56:58.456 | INFO     | __main__:_speech_response_from_payload:1055 - TTS 完成: 47字, queue=0.00s, infer=11.20s, 格式: wav
2026-07-07 10:57:11.833 | INFO     | __main__:trim_audio_array:226 - Trimmed audio: 8.22s -> 6.08s (removed 2.14s)
2026-07-07 10:57:11.833 | INFO     | __main__:_speech_response_from_payload:1055 - TTS 完成: 46字, queue=0.00s, infer=11.66s, 格式: wav
2026-07-07 10:57:17.556 | INFO     | __main__:trim_audio_array:226 - Trimmed audio: 1.78s -> 0.34s (removed 1.44s)
2026-07-07 10:57:17.557 | INFO     | __main__:_speech_response_from_payload:1055 - TTS 完成: 38字, queue=0.00s, infer=3.83s, 格式: wav
2026-07-07 10:57:31.412 | INFO     | __main__:trim_audio_array:226 - Trimmed audio: 9.28s -> 7.96s (removed 1.32s)
2026-07-07 10:57:31.413 | INFO     | __main__:_speech_response_from_payload:1055 - TTS 完成: 71字, queue=0.00s, infer=12.99s, 格式: wav
2026-07-07 10:57:41.144 | INFO     | __main__:trim_audio_array:226 - Trimmed audio: 5.64s -> 3.90s (removed 1.74s)
2026-07-07 10:57:41.145 | INFO     | __main__:_speech_response_from_payload:1055 - TTS 完成: 35字, queue=0.00s, infer=8.11s, 格式: wav
2026-07-07 10:57:53.849 | INFO     | __main__:trim_audio_array:226 - Trimmed audio: 8.06s -> 5.92s (removed 2.13s)
2026-07-07 10:57:53.850 | INFO     | __main__:_speech_response_from_payload:1055 - TTS 完成: 56字, queue=0.00s, infer=11.27s, 格式: wav
2026-07-07 10:58:06.005 | INFO     | __main__:trim_audio_array:226 - Trimmed audio: 6.91s -> 4.81s (removed 2.10s)
2026-07-07 10:58:06.005 | INFO     | __main__:_speech_response_from_payload:1055 - TTS 完成: 42字, queue=0.00s, infer=10.09s, 格式: wav
2026-07-07 10:58:15.429 | INFO     | __main__:trim_audio_array:226 - Trimmed audio: 4.50s -> 1.93s (removed 2.57s)
2026-07-07 10:58:15.429 | INFO     | __main__:_speech_response_from_payload:1055 - TTS 完成: 21字, queue=0.00s, infer=6.87s, 格式: wav
2026-07-07 10:58:26.530 | INFO     | __main__:trim_audio_array:226 - Trimmed audio: 5.55s -> 3.55s (removed 2.00s)
2026-07-07 10:58:26.530 | INFO     | __main__:_speech_response_from_payload:1055 - TTS 完成: 31字, queue=0.00s, infer=8.10s, 格式: wav
2026-07-07 10:58:35.567 | INFO     | __main__:trim_audio_array:226 - Trimmed audio: 4.95s -> 2.79s (removed 2.15s)
2026-07-07 10:58:35.567 | INFO     | __main__:_speech_response_from_payload:1055 - TTS 完成: 33字, queue=0.00s, infer=7.56s, 格式: wav
2026-07-07 10:58:45.988 | INFO     | __main__:trim_audio_array:226 - Trimmed audio: 6.20s -> 4.25s (removed 1.95s)
2026-07-07 10:58:45.989 | INFO     | __main__:_speech_response_from_payload:1055 - TTS 完成: 41字, queue=0.00s, infer=8.89s, 格式: wav
2026-07-07 10:58:58.230 | INFO     | __main__:trim_audio_array:226 - Trimmed audio: 7.02s -> 5.02s (removed 2.01s)
2026-07-07 10:58:58.231 | INFO     | __main__:_speech_response_from_payload:1055 - TTS 完成: 33字, queue=0.00s, infer=10.12s, 格式: wav
2026-07-07 10:59:09.749 | INFO     | __main__:trim_audio_array:226 - Trimmed audio: 6.63s -> 3.99s (removed 2.64s)
2026-07-07 10:59:09.749 | INFO     | __main__:_speech_response_from_payload:1055 - TTS 完成: 40字, queue=0.00s, infer=9.67s, 格式: wav
2026-07-07 10:59:21.601 | INFO     | __main__:trim_audio_array:226 - Trimmed audio: 7.22s -> 5.29s (removed 1.93s)
2026-07-07 10:59:21.602 | INFO     | __main__:_speech_response_from_payload:1055 - TTS 完成: 45字, queue=0.00s, infer=10.37s, 格式: wav
2026-07-07 10:59:33.634 | INFO     | __main__:trim_audio_array:226 - Trimmed audio: 6.47s -> 3.99s (removed 2.48s)
2026-07-07 10:59:33.635 | INFO     | __main__:_speech_response_from_payload:1055 - TTS 完成: 44字, queue=0.00s, infer=10.46s, 格式: wav
2026-07-07 10:59:48.044 | INFO     | __main__:trim_audio_array:226 - Trimmed audio: 9.08s -> 7.91s (removed 1.17s)
2026-07-07 10:59:48.044 | INFO     | __main__:_speech_response_from_payload:1055 - TTS 完成: 43字, queue=0.00s, infer=12.79s, 格式: wav
2026-07-07 10:59:59.760 | INFO     | __main__:trim_audio_array:226 - Trimmed audio: 6.03s -> 3.74s (removed 2.29s)
2026-07-07 10:59:59.761 | INFO     | __main__:_speech_response_from_payload:1055 - TTS 完成: 42字, queue=0.00s, infer=8.84s, 格式: wav
2026-07-07 11:00:12.390 | INFO     | __main__:trim_audio_array:226 - Trimmed audio: 7.44s -> 4.99s (removed 2.45s)
2026-07-07 11:00:12.390 | INFO     | __main__:_speech_response_from_payload:1055 - TTS 完成: 40字, queue=0.00s, infer=10.95s, 格式: wav
2026-07-07 11:00:26.576 | INFO     | __main__:trim_audio_array:226 - Trimmed audio: 8.80s -> 6.20s (removed 2.60s)
2026-07-07 11:00:26.576 | INFO     | __main__:_speech_response_from_payload:1055 - TTS 完成: 49字, queue=0.00s, infer=12.48s, 格式: wav
2026-07-07 11:00:39.337 | INFO     | __main__:trim_audio_array:226 - Trimmed audio: 7.64s -> 5.19s (removed 2.45s)
2026-07-07 11:00:39.337 | INFO     | __main__:_speech_response_from_payload:1055 - TTS 完成: 53字, queue=0.00s, infer=11.11s, 格式: wav
2026-07-07 11:00:47.949 | INFO     | __main__:trim_audio_array:226 - Trimmed audio: 4.83s -> 2.79s (removed 2.04s)
2026-07-07 11:00:47.950 | INFO     | __main__:_speech_response_from_payload:1055 - TTS 完成: 30字, queue=0.00s, infer=7.14s, 格式: wav
2026-07-07 11:01:00.480 | INFO     | __main__:trim_audio_array:226 - Trimmed audio: 7.66s -> 5.36s (removed 2.30s)
2026-07-07 11:01:00.481 | INFO     | __main__:_speech_response_from_payload:1055 - TTS 完成: 52字, queue=0.00s, infer=11.19s, 格式: wav
2026-07-07 11:01:12.579 | INFO     | __main__:trim_audio_array:226 - Trimmed audio: 7.42s -> 4.85s (removed 2.57s)
2026-07-07 11:01:12.580 | INFO     | __main__:_speech_response_from_payload:1055 - TTS 完成: 43字, queue=0.00s, infer=10.44s, 格式: wav
2026-07-07 11:01:23.977 | INFO     | __main__:trim_audio_array:226 - Trimmed audio: 6.69s -> 4.23s (removed 2.46s)
2026-07-07 11:01:23.977 | INFO     | __main__:_speech_response_from_payload:1055 - TTS 完成: 42字, queue=0.00s, infer=9.65s, 格式: wav
2026-07-07 11:01:34.915 | INFO     | __main__:trim_audio_array:226 - Trimmed audio: 4.78s -> 3.52s (removed 1.27s)
2026-07-07 11:01:34.916 | INFO     | __main__:_speech_response_from_payload:1055 - TTS 完成: 31字, queue=0.00s, infer=7.56s, 格式: wav
2026-07-07 11:01:45.523 | INFO     | __main__:trim_audio_array:226 - Trimmed audio: 6.30s -> 4.53s (removed 1.78s)
2026-07-07 11:01:45.523 | INFO     | __main__:_speech_response_from_payload:1055 - TTS 完成: 41字, queue=0.00s, infer=9.07s, 格式: wav
2026-07-07 11:01:58.744 | INFO     | __main__:trim_audio_array:226 - Trimmed audio: 7.38s -> 5.27s (removed 2.11s)
2026-07-07 11:01:58.744 | INFO     | __main__:_speech_response_from_payload:1055 - TTS 完成: 35字, queue=0.00s, infer=10.48s, 格式: wav
2026-07-07 11:02:11.651 | INFO     | __main__:trim_audio_array:226 - Trimmed audio: 7.13s -> 5.25s (removed 1.88s)
2026-07-07 11:02:11.652 | INFO     | __main__:_speech_response_from_payload:1055 - TTS 完成: 52字, queue=0.00s, infer=10.26s, 格式: wav
2026-07-07 11:02:21.014 | INFO     | __main__:trim_audio_array:226 - Trimmed audio: 5.06s -> 3.18s (removed 1.88s)
2026-07-07 11:02:21.015 | INFO     | __main__:_speech_response_from_payload:1055 - TTS 完成: 32字, queue=0.00s, infer=7.63s, 格式: wav
2026-07-07 11:02:36.202 | INFO     | __main__:trim_audio_array:226 - Trimmed audio: 7.69s -> 7.43s (removed 0.26s)
2026-07-07 11:02:36.202 | INFO     | __main__:_speech_response_from_payload:1055 - TTS 完成: 47字, queue=0.00s, infer=13.27s, 格式: wav
2026-07-07 11:02:49.152 | INFO     | __main__:trim_audio_array:226 - Trimmed audio: 6.20s -> 3.78s (removed 2.41s)
2026-07-07 11:02:49.152 | INFO     | __main__:_speech_response_from_payload:1055 - TTS 完成: 36字, queue=0.00s, infer=9.05s, 格式: wav
2026-07-07 11:03:02.729 | INFO     | __main__:trim_audio_array:226 - Trimmed audio: 7.83s -> 5.90s (removed 1.93s)
2026-07-07 11:03:02.730 | INFO     | __main__:_speech_response_from_payload:1055 - TTS 完成: 56字, queue=0.00s, infer=11.21s, 格式: wav
2026-07-07 11:03:17.160 | INFO     | __main__:trim_audio_array:226 - Trimmed audio: 7.05s -> 4.80s (removed 2.25s)
2026-07-07 11:03:17.160 | INFO     | __main__:_speech_response_from_payload:1055 - TTS 完成: 49字, queue=0.00s, infer=9.99s, 格式: wav
2026-07-07 11:03:31.943 | INFO     | __main__:trim_audio_array:226 - Trimmed audio: 7.99s -> 5.77s (removed 2.21s)
2026-07-07 11:03:31.944 | INFO     | __main__:_speech_response_from_payload:1055 - TTS 完成: 52字, queue=0.00s, infer=11.32s, 格式: wav
2026-07-07 11:03:43.300 | INFO     | __main__:trim_audio_array:226 - Trimmed audio: 6.77s -> 4.67s (removed 2.10s)
2026-07-07 11:03:43.300 | INFO     | __main__:_speech_response_from_payload:1055 - TTS 完成: 44字, queue=0.00s, infer=9.82s, 格式: wav
2026-07-07 11:03:54.168 | INFO     | __main__:trim_audio_array:226 - Trimmed audio: 5.45s -> 3.41s (removed 2.03s)
2026-07-07 11:03:54.169 | INFO     | __main__:_speech_response_from_payload:1055 - TTS 完成: 35字, queue=0.00s, infer=7.97s, 格式: wav
2026-07-07 11:04:09.115 | INFO     | __main__:trim_audio_array:226 - Trimmed audio: 8.86s -> 6.29s (removed 2.57s)
2026-07-07 11:04:09.115 | INFO     | __main__:_speech_response_from_payload:1055 - TTS 完成: 51字, queue=0.00s, infer=12.31s, 格式: wav
2026-07-07 11:04:22.832 | INFO     | __main__:trim_audio_array:226 - Trimmed audio: 8.02s -> 6.01s (removed 2.01s)
2026-07-07 11:04:22.832 | INFO     | __main__:_speech_response_from_payload:1055 - TTS 完成: 51字, queue=0.00s, infer=11.33s, 格式: wav
2026-07-07 11:04:33.589 | INFO     | __main__:trim_audio_array:226 - Trimmed audio: 5.41s -> 4.46s (removed 0.95s)
2026-07-07 11:04:33.589 | INFO     | __main__:_speech_response_from_payload:1055 - TTS 完成: 40字, queue=0.00s, infer=8.28s, 格式: wav
2026-07-07 11:04:44.426 | INFO     | __main__:trim_audio_array:226 - Trimmed audio: 5.33s -> 3.97s (removed 1.36s)
2026-07-07 11:04:44.427 | INFO     | __main__:_speech_response_from_payload:1055 - TTS 完成: 30字, queue=0.00s, infer=8.15s, 格式: wav
2026-07-07 11:04:53.828 | INFO     | __main__:trim_audio_array:226 - Trimmed audio: 5.13s -> 2.87s (removed 2.26s)
2026-07-07 11:04:53.829 | INFO     | __main__:_speech_response_from_payload:1055 - TTS 完成: 35字, queue=0.00s, infer=7.56s, 格式: wav
2026-07-07 11:06:12.053 | INFO     | __main__:trim_audio_array:226 - Trimmed audio: 5.77s -> 3.92s (removed 1.85s)
2026-07-07 11:06:12.054 | INFO     | __main__:_speech_response_from_payload:1055 - TTS 完成: 40字, queue=0.00s, infer=8.26s, 格式: wav
2026-07-07 11:06:22.504 | INFO     | __main__:trim_audio_array:226 - Trimmed audio: 6.08s -> 4.81s (removed 1.27s)
2026-07-07 11:06:22.505 | INFO     | __main__:_speech_response_from_payload:1055 - TTS 完成: 45字, queue=0.00s, infer=8.88s, 格式: wav
2026-07-07 11:06:36.482 | INFO     | __main__:trim_audio_array:226 - Trimmed audio: 8.60s -> 6.40s (removed 2.21s)
2026-07-07 11:06:36.482 | INFO     | __main__:_speech_response_from_payload:1055 - TTS 完成: 47字, queue=0.00s, infer=12.07s, 格式: wav
2026-07-07 11:06:49.431 | INFO     | __main__:trim_audio_array:226 - Trimmed audio: 7.55s -> 6.27s (removed 1.27s)
2026-07-07 11:06:49.431 | INFO     | __main__:_speech_response_from_payload:1055 - TTS 完成: 55字, queue=0.00s, infer=10.83s, 格式: wav
2026-07-07 11:07:07.081 | INFO     | __main__:trim_audio_array:226 - Trimmed audio: 8.70s -> 6.78s (removed 1.92s)
2026-07-07 11:07:07.081 | INFO     | __main__:_speech_response_from_payload:1055 - TTS 完成: 53字, queue=0.00s, infer=12.52s, 格式: wav
2026-07-07 11:07:22.606 | INFO     | __main__:trim_audio_array:226 - Trimmed audio: 6.22s -> 4.19s (removed 2.03s)
2026-07-07 11:07:22.606 | INFO     | __main__:_speech_response_from_payload:1055 - TTS 完成: 41字, queue=0.00s, infer=8.93s, 格式: wav
2026-07-07 11:07:36.017 | INFO     | __main__:trim_audio_array:226 - Trimmed audio: 8.34s -> 4.79s (removed 3.55s)
2026-07-07 11:07:36.018 | INFO     | __main__:_speech_response_from_payload:1055 - TTS 完成: 50字, queue=0.00s, infer=11.81s, 格式: wav
2026-07-07 11:07:57.010 | INFO     | __main__:trim_audio_array:226 - Trimmed audio: 7.78s -> 5.64s (removed 2.14s)
2026-07-07 11:07:57.011 | INFO     | __main__:_speech_response_from_payload:1055 - TTS 完成: 42字, queue=0.00s, infer=10.79s, 格式: wav
2026-07-07 11:08:10.989 | INFO     | __main__:trim_audio_array:226 - Trimmed audio: 7.27s -> 4.79s (removed 2.48s)
2026-07-07 11:08:10.989 | INFO     | __main__:_speech_response_from_payload:1055 - TTS 完成: 44字, queue=0.00s, infer=10.63s, 格式: wav
2026-07-07 11:08:33.242 | INFO     | __main__:trim_audio_array:226 - Trimmed audio: 7.38s -> 6.30s (removed 1.09s)
2026-07-07 11:08:33.243 | INFO     | __main__:_speech_response_from_payload:1055 - TTS 完成: 56字, queue=0.00s, infer=10.48s, 格式: wav
2026-07-07 11:08:50.678 | INFO     | __main__:trim_audio_array:226 - Trimmed audio: 5.69s -> 4.13s (removed 1.56s)
2026-07-07 11:08:50.678 | INFO     | __main__:_speech_response_from_payload:1055 - TTS 完成: 31字, queue=0.00s, infer=8.04s, 格式: wav
2026-07-07 11:09:07.245 | INFO     | __main__:trim_audio_array:226 - Trimmed audio: 10.46s -> 8.48s (removed 1.99s)
2026-07-07 11:09:07.246 | INFO     | __main__:_speech_response_from_payload:1055 - TTS 完成: 76字, queue=0.00s, infer=14.43s, 格式: wav
2026-07-07 11:09:17.766 | INFO     | __main__:trim_audio_array:226 - Trimmed audio: 5.25s -> 4.13s (removed 1.12s)
2026-07-07 11:09:17.766 | INFO     | __main__:_speech_response_from_payload:1055 - TTS 完成: 37字, queue=0.00s, infer=7.86s, 格式: wav
2026-07-07 11:09:26.832 | INFO     | __main__:trim_audio_array:226 - Trimmed audio: 4.70s -> 2.23s (removed 2.47s)
2026-07-07 11:09:26.833 | INFO     | __main__:_speech_response_from_payload:1055 - TTS 完成: 20字, queue=0.00s, infer=7.16s, 格式: wav
2026-07-07 11:09:37.609 | INFO     | __main__:trim_audio_array:226 - Trimmed audio: 5.75s -> 3.58s (removed 2.17s)
2026-07-07 11:09:37.609 | INFO     | __main__:_speech_response_from_payload:1055 - TTS 完成: 38字, queue=0.00s, infer=8.62s, 格式: wav
2026-07-07 11:09:47.690 | INFO     | __main__:trim_audio_array:226 - Trimmed audio: 5.84s -> 3.46s (removed 2.38s)
2026-07-07 11:09:47.690 | INFO     | __main__:_speech_response_from_payload:1055 - TTS 完成: 33字, queue=0.00s, infer=8.58s, 格式: wav
2026-07-07 11:09:59.061 | INFO     | __main__:trim_audio_array:226 - Trimmed audio: 5.94s -> 3.90s (removed 2.04s)
2026-07-07 11:09:59.061 | INFO     | __main__:_speech_response_from_payload:1055 - TTS 完成: 36字, queue=0.00s, infer=8.65s, 格式: wav
2026-07-07 11:10:10.623 | INFO     | __main__:trim_audio_array:226 - Trimmed audio: 6.39s -> 4.25s (removed 2.14s)
2026-07-07 11:10:10.623 | INFO     | __main__:_speech_response_from_payload:1055 - TTS 完成: 44字, queue=0.00s, infer=9.25s, 格式: wav
2026-07-07 11:10:21.516 | INFO     | __main__:trim_audio_array:226 - Trimmed audio: 5.34s -> 3.57s (removed 1.77s)
2026-07-07 11:10:21.516 | INFO     | __main__:_speech_response_from_payload:1055 - TTS 完成: 35字, queue=0.00s, infer=8.07s, 格式: wav
2026-07-07 11:10:33.918 | INFO     | __main__:trim_audio_array:226 - Trimmed audio: 7.66s -> 5.80s (removed 1.86s)
2026-07-07 11:10:33.919 | INFO     | __main__:_speech_response_from_payload:1055 - TTS 完成: 59字, queue=0.00s, infer=10.90s, 格式: wav
2026-07-07 11:10:47.140 | INFO     | __main__:trim_audio_array:226 - Trimmed audio: 7.66s -> 4.97s (removed 2.69s)
2026-07-07 11:10:47.140 | INFO     | __main__:_speech_response_from_payload:1055 - TTS 完成: 34字, queue=0.00s, infer=11.00s, 格式: wav
2026-07-07 11:10:59.378 | INFO     | __main__:trim_audio_array:226 - Trimmed audio: 7.24s -> 5.48s (removed 1.76s)
2026-07-07 11:10:59.378 | INFO     | __main__:_speech_response_from_payload:1055 - TTS 完成: 51字, queue=0.00s, infer=10.51s, 格式: wav
2026-07-07 11:11:16.011 | INFO     | __main__:trim_audio_array:226 - Trimmed audio: 10.63s -> 8.71s (removed 1.93s)
2026-07-07 11:11:16.012 | INFO     | __main__:_speech_response_from_payload:1055 - TTS 完成: 91字, queue=0.00s, infer=14.84s, 格式: wav
2026-07-07 11:11:29.423 | INFO     | __main__:trim_audio_array:226 - Trimmed audio: 7.58s -> 5.44s (removed 2.14s)
2026-07-07 11:11:29.423 | INFO     | __main__:_speech_response_from_payload:1055 - TTS 完成: 44字, queue=0.00s, infer=10.99s, 格式: wav
2026-07-07 11:11:41.492 | INFO     | __main__:trim_audio_array:226 - Trimmed audio: 7.49s -> 6.16s (removed 1.33s)
2026-07-07 11:11:41.493 | INFO     | __main__:_speech_response_from_payload:1055 - TTS 完成: 56字, queue=0.00s, infer=10.58s, 格式: wav
2026-07-07 11:11:54.617 | INFO     | __main__:trim_audio_array:226 - Trimmed audio: 6.78s -> 4.44s (removed 2.35s)
2026-07-07 11:11:54.617 | INFO     | __main__:_speech_response_from_payload:1055 - TTS 完成: 35字, queue=0.00s, infer=9.53s, 格式: wav
2026-07-07 11:12:06.615 | INFO     | __main__:trim_audio_array:226 - Trimmed audio: 6.39s -> 5.32s (removed 1.06s)
2026-07-07 11:12:06.615 | INFO     | __main__:_speech_response_from_payload:1055 - TTS 完成: 42字, queue=0.00s, infer=10.33s, 格式: wav
2026-07-07 11:12:18.047 | INFO     | __main__:trim_audio_array:226 - Trimmed audio: 6.44s -> 4.23s (removed 2.22s)
2026-07-07 11:12:18.048 | INFO     | __main__:_speech_response_from_payload:1055 - TTS 完成: 42字, queue=0.00s, infer=9.33s, 格式: wav
2026-07-07 11:12:32.574 | INFO     | __main__:trim_audio_array:226 - Trimmed audio: 8.28s -> 6.76s (removed 1.52s)
2026-07-07 11:12:32.575 | INFO     | __main__:_speech_response_from_payload:1055 - TTS 完成: 54字, queue=0.00s, infer=11.56s, 格式: wav
2026-07-07 11:12:47.302 | INFO     | __main__:trim_audio_array:226 - Trimmed audio: 8.78s -> 5.25s (removed 3.53s)
2026-07-07 11:12:47.302 | INFO     | __main__:_speech_response_from_payload:1055 - TTS 完成: 36字, queue=0.00s, infer=12.17s, 格式: wav
2026-07-07 11:12:59.823 | INFO     | __main__:trim_audio_array:226 - Trimmed audio: 7.24s -> 5.11s (removed 2.13s)
2026-07-07 11:12:59.823 | INFO     | __main__:_speech_response_from_payload:1055 - TTS 完成: 43字, queue=0.00s, infer=10.79s, 格式: wav
2026-07-07 11:13:11.291 | INFO     | __main__:trim_audio_array:226 - Trimmed audio: 6.77s -> 4.18s (removed 2.59s)
2026-07-07 11:13:11.292 | INFO     | __main__:_speech_response_from_payload:1055 - TTS 完成: 30字, queue=0.00s, infer=9.88s, 格式: wav
2026-07-07 11:13:22.368 | INFO     | __main__:trim_audio_array:226 - Trimmed audio: 6.50s -> 3.78s (removed 2.72s)
2026-07-07 11:13:22.368 | INFO     | __main__:_speech_response_from_payload:1055 - TTS 完成: 44字, queue=0.00s, infer=9.40s, 格式: wav
2026-07-07 11:13:35.537 | INFO     | __main__:trim_audio_array:226 - Trimmed audio: 7.94s -> 5.80s (removed 2.14s)
2026-07-07 11:13:35.538 | INFO     | __main__:_speech_response_from_payload:1055 - TTS 完成: 45字, queue=0.00s, infer=11.57s, 格式: wav
2026-07-07 11:13:45.482 | INFO     | __main__:trim_audio_array:226 - Trimmed audio: 5.64s -> 3.87s (removed 1.78s)
2026-07-07 11:13:45.483 | INFO     | __main__:_speech_response_from_payload:1055 - TTS 完成: 39字, queue=0.00s, infer=8.34s, 格式: wav
2026-07-07 11:13:57.082 | INFO     | __main__:trim_audio_array:226 - Trimmed audio: 6.91s -> 4.95s (removed 1.96s)
2026-07-07 11:13:57.082 | INFO     | __main__:_speech_response_from_payload:1055 - TTS 完成: 49字, queue=0.00s, infer=9.98s, 格式: wav
2026-07-07 11:14:08.859 | INFO     | __main__:trim_audio_array:226 - Trimmed audio: 6.86s -> 4.06s (removed 2.80s)
2026-07-07 11:14:08.859 | INFO     | __main__:_speech_response_from_payload:1055 - TTS 完成: 44字, queue=0.00s, infer=10.07s, 格式: wav
2026-07-07 11:14:21.034 | INFO     | __main__:trim_audio_array:226 - Trimmed audio: 7.34s -> 5.55s (removed 1.79s)
2026-07-07 11:14:21.035 | INFO     | __main__:_speech_response_from_payload:1055 - TTS 完成: 41字, queue=0.00s, infer=10.62s, 格式: wav
2026-07-07 11:14:35.458 | INFO     | __main__:trim_audio_array:226 - Trimmed audio: 8.90s -> 6.33s (removed 2.57s)
2026-07-07 11:14:35.459 | INFO     | __main__:_speech_response_from_payload:1055 - TTS 完成: 45字, queue=0.00s, infer=12.64s, 格式: wav
2026-07-07 11:14:47.509 | INFO     | __main__:trim_audio_array:226 - Trimmed audio: 7.05s -> 5.04s (removed 2.01s)
2026-07-07 11:14:47.510 | INFO     | __main__:_speech_response_from_payload:1055 - TTS 完成: 45字, queue=0.00s, infer=10.15s, 格式: wav
2026-07-07 11:14:59.528 | INFO     | __main__:trim_audio_array:226 - Trimmed audio: 7.02s -> 4.99s (removed 2.04s)
2026-07-07 11:14:59.529 | INFO     | __main__:_speech_response_from_payload:1055 - TTS 完成: 51字, queue=0.00s, infer=10.00s, 格式: wav
2026-07-07 11:15:12.413 | INFO     | __main__:trim_audio_array:226 - Trimmed audio: 7.60s -> 5.66s (removed 1.94s)
2026-07-07 11:15:12.414 | INFO     | __main__:_speech_response_from_payload:1055 - TTS 完成: 52字, queue=0.00s, infer=11.24s, 格式: wav
2026-07-07 11:15:26.029 | INFO     | __main__:trim_audio_array:226 - Trimmed audio: 8.24s -> 6.67s (removed 1.57s)
2026-07-07 11:15:26.030 | INFO     | __main__:_speech_response_from_payload:1055 - TTS 完成: 52字, queue=0.00s, infer=11.87s, 格式: wav
2026-07-07 11:15:38.036 | INFO     | __main__:trim_audio_array:226 - Trimmed audio: 7.05s -> 5.19s (removed 1.86s)
2026-07-07 11:15:38.037 | INFO     | __main__:_speech_response_from_payload:1055 - TTS 完成: 46字, queue=0.00s, infer=10.23s, 格式: wav
2026-07-07 11:15:48.673 | INFO     | __main__:trim_audio_array:226 - Trimmed audio: 6.22s -> 3.87s (removed 2.36s)
2026-07-07 11:15:48.674 | INFO     | __main__:_speech_response_from_payload:1055 - TTS 完成: 38字, queue=0.00s, infer=9.07s, 格式: wav
2026-07-07 11:16:02.098 | INFO     | __main__:trim_audio_array:226 - Trimmed audio: 8.30s -> 6.52s (removed 1.78s)
2026-07-07 11:16:02.099 | INFO     | __main__:_speech_response_from_payload:1055 - TTS 完成: 45字, queue=0.00s, infer=11.82s, 格式: wav
2026-07-07 11:16:12.944 | INFO     | __main__:trim_audio_array:226 - Trimmed audio: 6.20s -> 4.14s (removed 2.06s)
2026-07-07 11:16:12.945 | INFO     | __main__:_speech_response_from_payload:1055 - TTS 完成: 39字, queue=0.00s, infer=9.24s, 格式: wav
2026-07-07 11:16:23.039 | INFO     | __main__:trim_audio_array:226 - Trimmed audio: 5.86s -> 3.88s (removed 1.99s)
2026-07-07 11:16:23.040 | INFO     | __main__:_speech_response_from_payload:1055 - TTS 完成: 38字, queue=0.00s, infer=8.64s, 格式: wav
2026-07-07 11:16:34.725 | INFO     | __main__:trim_audio_array:226 - Trimmed audio: 6.78s -> 4.93s (removed 1.85s)
2026-07-07 11:16:34.726 | INFO     | __main__:_speech_response_from_payload:1055 - TTS 完成: 48字, queue=0.00s, infer=9.90s, 格式: wav
2026-07-07 11:16:47.060 | INFO     | __main__:trim_audio_array:226 - Trimmed audio: 7.38s -> 4.71s (removed 2.67s)
2026-07-07 11:16:47.060 | INFO     | __main__:_speech_response_from_payload:1055 - TTS 完成: 46字, queue=0.00s, infer=10.53s, 格式: wav
2026-07-07 11:16:58.691 | INFO     | __main__:trim_audio_array:226 - Trimmed audio: 6.55s -> 4.02s (removed 2.53s)
2026-07-07 11:16:58.692 | INFO     | __main__:_speech_response_from_payload:1055 - TTS 完成: 36字, queue=0.00s, infer=9.48s, 格式: wav
2026-07-07 11:17:12.105 | INFO     | __main__:trim_audio_array:226 - Trimmed audio: 6.66s -> 4.58s (removed 2.09s)
2026-07-07 11:17:12.106 | INFO     | __main__:_speech_response_from_payload:1055 - TTS 完成: 41字, queue=0.00s, infer=9.70s, 格式: wav
2026-07-07 11:17:17.620 | INFO     | __main__:trim_audio_array:226 - Trimmed audio: 1.87s -> 0.10s (removed 1.77s)
2026-07-07 11:17:17.620 | INFO     | __main__:_speech_response_from_payload:1055 - TTS 完成: 39字, queue=0.00s, infer=3.94s, 格式: wav
2026-07-07 11:17:28.541 | INFO     | __main__:trim_audio_array:226 - Trimmed audio: 6.88s -> 4.44s (removed 2.44s)
2026-07-07 11:17:28.542 | INFO     | __main__:_speech_response_from_payload:1055 - TTS 完成: 46字, queue=0.00s, infer=10.17s, 格式: wav
2026-07-07 11:17:38.783 | INFO     | __main__:trim_audio_array:226 - Trimmed audio: 5.80s -> 3.78s (removed 2.02s)
2026-07-07 11:17:38.784 | INFO     | __main__:_speech_response_from_payload:1055 - TTS 完成: 30字, queue=0.00s, infer=8.72s, 格式: wav
2026-07-07 11:17:52.969 | INFO     | __main__:trim_audio_array:226 - Trimmed audio: 8.54s -> 5.74s (removed 2.81s)
2026-07-07 11:17:52.969 | INFO     | __main__:_speech_response_from_payload:1055 - TTS 完成: 37字, queue=0.00s, infer=12.25s, 格式: wav
2026-07-07 11:18:02.936 | INFO     | __main__:trim_audio_array:226 - Trimmed audio: 5.53s -> 3.53s (removed 2.00s)
2026-07-07 11:18:02.936 | INFO     | __main__:_speech_response_from_payload:1055 - TTS 完成: 31字, queue=0.00s, infer=8.17s, 格式: wav
2026-07-07 11:18:13.837 | INFO     | __main__:trim_audio_array:226 - Trimmed audio: 6.00s -> 3.85s (removed 2.15s)
2026-07-07 11:18:13.837 | INFO     | __main__:_speech_response_from_payload:1055 - TTS 完成: 32字, queue=0.00s, infer=8.92s, 格式: wav
2026-07-07 11:18:25.724 | INFO     | __main__:trim_audio_array:226 - Trimmed audio: 7.13s -> 5.52s (removed 1.60s)
2026-07-07 11:18:25.725 | INFO     | __main__:_speech_response_from_payload:1055 - TTS 完成: 47字, queue=0.00s, infer=10.10s, 格式: wav
2026-07-07 11:18:36.943 | INFO     | __main__:trim_audio_array:226 - Trimmed audio: 6.56s -> 4.27s (removed 2.29s)
2026-07-07 11:18:36.943 | INFO     | __main__:_speech_response_from_payload:1055 - TTS 完成: 40字, queue=0.00s, infer=9.36s, 格式: wav
2026-07-07 11:18:46.049 | INFO     | __main__:trim_audio_array:226 - Trimmed audio: 5.27s -> 2.95s (removed 2.32s)
2026-07-07 11:18:46.050 | INFO     | __main__:_speech_response_from_payload:1055 - TTS 完成: 30字, queue=0.00s, infer=7.75s, 格式: wav
2026-07-07 11:18:55.400 | INFO     | __main__:trim_audio_array:226 - Trimmed audio: 5.55s -> 3.52s (removed 2.03s)
2026-07-07 11:18:55.401 | INFO     | __main__:_speech_response_from_payload:1055 - TTS 完成: 32字, queue=0.00s, infer=8.04s, 格式: wav
2026-07-07 11:19:07.664 | INFO     | __main__:trim_audio_array:226 - Trimmed audio: 7.24s -> 5.81s (removed 1.43s)
2026-07-07 11:19:07.664 | INFO     | __main__:_speech_response_from_payload:1055 - TTS 完成: 45字, queue=0.00s, infer=10.39s, 格式: wav
2026-07-07 11:19:19.137 | INFO     | __main__:trim_audio_array:226 - Trimmed audio: 6.41s -> 4.65s (removed 1.76s)
2026-07-07 11:19:19.138 | INFO     | __main__:_speech_response_from_payload:1055 - TTS 完成: 42字, queue=0.00s, infer=9.36s, 格式: wav
2026-07-07 11:19:29.123 | INFO     | __main__:trim_audio_array:226 - Trimmed audio: 5.69s -> 4.10s (removed 1.59s)
2026-07-07 11:19:29.123 | INFO     | __main__:_speech_response_from_payload:1055 - TTS 完成: 33字, queue=0.00s, infer=8.41s, 格式: wav
2026-07-07 11:19:41.358 | INFO     | __main__:trim_audio_array:226 - Trimmed audio: 6.25s -> 4.27s (removed 1.97s)
2026-07-07 11:19:41.359 | INFO     | __main__:_speech_response_from_payload:1055 - TTS 完成: 35字, queue=0.00s, infer=10.60s, 格式: wav
2026-07-07 11:19:54.298 | INFO     | __main__:trim_audio_array:226 - Trimmed audio: 7.92s -> 5.14s (removed 2.78s)
2026-07-07 11:19:54.299 | INFO     | __main__:_speech_response_from_payload:1055 - TTS 完成: 42字, queue=0.00s, infer=11.19s, 格式: wav
2026-07-07 11:20:06.983 | INFO     | __main__:trim_audio_array:226 - Trimmed audio: 7.86s -> 4.74s (removed 3.12s)
2026-07-07 11:20:06.984 | INFO     | __main__:_speech_response_from_payload:1055 - TTS 完成: 36字, queue=0.00s, infer=10.88s, 格式: wav
2026-07-07 11:20:16.865 | INFO     | __main__:trim_audio_array:226 - Trimmed audio: 5.58s -> 3.72s (removed 1.87s)
2026-07-07 11:20:16.866 | INFO     | __main__:_speech_response_from_payload:1055 - TTS 完成: 31字, queue=0.00s, infer=8.28s, 格式: wav
2026-07-07 11:20:27.234 | INFO     | __main__:trim_audio_array:226 - Trimmed audio: 5.99s -> 4.45s (removed 1.54s)
2026-07-07 11:20:27.235 | INFO     | __main__:_speech_response_from_payload:1055 - TTS 完成: 38字, queue=0.00s, infer=8.83s, 格式: wav
2026-07-07 11:20:39.451 | INFO     | __main__:trim_audio_array:226 - Trimmed audio: 7.38s -> 5.22s (removed 2.16s)
2026-07-07 11:20:39.452 | INFO     | __main__:_speech_response_from_payload:1055 - TTS 完成: 46字, queue=0.00s, infer=10.72s, 格式: wav
2026-07-07 11:20:50.231 | INFO     | __main__:trim_audio_array:226 - Trimmed audio: 6.28s -> 4.37s (removed 1.92s)
2026-07-07 11:20:50.232 | INFO     | __main__:_speech_response_from_payload:1055 - TTS 完成: 35字, queue=0.00s, infer=8.99s, 格式: wav
2026-07-07 11:21:02.418 | INFO     | __main__:trim_audio_array:226 - Trimmed audio: 7.33s -> 5.85s (removed 1.47s)
2026-07-07 11:21:02.419 | INFO     | __main__:_speech_response_from_payload:1055 - TTS 完成: 44字, queue=0.00s, infer=10.41s, 格式: wav
2026-07-07 11:21:14.782 | INFO     | __main__:trim_audio_array:226 - Trimmed audio: 7.44s -> 6.19s (removed 1.26s)
2026-07-07 11:21:14.783 | INFO     | __main__:_speech_response_from_payload:1055 - TTS 完成: 50字, queue=0.00s, infer=10.67s, 格式: wav
2026-07-07 11:21:42.184 | INFO     | __main__:trim_audio_array:226 - Trimmed audio: 7.52s -> 6.32s (removed 1.20s)
2026-07-07 11:21:42.184 | INFO     | __main__:_speech_response_from_payload:1055 - TTS 完成: 54字, queue=0.00s, infer=10.35s, 格式: wav
2026-07-07 11:21:58.631 | INFO     | __main__:trim_audio_array:226 - Trimmed audio: 8.30s -> 6.46s (removed 1.85s)
2026-07-07 11:21:58.632 | INFO     | __main__:_speech_response_from_payload:1055 - TTS 完成: 57字, queue=0.00s, infer=11.82s, 格式: wav
2026-07-07 11:22:17.546 | INFO     | __main__:trim_audio_array:226 - Trimmed audio: 7.28s -> 6.17s (removed 1.11s)
2026-07-07 11:22:17.547 | INFO     | __main__:_speech_response_from_payload:1055 - TTS 完成: 52字, queue=0.00s, infer=10.33s, 格式: wav
2026-07-07 11:22:29.688 | INFO     | __main__:trim_audio_array:226 - Trimmed audio: 7.05s -> 5.30s (removed 1.75s)
2026-07-07 11:22:29.688 | INFO     | __main__:_speech_response_from_payload:1055 - TTS 完成: 48字, queue=0.00s, infer=10.30s, 格式: wav
2026-07-07 11:22:40.778 | INFO     | __main__:trim_audio_array:226 - Trimmed audio: 6.44s -> 4.92s (removed 1.52s)
2026-07-07 11:22:40.778 | INFO     | __main__:_speech_response_from_payload:1055 - TTS 完成: 45字, queue=0.00s, infer=9.34s, 格式: wav
2026-07-07 11:22:47.099 | INFO     | __main__:trim_audio_array:226 - Trimmed audio: 1.75s -> 0.46s (removed 1.30s)
2026-07-07 11:22:47.099 | INFO     | __main__:_speech_response_from_payload:1055 - TTS 完成: 32字, queue=0.00s, infer=4.27s, 格式: wav
2026-07-07 11:22:56.786 | INFO     | __main__:trim_audio_array:226 - Trimmed audio: 5.33s -> 4.10s (removed 1.23s)
2026-07-07 11:22:56.787 | INFO     | __main__:_speech_response_from_payload:1055 - TTS 完成: 32字, queue=0.00s, infer=8.22s, 格式: wav
2026-07-07 11:23:11.540 | INFO     | __main__:trim_audio_array:226 - Trimmed audio: 9.50s -> 7.91s (removed 1.59s)
2026-07-07 11:23:11.540 | INFO     | __main__:_speech_response_from_payload:1055 - TTS 完成: 69字, queue=0.00s, infer=13.15s, 格式: wav
2026-07-07 11:23:22.345 | INFO     | __main__:trim_audio_array:226 - Trimmed audio: 6.28s -> 4.88s (removed 1.40s)
2026-07-07 11:23:22.346 | INFO     | __main__:_speech_response_from_payload:1055 - TTS 完成: 38字, queue=0.00s, infer=8.90s, 格式: wav
2026-07-07 11:23:36.139 | INFO     | __main__:trim_audio_array:226 - Trimmed audio: 7.63s -> 4.88s (removed 2.75s)
2026-07-07 11:23:36.140 | INFO     | __main__:_speech_response_from_payload:1055 - TTS 完成: 46字, queue=0.00s, infer=10.91s, 格式: wav
2026-07-07 11:23:46.556 | INFO     | __main__:trim_audio_array:226 - Trimmed audio: 6.20s -> 3.62s (removed 2.58s)
2026-07-07 11:23:46.556 | INFO     | __main__:_speech_response_from_payload:1055 - TTS 完成: 39字, queue=0.00s, infer=8.90s, 格式: wav
2026-07-07 11:23:58.857 | INFO     | __main__:trim_audio_array:226 - Trimmed audio: 7.56s -> 6.37s (removed 1.19s)
2026-07-07 11:23:58.857 | INFO     | __main__:_speech_response_from_payload:1055 - TTS 完成: 53字, queue=0.00s, infer=10.77s, 格式: wav
2026-07-07 11:24:09.197 | INFO     | __main__:trim_audio_array:226 - Trimmed audio: 5.83s -> 4.61s (removed 1.21s)
2026-07-07 11:24:09.198 | INFO     | __main__:_speech_response_from_payload:1055 - TTS 完成: 40字, queue=0.00s, infer=8.73s, 格式: wav
2026-07-07 11:24:21.323 | INFO     | __main__:trim_audio_array:226 - Trimmed audio: 7.36s -> 4.75s (removed 2.61s)
2026-07-07 11:24:21.323 | INFO     | __main__:_speech_response_from_payload:1055 - TTS 完成: 39字, queue=0.00s, infer=10.63s, 格式: wav
2026-07-07 11:24:32.587 | INFO     | __main__:trim_audio_array:226 - Trimmed audio: 6.69s -> 5.05s (removed 1.64s)
2026-07-07 11:24:32.587 | INFO     | __main__:_speech_response_from_payload:1055 - TTS 完成: 45字, queue=0.00s, infer=9.69s, 格式: wav
2026-07-07 11:24:44.524 | INFO     | __main__:trim_audio_array:226 - Trimmed audio: 7.11s -> 4.98s (removed 2.13s)
2026-07-07 11:24:44.524 | INFO     | __main__:_speech_response_from_payload:1055 - TTS 完成: 52字, queue=0.00s, infer=10.18s, 格式: wav
2026-07-07 11:24:58.469 | INFO     | __main__:trim_audio_array:226 - Trimmed audio: 8.64s -> 7.36s (removed 1.28s)
2026-07-07 11:24:58.470 | INFO     | __main__:_speech_response_from_payload:1055 - TTS 完成: 55字, queue=0.00s, infer=12.22s, 格式: wav
2026-07-07 11:25:10.545 | INFO     | __main__:trim_audio_array:226 - Trimmed audio: 7.05s -> 5.06s (removed 1.99s)
2026-07-07 11:25:10.545 | INFO     | __main__:_speech_response_from_payload:1055 - TTS 完成: 47字, queue=0.00s, infer=10.24s, 格式: wav
2026-07-07 11:25:22.651 | INFO     | __main__:trim_audio_array:226 - Trimmed audio: 6.83s -> 4.48s (removed 2.35s)
2026-07-07 11:25:22.651 | INFO     | __main__:_speech_response_from_payload:1055 - TTS 完成: 36字, queue=0.00s, infer=9.97s, 格式: wav
2026-07-07 11:25:34.966 | INFO     | __main__:trim_audio_array:226 - Trimmed audio: 7.60s -> 6.09s (removed 1.52s)
2026-07-07 11:25:34.966 | INFO     | __main__:_speech_response_from_payload:1055 - TTS 完成: 50字, queue=0.00s, infer=10.80s, 格式: wav
2026-07-07 11:25:47.831 | INFO     | __main__:trim_audio_array:226 - Trimmed audio: 7.70s -> 6.09s (removed 1.61s)
2026-07-07 11:25:47.831 | INFO     | __main__:_speech_response_from_payload:1055 - TTS 完成: 55字, queue=0.00s, infer=10.87s, 格式: wav
2026-07-07 11:25:56.785 | INFO     | __main__:trim_audio_array:226 - Trimmed audio: 4.75s -> 2.79s (removed 1.96s)
2026-07-07 11:25:56.785 | INFO     | __main__:_speech_response_from_payload:1055 - TTS 完成: 26字, queue=0.00s, infer=7.23s, 格式: wav
2026-07-07 11:26:05.158 | INFO     | __main__:trim_audio_array:226 - Trimmed audio: 4.49s -> 2.86s (removed 1.64s)
2026-07-07 11:26:05.158 | INFO     | __main__:_speech_response_from_payload:1055 - TTS 完成: 26字, queue=0.00s, infer=6.95s, 格式: wav
2026-07-07 11:26:17.600 | INFO     | __main__:trim_audio_array:226 - Trimmed audio: 7.77s -> 5.64s (removed 2.13s)
2026-07-07 11:26:17.600 | INFO     | __main__:_speech_response_from_payload:1055 - TTS 完成: 55字, queue=0.00s, infer=10.94s, 格式: wav
2026-07-07 11:26:33.709 | INFO     | __main__:trim_audio_array:226 - Trimmed audio: 9.90s -> 7.41s (removed 2.50s)
2026-07-07 11:26:33.709 | INFO     | __main__:_speech_response_from_payload:1055 - TTS 完成: 53字, queue=0.00s, infer=13.69s, 格式: wav
2026-07-07 11:26:46.340 | INFO     | __main__:trim_audio_array:226 - Trimmed audio: 7.27s -> 5.40s (removed 1.87s)
2026-07-07 11:26:46.341 | INFO     | __main__:_speech_response_from_payload:1055 - TTS 完成: 47字, queue=0.00s, infer=10.68s, 格式: wav
2026-07-07 11:26:56.281 | INFO     | __main__:trim_audio_array:226 - Trimmed audio: 5.36s -> 3.78s (removed 1.58s)
2026-07-07 11:26:56.281 | INFO     | __main__:_speech_response_from_payload:1055 - TTS 完成: 37字, queue=0.00s, infer=8.04s, 格式: wav
2026-07-07 11:27:11.435 | INFO     | __main__:trim_audio_array:226 - Trimmed audio: 7.63s -> 5.99s (removed 1.64s)
2026-07-07 11:27:11.436 | INFO     | __main__:_speech_response_from_payload:1055 - TTS 完成: 50字, queue=0.00s, infer=10.90s, 格式: wav
2026-07-07 11:27:29.657 | INFO     | __main__:trim_audio_array:226 - Trimmed audio: 3.87s -> 1.92s (removed 1.95s)
2026-07-07 11:27:29.658 | INFO     | __main__:_speech_response_from_payload:1055 - TTS 完成: 22字, queue=0.00s, infer=6.11s, 格式: wav
2026-07-07 11:27:43.838 | INFO     | __main__:trim_audio_array:226 - Trimmed audio: 7.78s -> 5.64s (removed 2.14s)
2026-07-07 11:27:43.839 | INFO     | __main__:_speech_response_from_payload:1055 - TTS 完成: 56字, queue=0.00s, infer=11.13s, 格式: wav
2026-07-07 11:28:03.395 | INFO     | __main__:trim_audio_array:226 - Trimmed audio: 4.67s -> 3.21s (removed 1.46s)
2026-07-07 11:28:03.395 | INFO     | __main__:_speech_response_from_payload:1055 - TTS 完成: 27字, queue=0.00s, infer=7.04s, 格式: wav
2026-07-07 11:28:23.133 | INFO     | __main__:trim_audio_array:226 - Trimmed audio: 6.99s -> 5.65s (removed 1.34s)
2026-07-07 11:28:23.134 | INFO     | __main__:_speech_response_from_payload:1055 - TTS 完成: 51字, queue=0.00s, infer=9.87s, 格式: wav
2026-07-07 11:28:40.255 | INFO     | __main__:trim_audio_array:226 - Trimmed audio: 7.16s -> 4.28s (removed 2.89s)
2026-07-07 11:28:40.256 | INFO     | __main__:_speech_response_from_payload:1055 - TTS 完成: 26字, queue=0.00s, infer=10.19s, 格式: wav
2026-07-07 11:28:59.566 | INFO     | __main__:trim_audio_array:226 - Trimmed audio: 9.96s -> 7.22s (removed 2.74s)
2026-07-07 11:28:59.566 | INFO     | __main__:_speech_response_from_payload:1055 - TTS 完成: 58字, queue=0.00s, infer=13.94s, 格式: wav
2026-07-07 11:29:16.316 | INFO     | __main__:trim_audio_array:226 - Trimmed audio: 7.60s -> 5.60s (removed 2.01s)
2026-07-07 11:29:16.316 | INFO     | __main__:_speech_response_from_payload:1055 - TTS 完成: 51字, queue=0.00s, infer=10.93s, 格式: wav
2026-07-07 11:29:29.964 | INFO     | __main__:trim_audio_array:226 - Trimmed audio: 5.41s -> 3.55s (removed 1.86s)
2026-07-07 11:29:29.964 | INFO     | __main__:_speech_response_from_payload:1055 - TTS 完成: 32字, queue=0.00s, infer=8.19s, 格式: wav
2026-07-07 11:29:43.106 | INFO     | __main__:trim_audio_array:226 - Trimmed audio: 7.52s -> 5.50s (removed 2.02s)
2026-07-07 11:29:43.107 | INFO     | __main__:_speech_response_from_payload:1055 - TTS 完成: 53字, queue=0.00s, infer=10.71s, 格式: wav
2026-07-07 11:30:05.945 | INFO     | __main__:trim_audio_array:226 - Trimmed audio: 8.46s -> 5.25s (removed 3.22s)
2026-07-07 11:30:05.946 | INFO     | __main__:_speech_response_from_payload:1055 - TTS 完成: 47字, queue=0.00s, infer=11.58s, 格式: wav
2026-07-07 11:30:38.230 | INFO     | __main__:trim_audio_array:226 - Trimmed audio: 6.91s -> 4.83s (removed 2.08s)
2026-07-07 11:30:38.231 | INFO     | __main__:_speech_response_from_payload:1055 - TTS 完成: 41字, queue=0.00s, infer=9.68s, 格式: wav
2026-07-07 11:30:51.903 | INFO     | __main__:trim_audio_array:226 - Trimmed audio: 6.99s -> 4.37s (removed 2.62s)
2026-07-07 11:30:51.904 | INFO     | __main__:_speech_response_from_payload:1055 - TTS 完成: 37字, queue=0.00s, infer=9.97s, 格式: wav
2026-07-07 11:31:04.214 | INFO     | __main__:trim_audio_array:226 - Trimmed audio: 7.63s -> 5.57s (removed 2.05s)
2026-07-07 11:31:04.215 | INFO     | __main__:_speech_response_from_payload:1055 - TTS 完成: 47字, queue=0.00s, infer=10.92s, 格式: wav
2026-07-07 11:31:16.377 | INFO     | __main__:trim_audio_array:226 - Trimmed audio: 6.99s -> 5.06s (removed 1.93s)
2026-07-07 11:31:16.377 | INFO     | __main__:_speech_response_from_payload:1055 - TTS 完成: 45字, queue=0.00s, infer=10.03s, 格式: wav
2026-07-07 11:31:31.870 | INFO     | __main__:trim_audio_array:226 - Trimmed audio: 6.56s -> 4.23s (removed 2.33s)
2026-07-07 11:31:31.871 | INFO     | __main__:_speech_response_from_payload:1055 - TTS 完成: 36字, queue=0.00s, infer=9.31s, 格式: wav
2026-07-07 11:31:42.922 | INFO     | __main__:trim_audio_array:226 - Trimmed audio: 6.25s -> 4.34s (removed 1.91s)
2026-07-07 11:31:42.923 | INFO     | __main__:_speech_response_from_payload:1055 - TTS 完成: 36字, queue=0.00s, infer=9.10s, 格式: wav
2026-07-07 11:31:54.839 | INFO     | __main__:trim_audio_array:226 - Trimmed audio: 7.27s -> 5.76s (removed 1.51s)
2026-07-07 11:31:54.840 | INFO     | __main__:_speech_response_from_payload:1055 - TTS 完成: 44字, queue=0.00s, infer=10.37s, 格式: wav
2026-07-07 11:32:07.377 | INFO     | __main__:trim_audio_array:226 - Trimmed audio: 7.33s -> 5.31s (removed 2.01s)
2026-07-07 11:32:07.378 | INFO     | __main__:_speech_response_from_payload:1055 - TTS 完成: 48字, queue=0.00s, infer=10.63s, 格式: wav
2026-07-07 11:32:21.954 | INFO     | __main__:trim_audio_array:226 - Trimmed audio: 8.74s -> 6.45s (removed 2.29s)
2026-07-07 11:32:21.954 | INFO     | __main__:_speech_response_from_payload:1055 - TTS 完成: 53字, queue=0.00s, infer=12.07s, 格式: wav
2026-07-07 11:32:34.627 | INFO     | __main__:trim_audio_array:226 - Trimmed audio: 6.47s -> 3.51s (removed 2.96s)
2026-07-07 11:32:34.628 | INFO     | __main__:_speech_response_from_payload:1055 - TTS 完成: 27字, queue=0.00s, infer=9.44s, 格式: wav
2026-07-07 11:32:46.050 | INFO     | __main__:trim_audio_array:226 - Trimmed audio: 6.63s -> 4.78s (removed 1.85s)
2026-07-07 11:32:46.050 | INFO     | __main__:_speech_response_from_payload:1055 - TTS 完成: 45字, queue=0.00s, infer=9.71s, 格式: wav
2026-07-07 11:33:07.193 | INFO     | __main__:trim_audio_array:226 - Trimmed audio: 13.90s -> 11.44s (removed 2.46s)
2026-07-07 11:33:07.194 | INFO     | __main__:_speech_response_from_payload:1055 - TTS 完成: 104字, queue=0.00s, infer=18.88s, 格式: wav
2026-07-07 11:33:13.597 | INFO     | __main__:_speech_response_from_payload:1055 - TTS 完成: 40字, queue=0.00s, infer=3.94s, 格式: wav
2026-07-07 11:33:26.016 | INFO     | __main__:trim_audio_array:226 - Trimmed audio: 7.94s -> 5.60s (removed 2.35s)
2026-07-07 11:33:26.016 | INFO     | __main__:_speech_response_from_payload:1055 - TTS 完成: 48字, queue=0.00s, infer=11.29s, 格式: wav
2026-07-07 11:33:34.180 | INFO     | __main__:trim_audio_array:226 - Trimmed audio: 4.19s -> 1.98s (removed 2.21s)
2026-07-07 11:33:34.181 | INFO     | __main__:_speech_response_from_payload:1055 - TTS 完成: 22字, queue=0.00s, infer=6.52s, 格式: wav
2026-07-07 11:33:45.471 | INFO     | __main__:trim_audio_array:226 - Trimmed audio: 6.91s -> 4.38s (removed 2.53s)
2026-07-07 11:33:45.471 | INFO     | __main__:_speech_response_from_payload:1055 - TTS 完成: 42字, queue=0.00s, infer=9.97s, 格式: wav
2026-07-07 11:33:57.657 | INFO     | __main__:trim_audio_array:226 - Trimmed audio: 7.42s -> 5.40s (removed 2.02s)
2026-07-07 11:33:57.658 | INFO     | __main__:_speech_response_from_payload:1055 - TTS 完成: 39字, queue=0.00s, infer=10.50s, 格式: wav
2026-07-07 11:34:10.801 | INFO     | __main__:trim_audio_array:226 - Trimmed audio: 7.99s -> 4.57s (removed 3.41s)
2026-07-07 11:34:10.802 | INFO     | __main__:_speech_response_from_payload:1055 - TTS 完成: 49字, queue=0.00s, infer=11.12s, 格式: wav
2026-07-07 11:34:25.806 | INFO     | __main__:trim_audio_array:226 - Trimmed audio: 9.38s -> 7.73s (removed 1.65s)
2026-07-07 11:34:25.807 | INFO     | __main__:_speech_response_from_payload:1055 - TTS 完成: 38字, queue=0.00s, infer=13.36s, 格式: wav
2026-07-07 11:34:37.504 | INFO     | __main__:trim_audio_array:226 - Trimmed audio: 6.39s -> 2.90s (removed 3.48s)
2026-07-07 11:34:37.505 | INFO     | __main__:_speech_response_from_payload:1055 - TTS 完成: 26字, queue=0.00s, infer=9.26s, 格式: wav
2026-07-07 11:34:49.355 | INFO     | __main__:trim_audio_array:226 - Trimmed audio: 6.30s -> 5.31s (removed 0.99s)
2026-07-07 11:34:49.355 | INFO     | __main__:_speech_response_from_payload:1055 - TTS 完成: 46字, queue=0.00s, infer=8.86s, 格式: wav
2026-07-07 11:35:00.620 | INFO     | __main__:trim_audio_array:226 - Trimmed audio: 6.75s -> 4.64s (removed 2.10s)
2026-07-07 11:35:00.620 | INFO     | __main__:_speech_response_from_payload:1055 - TTS 完成: 49字, queue=0.00s, infer=9.46s, 格式: wav
2026-07-07 11:35:14.008 | INFO     | __main__:trim_audio_array:226 - Trimmed audio: 7.14s -> 4.95s (removed 2.19s)
2026-07-07 11:35:14.009 | INFO     | __main__:_speech_response_from_payload:1055 - TTS 完成: 41字, queue=0.00s, infer=10.01s, 格式: wav
2026-07-07 11:35:27.029 | INFO     | __main__:trim_audio_array:226 - Trimmed audio: 7.44s -> 5.27s (removed 2.17s)
2026-07-07 11:35:27.029 | INFO     | __main__:_speech_response_from_payload:1055 - TTS 完成: 42字, queue=0.00s, infer=10.71s, 格式: wav
2026-07-07 11:35:39.077 | INFO     | __main__:trim_audio_array:226 - Trimmed audio: 7.00s -> 4.50s (removed 2.50s)
2026-07-07 11:35:39.077 | INFO     | __main__:_speech_response_from_payload:1055 - TTS 完成: 41字, queue=0.00s, infer=10.20s, 格式: wav
2026-07-07 11:35:52.405 | INFO     | __main__:trim_audio_array:226 - Trimmed audio: 7.92s -> 5.82s (removed 2.09s)
2026-07-07 11:35:52.405 | INFO     | __main__:_speech_response_from_payload:1055 - TTS 完成: 49字, queue=0.00s, infer=11.34s, 格式: wav
2026-07-07 11:35:58.514 | INFO     | __main__:trim_audio_array:226 - Trimmed audio: 1.64s -> 0.30s (removed 1.34s)
2026-07-07 11:35:58.514 | INFO     | __main__:_speech_response_from_payload:1055 - TTS 完成: 42字, queue=0.00s, infer=3.66s, 格式: wav
2026-07-07 11:36:11.732 | INFO     | __main__:trim_audio_array:226 - Trimmed audio: 8.38s -> 5.86s (removed 2.52s)
2026-07-07 11:36:11.733 | INFO     | __main__:_speech_response_from_payload:1055 - TTS 完成: 46字, queue=0.00s, infer=12.07s, 格式: wav
2026-07-07 11:36:25.418 | INFO     | __main__:trim_audio_array:226 - Trimmed audio: 8.02s -> 6.15s (removed 1.87s)
2026-07-07 11:36:25.419 | INFO     | __main__:_speech_response_from_payload:1055 - TTS 完成: 56字, queue=0.00s, infer=11.39s, 格式: wav
2026-07-07 11:36:36.863 | INFO     | __main__:trim_audio_array:226 - Trimmed audio: 6.44s -> 4.74s (removed 1.70s)
2026-07-07 11:36:36.863 | INFO     | __main__:_speech_response_from_payload:1055 - TTS 完成: 40字, queue=0.00s, infer=9.36s, 格式: wav
2026-07-07 11:36:48.547 | INFO     | __main__:trim_audio_array:226 - Trimmed audio: 6.33s -> 4.39s (removed 1.94s)
2026-07-07 11:36:48.547 | INFO     | __main__:_speech_response_from_payload:1055 - TTS 完成: 39字, queue=0.00s, infer=9.11s, 格式: wav
2026-07-07 11:36:58.504 | INFO     | __main__:trim_audio_array:226 - Trimmed audio: 5.33s -> 4.05s (removed 1.28s)
2026-07-07 11:36:58.504 | INFO     | __main__:_speech_response_from_payload:1055 - TTS 完成: 37字, queue=0.00s, infer=8.19s, 格式: wav
2026-07-07 11:37:09.602 | INFO     | __main__:trim_audio_array:226 - Trimmed audio: 5.92s -> 4.04s (removed 1.88s)
2026-07-07 11:37:09.602 | INFO     | __main__:_speech_response_from_payload:1055 - TTS 完成: 42字, queue=0.00s, infer=8.64s, 格式: wav
2026-07-07 11:37:20.263 | INFO     | __main__:trim_audio_array:226 - Trimmed audio: 6.05s -> 4.76s (removed 1.28s)
2026-07-07 11:37:20.263 | INFO     | __main__:_speech_response_from_payload:1055 - TTS 完成: 44字, queue=0.00s, infer=8.87s, 格式: wav
2026-07-07 11:37:33.063 | INFO     | __main__:trim_audio_array:226 - Trimmed audio: 7.49s -> 5.91s (removed 1.58s)
2026-07-07 11:37:33.063 | INFO     | __main__:_speech_response_from_payload:1055 - TTS 完成: 46字, queue=0.00s, infer=10.72s, 格式: wav
2026-07-07 11:37:44.529 | INFO     | __main__:trim_audio_array:226 - Trimmed audio: 6.55s -> 4.64s (removed 1.90s)
2026-07-07 11:37:44.530 | INFO     | __main__:_speech_response_from_payload:1055 - TTS 完成: 45字, queue=0.00s, infer=9.45s, 格式: wav
2026-07-07 11:38:03.045 | INFO     | __main__:trim_audio_array:226 - Trimmed audio: 10.88s -> 8.66s (removed 2.22s)
2026-07-07 11:38:03.045 | INFO     | __main__:_speech_response_from_payload:1055 - TTS 完成: 52字, queue=0.00s, infer=15.18s, 格式: wav
2026-07-07 11:38:12.347 | INFO     | __main__:trim_audio_array:226 - Trimmed audio: 4.41s -> 1.97s (removed 2.44s)
2026-07-07 11:38:12.348 | INFO     | __main__:_speech_response_from_payload:1055 - TTS 完成: 24字, queue=0.00s, infer=7.04s, 格式: wav
2026-07-07 11:38:18.705 | INFO     | __main__:trim_audio_array:226 - Trimmed audio: 2.07s -> 0.30s (removed 1.76s)
2026-07-07 11:38:18.705 | INFO     | __main__:_speech_response_from_payload:1055 - TTS 完成: 63字, queue=0.00s, infer=4.28s, 格式: wav
2026-07-07 11:38:30.181 | INFO     | __main__:trim_audio_array:226 - Trimmed audio: 7.02s -> 5.04s (removed 1.99s)
2026-07-07 11:38:30.181 | INFO     | __main__:_speech_response_from_payload:1055 - TTS 完成: 56字, queue=0.00s, infer=10.37s, 格式: wav
2026-07-07 11:38:38.443 | INFO     | __main__:trim_audio_array:226 - Trimmed audio: 2.23s -> 0.49s (removed 1.74s)
2026-07-07 11:38:38.444 | INFO     | __main__:_speech_response_from_payload:1055 - TTS 完成: 41字, queue=0.00s, infer=4.29s, 格式: wav
2026-07-07 11:38:47.826 | INFO     | __main__:trim_audio_array:226 - Trimmed audio: 5.45s -> 3.46s (removed 1.99s)
2026-07-07 11:38:47.826 | INFO     | __main__:_speech_response_from_payload:1055 - TTS 完成: 33字, queue=0.00s, infer=8.12s, 格式: wav
2026-07-07 11:39:01.201 | INFO     | __main__:trim_audio_array:226 - Trimmed audio: 8.02s -> 6.01s (removed 2.01s)
2026-07-07 11:39:01.201 | INFO     | __main__:_speech_response_from_payload:1055 - TTS 完成: 53字, queue=0.00s, infer=11.53s, 格式: wav
2026-07-07 11:39:16.357 | INFO     | __main__:trim_audio_array:226 - Trimmed audio: 8.34s -> 6.20s (removed 2.14s)
2026-07-07 11:39:16.357 | INFO     | __main__:_speech_response_from_payload:1055 - TTS 完成: 59字, queue=0.00s, infer=11.72s, 格式: wav
2026-07-07 11:39:29.892 | INFO     | __main__:trim_audio_array:226 - Trimmed audio: 6.97s -> 4.78s (removed 2.18s)
2026-07-07 11:39:29.893 | INFO     | __main__:_speech_response_from_payload:1055 - TTS 完成: 48字, queue=0.00s, infer=10.36s, 格式: wav
2026-07-07 11:39:47.835 | INFO     | __main__:trim_audio_array:226 - Trimmed audio: 11.27s -> 9.28s (removed 1.99s)
2026-07-07 11:39:47.835 | INFO     | __main__:_speech_response_from_payload:1055 - TTS 完成: 94字, queue=0.00s, infer=15.69s, 格式: wav
2026-07-07 11:40:01.150 | INFO     | __main__:trim_audio_array:226 - Trimmed audio: 5.86s -> 4.23s (removed 1.64s)
2026-07-07 11:40:01.150 | INFO     | __main__:_speech_response_from_payload:1055 - TTS 完成: 41字, queue=0.00s, infer=8.78s, 格式: wav
2026-07-07 11:40:14.514 | INFO     | __main__:trim_audio_array:226 - Trimmed audio: 7.78s -> 6.60s (removed 1.18s)
2026-07-07 11:40:14.515 | INFO     | __main__:_speech_response_from_payload:1055 - TTS 完成: 61字, queue=0.00s, infer=11.12s, 格式: wav
2026-07-07 11:40:28.104 | INFO     | __main__:trim_audio_array:226 - Trimmed audio: 7.66s -> 6.44s (removed 1.23s)
2026-07-07 11:40:28.105 | INFO     | __main__:_speech_response_from_payload:1055 - TTS 完成: 66字, queue=0.00s, infer=11.14s, 格式: wav
2026-07-07 11:40:38.876 | INFO     | __main__:trim_audio_array:226 - Trimmed audio: 7.44s -> 5.48s (removed 1.96s)
2026-07-07 11:40:38.877 | INFO     | __main__:_speech_response_from_payload:1055 - TTS 完成: 49字, queue=6.17s, infer=10.76s, 格式: wav
2026-07-07 11:40:49.698 | INFO     | __main__:trim_audio_array:226 - Trimmed audio: 7.44s -> 5.55s (removed 1.89s)
2026-07-07 11:40:49.698 | INFO     | __main__:_speech_response_from_payload:1055 - TTS 完成: 64字, queue=6.51s, infer=10.80s, 格式: wav
2026-07-07 11:40:55.877 | INFO     | __main__:trim_audio_array:226 - Trimmed audio: 3.89s -> 1.70s (removed 2.19s)
2026-07-07 11:40:55.878 | INFO     | __main__:_speech_response_from_payload:1055 - TTS 完成: 21字, queue=8.88s, infer=6.17s, 格式: wav
2026-07-07 11:41:02.693 | INFO     | __main__:trim_audio_array:226 - Trimmed audio: 4.27s -> 2.25s (removed 2.02s)
2026-07-07 11:41:02.693 | INFO     | __main__:_speech_response_from_payload:1055 - TTS 完成: 17字, queue=4.27s, infer=6.81s, 格式: wav
2026-07-07 11:41:15.247 | INFO     | __main__:trim_audio_array:226 - Trimmed audio: 8.78s -> 6.87s (removed 1.90s)
2026-07-07 11:41:15.248 | INFO     | __main__:_speech_response_from_payload:1055 - TTS 完成: 57字, queue=4.45s, infer=12.53s, 格式: wav
2026-07-07 11:41:27.989 | INFO     | __main__:_speech_response_from_payload:1055 - TTS 完成: 40字, queue=0.00s, infer=7.90s, 格式: wav
2026-07-07 11:41:39.850 | INFO     | __main__:trim_audio_array:226 - Trimmed audio: 6.58s -> 4.55s (removed 2.03s)
2026-07-07 11:41:39.851 | INFO     | __main__:_speech_response_from_payload:1055 - TTS 完成: 36字, queue=0.00s, infer=10.07s, 格式: wav
2026-07-07 11:41:53.652 | INFO     | __main__:trim_audio_array:226 - Trimmed audio: 7.96s -> 6.69s (removed 1.28s)
2026-07-07 11:41:53.652 | INFO     | __main__:_speech_response_from_payload:1055 - TTS 完成: 47字, queue=0.00s, infer=11.39s, 格式: wav
2026-07-07 11:42:05.936 | INFO     | __main__:trim_audio_array:226 - Trimmed audio: 6.92s -> 4.78s (removed 2.14s)
2026-07-07 11:42:05.936 | INFO     | __main__:_speech_response_from_payload:1055 - TTS 完成: 46字, queue=0.00s, infer=10.43s, 格式: wav
2026-07-07 11:42:18.007 | INFO     | __main__:trim_audio_array:226 - Trimmed audio: 6.69s -> 4.88s (removed 1.81s)
2026-07-07 11:42:18.007 | INFO     | __main__:_speech_response_from_payload:1055 - TTS 完成: 38字, queue=0.00s, infer=9.93s, 格式: wav
2026-07-07 11:42:31.399 | INFO     | __main__:trim_audio_array:226 - Trimmed audio: 8.28s -> 6.55s (removed 1.73s)
2026-07-07 11:42:31.399 | INFO     | __main__:_speech_response_from_payload:1055 - TTS 完成: 71字, queue=0.00s, infer=11.85s, 格式: wav
2026-07-07 11:42:39.261 | INFO     | __main__:trim_audio_array:226 - Trimmed audio: 2.29s -> 0.46s (removed 1.82s)
2026-07-07 11:42:39.261 | INFO     | __main__:_speech_response_from_payload:1055 - TTS 完成: 35字, queue=0.00s, infer=4.83s, 格式: wav
2026-07-07 11:42:51.563 | INFO     | __main__:trim_audio_array:226 - Trimmed audio: 7.66s -> 5.22s (removed 2.44s)
2026-07-07 11:42:51.564 | INFO     | __main__:_speech_response_from_payload:1055 - TTS 完成: 56字, queue=0.00s, infer=11.25s, 格式: wav
2026-07-07 11:43:03.026 | INFO     | __main__:trim_audio_array:226 - Trimmed audio: 6.13s -> 3.83s (removed 2.30s)
2026-07-07 11:43:03.027 | INFO     | __main__:_speech_response_from_payload:1055 - TTS 完成: 42字, queue=0.00s, infer=9.29s, 格式: wav
2026-07-07 11:43:13.393 | INFO     | __main__:trim_audio_array:226 - Trimmed audio: 4.37s -> 2.91s (removed 1.46s)
2026-07-07 11:43:13.393 | INFO     | __main__:_speech_response_from_payload:1055 - TTS 完成: 21字, queue=0.00s, infer=7.13s, 格式: wav
2026-07-07 11:43:20.486 | INFO     | __main__:trim_audio_array:226 - Trimmed audio: 2.14s -> 0.56s (removed 1.58s)
2026-07-07 11:43:20.486 | INFO     | __main__:_speech_response_from_payload:1055 - TTS 完成: 31字, queue=0.00s, infer=4.75s, 格式: wav
2026-07-07 11:43:32.274 | INFO     | __main__:trim_audio_array:226 - Trimmed audio: 5.84s -> 3.62s (removed 2.22s)
2026-07-07 11:43:32.274 | INFO     | __main__:_speech_response_from_payload:1055 - TTS 完成: 33字, queue=0.00s, infer=8.57s, 格式: wav
2026-07-07 11:43:44.213 | INFO     | __main__:trim_audio_array:226 - Trimmed audio: 6.20s -> 3.85s (removed 2.35s)
2026-07-07 11:43:44.214 | INFO     | __main__:_speech_response_from_payload:1055 - TTS 完成: 41字, queue=0.00s, infer=9.55s, 格式: wav
2026-07-07 11:43:55.382 | INFO     | __main__:trim_audio_array:226 - Trimmed audio: 5.83s -> 4.22s (removed 1.61s)
2026-07-07 11:43:55.383 | INFO     | __main__:_speech_response_from_payload:1055 - TTS 完成: 33字, queue=0.00s, infer=8.68s, 格式: wav
2026-07-07 11:44:05.847 | INFO     | __main__:trim_audio_array:226 - Trimmed audio: 6.08s -> 3.95s (removed 2.14s)
2026-07-07 11:44:05.848 | INFO     | __main__:_speech_response_from_payload:1055 - TTS 完成: 40字, queue=0.00s, infer=9.08s, 格式: wav
2026-07-07 11:44:18.939 | INFO     | __main__:trim_audio_array:226 - Trimmed audio: 7.80s -> 5.76s (removed 2.04s)
2026-07-07 11:44:18.940 | INFO     | __main__:_speech_response_from_payload:1055 - TTS 完成: 45字, queue=0.00s, infer=11.05s, 格式: wav
2026-07-07 11:44:30.404 | INFO     | __main__:trim_audio_array:226 - Trimmed audio: 6.05s -> 4.19s (removed 1.86s)
2026-07-07 11:44:30.404 | INFO     | __main__:_speech_response_from_payload:1055 - TTS 完成: 44字, queue=0.00s, infer=8.96s, 格式: wav
2026-07-07 11:44:43.203 | INFO     | __main__:trim_audio_array:226 - Trimmed audio: 7.19s -> 4.49s (removed 2.70s)
2026-07-07 11:44:43.204 | INFO     | __main__:_speech_response_from_payload:1055 - TTS 完成: 43字, queue=0.00s, infer=10.41s, 格式: wav
2026-07-07 11:44:56.596 | INFO     | __main__:trim_audio_array:226 - Trimmed audio: 6.33s -> 3.88s (removed 2.45s)
2026-07-07 11:44:56.596 | INFO     | __main__:_speech_response_from_payload:1055 - TTS 完成: 42字, queue=0.00s, infer=9.13s, 格式: wav
2026-07-07 11:45:08.425 | INFO     | __main__:trim_audio_array:226 - Trimmed audio: 6.84s -> 4.43s (removed 2.41s)
2026-07-07 11:45:08.425 | INFO     | __main__:_speech_response_from_payload:1055 - TTS 完成: 40字, queue=0.00s, infer=9.91s, 格式: wav
2026-07-07 11:45:20.729 | INFO     | __main__:trim_audio_array:226 - Trimmed audio: 7.00s -> 5.52s (removed 1.48s)
2026-07-07 11:45:20.730 | INFO     | __main__:_speech_response_from_payload:1055 - TTS 完成: 49字, queue=0.00s, infer=10.15s, 格式: wav
2026-07-07 11:45:33.601 | INFO     | __main__:trim_audio_array:226 - Trimmed audio: 6.77s -> 4.83s (removed 1.94s)
2026-07-07 11:45:33.601 | INFO     | __main__:_speech_response_from_payload:1055 - TTS 完成: 53字, queue=0.00s, infer=9.92s, 格式: wav
2026-07-07 11:45:43.161 | INFO     | __main__:trim_audio_array:226 - Trimmed audio: 5.19s -> 3.09s (removed 2.10s)
2026-07-07 11:45:43.161 | INFO     | __main__:_speech_response_from_payload:1055 - TTS 完成: 30字, queue=0.00s, infer=7.73s, 格式: wav
2026-07-07 11:45:57.329 | INFO     | __main__:trim_audio_array:226 - Trimmed audio: 8.82s -> 6.83s (removed 1.99s)
2026-07-07 11:45:57.330 | INFO     | __main__:_speech_response_from_payload:1055 - TTS 完成: 52字, queue=0.00s, infer=12.31s, 格式: wav
2026-07-07 11:46:10.425 | INFO     | __main__:trim_audio_array:226 - Trimmed audio: 6.39s -> 4.32s (removed 2.07s)
2026-07-07 11:46:10.426 | INFO     | __main__:_speech_response_from_payload:1055 - TTS 完成: 43字, queue=0.00s, infer=9.51s, 格式: wav
2026-07-07 11:46:22.090 | INFO     | __main__:trim_audio_array:226 - Trimmed audio: 6.50s -> 3.81s (removed 2.69s)
2026-07-07 11:46:22.090 | INFO     | __main__:_speech_response_from_payload:1055 - TTS 完成: 42字, queue=0.00s, infer=9.58s, 格式: wav
2026-07-07 11:46:31.090 | INFO     | __main__:trim_audio_array:226 - Trimmed audio: 4.89s -> 2.38s (removed 2.51s)
2026-07-07 11:46:31.090 | INFO     | __main__:_speech_response_from_payload:1055 - TTS 完成: 31字, queue=0.00s, infer=7.47s, 格式: wav
2026-07-07 11:46:46.063 | INFO     | __main__:trim_audio_array:226 - Trimmed audio: 7.22s -> 4.50s (removed 2.72s)
2026-07-07 11:46:46.063 | INFO     | __main__:_speech_response_from_payload:1055 - TTS 完成: 41字, queue=0.00s, infer=10.46s, 格式: wav
2026-07-07 11:46:56.739 | INFO     | __main__:trim_audio_array:226 - Trimmed audio: 6.33s -> 3.95s (removed 2.37s)
2026-07-07 11:46:56.739 | INFO     | __main__:_speech_response_from_payload:1055 - TTS 完成: 35字, queue=0.00s, infer=9.04s, 格式: wav
2026-07-07 11:47:08.257 | INFO     | __main__:trim_audio_array:226 - Trimmed audio: 6.92s -> 5.57s (removed 1.34s)
2026-07-07 11:47:08.258 | INFO     | __main__:_speech_response_from_payload:1055 - TTS 完成: 52字, queue=0.00s, infer=10.08s, 格式: wav
2026-07-07 11:47:18.497 | INFO     | __main__:trim_audio_array:226 - Trimmed audio: 5.33s -> 3.20s (removed 2.12s)
2026-07-07 11:47:18.498 | INFO     | __main__:_speech_response_from_payload:1055 - TTS 完成: 32字, queue=0.00s, infer=8.13s, 格式: wav
2026-07-07 11:47:30.563 | INFO     | __main__:trim_audio_array:226 - Trimmed audio: 7.27s -> 5.30s (removed 1.97s)
2026-07-07 11:47:30.564 | INFO     | __main__:_speech_response_from_payload:1055 - TTS 完成: 47字, queue=0.00s, infer=10.65s, 格式: wav
2026-07-07 11:47:43.678 | INFO     | __main__:trim_audio_array:226 - Trimmed audio: 5.70s -> 3.60s (removed 2.10s)
2026-07-07 11:47:43.678 | INFO     | __main__:_speech_response_from_payload:1055 - TTS 完成: 36字, queue=0.00s, infer=8.73s, 格式: wav
2026-07-07 11:47:57.826 | INFO     | __main__:trim_audio_array:226 - Trimmed audio: 7.19s -> 5.56s (removed 1.62s)
2026-07-07 11:47:57.826 | INFO     | __main__:_speech_response_from_payload:1055 - TTS 完成: 56字, queue=0.00s, infer=10.62s, 格式: wav
2026-07-07 11:48:10.065 | INFO     | __main__:trim_audio_array:226 - Trimmed audio: 6.94s -> 5.04s (removed 1.90s)
2026-07-07 11:48:10.065 | INFO     | __main__:_speech_response_from_payload:1055 - TTS 完成: 49字, queue=0.00s, infer=10.09s, 格式: wav
2026-07-07 11:48:32.403 | INFO     | __main__:trim_audio_array:226 - Trimmed audio: 9.38s -> 6.43s (removed 2.95s)
2026-07-07 11:48:32.403 | INFO     | __main__:_speech_response_from_payload:1055 - TTS 完成: 52字, queue=0.00s, infer=12.93s, 格式: wav
2026-07-07 11:48:45.405 | INFO     | __main__:trim_audio_array:226 - Trimmed audio: 7.02s -> 5.00s (removed 2.02s)
2026-07-07 11:48:45.406 | INFO     | __main__:_speech_response_from_payload:1055 - TTS 完成: 44字, queue=0.00s, infer=10.18s, 格式: wav
2026-07-07 11:48:57.665 | INFO     | __main__:trim_audio_array:226 - Trimmed audio: 5.47s -> 3.37s (removed 2.10s)
2026-07-07 11:48:57.666 | INFO     | __main__:_speech_response_from_payload:1055 - TTS 完成: 35字, queue=0.00s, infer=8.28s, 格式: wav
2026-07-07 11:49:13.346 | INFO     | __main__:trim_audio_array:226 - Trimmed audio: 9.56s -> 7.16s (removed 2.40s)
2026-07-07 11:49:13.346 | INFO     | __main__:_speech_response_from_payload:1055 - TTS 完成: 51字, queue=0.00s, infer=13.15s, 格式: wav
2026-07-07 11:49:35.401 | INFO     | __main__:trim_audio_array:226 - Trimmed audio: 7.42s -> 5.54s (removed 1.88s)
2026-07-07 11:49:35.401 | INFO     | __main__:_speech_response_from_payload:1055 - TTS 完成: 51字, queue=0.00s, infer=10.28s, 格式: wav
2026-07-07 11:49:44.902 | INFO     | __main__:trim_audio_array:226 - Trimmed audio: 5.41s -> 3.94s (removed 1.47s)
2026-07-07 11:49:44.903 | INFO     | __main__:_speech_response_from_payload:1055 - TTS 完成: 40字, queue=0.00s, infer=8.00s, 格式: wav
2026-07-07 11:49:54.494 | INFO     | __main__:trim_audio_array:226 - Trimmed audio: 5.42s -> 3.11s (removed 2.31s)
2026-07-07 11:49:54.495 | INFO     | __main__:_speech_response_from_payload:1055 - TTS 完成: 30字, queue=0.00s, infer=8.16s, 格式: wav
2026-07-07 11:50:03.679 | INFO     | __main__:trim_audio_array:226 - Trimmed audio: 5.27s -> 3.30s (removed 1.97s)
2026-07-07 11:50:03.680 | INFO     | __main__:_speech_response_from_payload:1055 - TTS 完成: 35字, queue=0.00s, infer=7.83s, 格式: wav
2026-07-07 11:50:14.862 | INFO     | __main__:trim_audio_array:226 - Trimmed audio: 6.41s -> 4.34s (removed 2.07s)
2026-07-07 11:50:14.862 | INFO     | __main__:_speech_response_from_payload:1055 - TTS 完成: 40字, queue=0.00s, infer=9.66s, 格式: wav
2026-07-07 11:50:27.996 | INFO     | __main__:trim_audio_array:226 - Trimmed audio: 6.41s -> 5.11s (removed 1.30s)
2026-07-07 11:50:27.997 | INFO     | __main__:_speech_response_from_payload:1055 - TTS 完成: 45字, queue=0.00s, infer=9.55s, 格式: wav
2026-07-07 11:50:46.060 | INFO     | __main__:trim_audio_array:226 - Trimmed audio: 8.86s -> 6.71s (removed 2.15s)
2026-07-07 11:50:46.060 | INFO     | __main__:_speech_response_from_payload:1055 - TTS 完成: 47字, queue=0.00s, infer=12.76s, 格式: wav
2026-07-07 11:50:59.552 | INFO     | __main__:trim_audio_array:226 - Trimmed audio: 7.94s -> 5.60s (removed 2.35s)
2026-07-07 11:50:59.552 | INFO     | __main__:_speech_response_from_payload:1055 - TTS 完成: 55字, queue=0.00s, infer=11.59s, 格式: wav
2026-07-07 11:51:12.484 | INFO     | __main__:trim_audio_array:226 - Trimmed audio: 7.96s -> 5.76s (removed 2.21s)
2026-07-07 11:51:12.484 | INFO     | __main__:_speech_response_from_payload:1055 - TTS 完成: 53字, queue=0.00s, infer=11.26s, 格式: wav
2026-07-07 11:51:22.746 | INFO     | __main__:trim_audio_array:226 - Trimmed audio: 5.91s -> 4.04s (removed 1.87s)
2026-07-07 11:51:22.746 | INFO     | __main__:_speech_response_from_payload:1055 - TTS 完成: 41字, queue=0.00s, infer=8.59s, 格式: wav
2026-07-07 11:51:35.974 | INFO     | __main__:trim_audio_array:226 - Trimmed audio: 8.10s -> 6.25s (removed 1.86s)
2026-07-07 11:51:35.974 | INFO     | __main__:_speech_response_from_payload:1055 - TTS 完成: 50字, queue=0.00s, infer=11.73s, 格式: wav
2026-07-07 11:51:47.765 | INFO     | __main__:trim_audio_array:226 - Trimmed audio: 6.66s -> 4.60s (removed 2.06s)
2026-07-07 11:51:47.766 | INFO     | __main__:_speech_response_from_payload:1055 - TTS 完成: 42字, queue=0.00s, infer=9.98s, 格式: wav
2026-07-07 11:51:58.903 | INFO     | __main__:trim_audio_array:226 - Trimmed audio: 6.63s -> 5.31s (removed 1.32s)
2026-07-07 11:51:58.904 | INFO     | __main__:_speech_response_from_payload:1055 - TTS 完成: 44字, queue=0.00s, infer=9.62s, 格式: wav
2026-07-07 11:52:12.511 | INFO     | __main__:trim_audio_array:226 - Trimmed audio: 8.22s -> 5.90s (removed 2.32s)
2026-07-07 11:52:12.511 | INFO     | __main__:_speech_response_from_payload:1055 - TTS 完成: 56字, queue=0.00s, infer=11.88s, 格式: wav
2026-07-07 11:52:23.022 | INFO     | __main__:trim_audio_array:226 - Trimmed audio: 4.81s -> 3.07s (removed 1.74s)
2026-07-07 11:52:23.022 | INFO     | __main__:_speech_response_from_payload:1055 - TTS 完成: 31字, queue=0.00s, infer=7.41s, 格式: wav
2026-07-07 11:52:37.704 | INFO     | __main__:trim_audio_array:226 - Trimmed audio: 9.38s -> 7.52s (removed 1.86s)
2026-07-07 11:52:37.704 | INFO     | __main__:_speech_response_from_payload:1055 - TTS 完成: 76字, queue=0.00s, infer=13.27s, 格式: wav
2026-07-07 11:52:48.431 | INFO     | __main__:trim_audio_array:226 - Trimmed audio: 5.45s -> 3.53s (removed 1.92s)
2026-07-07 11:52:48.431 | INFO     | __main__:_speech_response_from_payload:1055 - TTS 完成: 37字, queue=0.00s, infer=8.18s, 格式: wav
2026-07-07 11:52:55.210 | INFO     | __main__:trim_audio_array:226 - Trimmed audio: 2.67s -> 0.52s (removed 2.15s)
2026-07-07 11:52:55.211 | INFO     | __main__:_speech_response_from_payload:1055 - TTS 完成: 20字, queue=0.00s, infer=4.88s, 格式: wav
2026-07-07 11:53:04.536 | INFO     | __main__:trim_audio_array:226 - Trimmed audio: 5.49s -> 3.65s (removed 1.84s)
2026-07-07 11:53:04.537 | INFO     | __main__:_speech_response_from_payload:1055 - TTS 完成: 38字, queue=0.00s, infer=8.35s, 格式: wav
2026-07-07 11:53:15.440 | INFO     | __main__:trim_audio_array:226 - Trimmed audio: 5.75s -> 3.78s (removed 1.96s)
2026-07-07 11:53:15.441 | INFO     | __main__:_speech_response_from_payload:1055 - TTS 完成: 33字, queue=0.00s, infer=8.42s, 格式: wav
2026-07-07 11:53:27.225 | INFO     | __main__:trim_audio_array:226 - Trimmed audio: 5.45s -> 3.02s (removed 2.43s)
2026-07-07 11:53:27.225 | INFO     | __main__:_speech_response_from_payload:1055 - TTS 完成: 36字, queue=0.00s, infer=8.08s, 格式: wav
2026-07-07 11:53:40.037 | INFO     | __main__:trim_audio_array:226 - Trimmed audio: 6.14s -> 4.34s (removed 1.80s)
2026-07-07 11:53:40.038 | INFO     | __main__:_speech_response_from_payload:1055 - TTS 完成: 44字, queue=0.00s, infer=9.22s, 格式: wav
2026-07-07 11:53:58.498 | INFO     | __main__:trim_audio_array:226 - Trimmed audio: 5.36s -> 4.04s (removed 1.32s)
2026-07-07 11:53:58.498 | INFO     | __main__:_speech_response_from_payload:1055 - TTS 完成: 35字, queue=0.00s, infer=8.00s, 格式: wav
2026-07-07 11:54:14.793 | INFO     | __main__:trim_audio_array:226 - Trimmed audio: 8.30s -> 6.15s (removed 2.15s)
2026-07-07 11:54:14.794 | INFO     | __main__:_speech_response_from_payload:1055 - TTS 完成: 59字, queue=0.00s, infer=11.93s, 格式: wav
2026-07-07 11:54:28.444 | INFO     | __main__:trim_audio_array:226 - Trimmed audio: 6.64s -> 4.27s (removed 2.37s)
2026-07-07 11:54:28.445 | INFO     | __main__:_speech_response_from_payload:1055 - TTS 完成: 34字, queue=0.00s, infer=9.71s, 格式: wav
2026-07-07 11:54:41.423 | INFO     | __main__:trim_audio_array:226 - Trimmed audio: 6.78s -> 4.76s (removed 2.02s)
2026-07-07 11:54:41.424 | INFO     | __main__:_speech_response_from_payload:1055 - TTS 完成: 51字, queue=0.00s, infer=10.04s, 格式: wav
2026-07-07 11:55:00.440 | INFO     | __main__:trim_audio_array:226 - Trimmed audio: 11.13s -> 8.36s (removed 2.77s)
2026-07-07 11:55:00.440 | INFO     | __main__:_speech_response_from_payload:1055 - TTS 完成: 91字, queue=0.00s, infer=15.89s, 格式: wav
2026-07-07 11:55:11.905 | INFO     | __main__:trim_audio_array:226 - Trimmed audio: 6.03s -> 3.92s (removed 2.10s)
2026-07-07 11:55:11.905 | INFO     | __main__:_speech_response_from_payload:1055 - TTS 完成: 44字, queue=0.00s, infer=8.88s, 格式: wav
2026-07-07 11:55:26.477 | INFO     | __main__:trim_audio_array:226 - Trimmed audio: 8.28s -> 6.08s (removed 2.19s)
2026-07-07 11:55:26.478 | INFO     | __main__:_speech_response_from_payload:1055 - TTS 完成: 56字, queue=0.00s, infer=11.60s, 格式: wav
2026-07-07 11:55:36.904 | INFO     | __main__:trim_audio_array:226 - Trimmed audio: 6.06s -> 4.04s (removed 2.02s)
2026-07-07 11:55:36.905 | INFO     | __main__:_speech_response_from_payload:1055 - TTS 完成: 35字, queue=0.00s, infer=8.89s, 格式: wav
2026-07-07 11:55:42.081 | INFO     | __main__:trim_audio_array:226 - Trimmed audio: 1.61s -> 0.49s (removed 1.13s)
2026-07-07 11:55:42.081 | INFO     | __main__:_speech_response_from_payload:1055 - TTS 完成: 42字, queue=0.00s, infer=3.65s, 格式: wav
2026-07-07 11:55:47.650 | INFO     | __main__:trim_audio_array:226 - Trimmed audio: 2.64s -> 0.37s (removed 2.26s)
2026-07-07 11:55:47.651 | INFO     | __main__:_speech_response_from_payload:1055 - TTS 完成: 42字, queue=0.00s, infer=4.69s, 格式: wav
2026-07-07 11:56:00.892 | INFO     | __main__:trim_audio_array:226 - Trimmed audio: 8.36s -> 6.44s (removed 1.92s)
2026-07-07 11:56:00.893 | INFO     | __main__:_speech_response_from_payload:1055 - TTS 完成: 54字, queue=0.00s, infer=12.10s, 格式: wav
2026-07-07 11:56:12.601 | INFO     | __main__:trim_audio_array:226 - Trimmed audio: 6.86s -> 3.72s (removed 3.15s)
2026-07-07 11:56:12.602 | INFO     | __main__:_speech_response_from_payload:1055 - TTS 完成: 36字, queue=0.00s, infer=10.11s, 格式: wav
2026-07-07 11:56:26.100 | INFO     | __main__:trim_audio_array:226 - Trimmed audio: 7.27s -> 4.90s (removed 2.37s)
2026-07-07 11:56:26.101 | INFO     | __main__:_speech_response_from_payload:1055 - TTS 完成: 43字, queue=0.00s, infer=11.32s, 格式: wav
2026-07-07 11:56:38.871 | INFO     | __main__:trim_audio_array:226 - Trimmed audio: 7.16s -> 4.85s (removed 2.31s)
2026-07-07 11:56:38.871 | INFO     | __main__:_speech_response_from_payload:1055 - TTS 完成: 30字, queue=0.00s, infer=10.41s, 格式: wav
2026-07-07 11:56:55.535 | INFO     | __main__:trim_audio_array:226 - Trimmed audio: 7.66s -> 5.55s (removed 2.11s)
2026-07-07 11:56:55.536 | INFO     | __main__:_speech_response_from_payload:1055 - TTS 完成: 44字, queue=0.00s, infer=10.79s, 格式: wav
2026-07-07 11:57:07.681 | INFO     | __main__:trim_audio_array:226 - Trimmed audio: 6.99s -> 4.97s (removed 2.02s)
2026-07-07 11:57:07.681 | INFO     | __main__:_speech_response_from_payload:1055 - TTS 完成: 45字, queue=0.00s, infer=10.34s, 格式: wav
2026-07-07 11:57:20.670 | INFO     | __main__:trim_audio_array:226 - Trimmed audio: 6.41s -> 4.50s (removed 1.91s)
2026-07-07 11:57:20.670 | INFO     | __main__:_speech_response_from_payload:1055 - TTS 完成: 39字, queue=0.00s, infer=8.97s, 格式: wav
2026-07-07 11:57:38.212 | INFO     | __main__:trim_audio_array:226 - Trimmed audio: 9.38s -> 6.83s (removed 2.55s)
2026-07-07 11:57:38.213 | INFO     | __main__:_speech_response_from_payload:1055 - TTS 完成: 49字, queue=0.00s, infer=13.14s, 格式: wav
2026-07-07 11:57:56.280 | INFO     | __main__:trim_audio_array:226 - Trimmed audio: 8.14s -> 5.64s (removed 2.50s)
2026-07-07 11:57:56.280 | INFO     | __main__:_speech_response_from_payload:1055 - TTS 完成: 44字, queue=0.00s, infer=11.29s, 格式: wav
2026-07-07 11:58:07.476 | INFO     | __main__:trim_audio_array:226 - Trimmed audio: 6.70s -> 4.81s (removed 1.89s)
2026-07-07 11:58:07.477 | INFO     | __main__:_speech_response_from_payload:1055 - TTS 完成: 41字, queue=0.00s, infer=9.70s, 格式: wav
2026-07-07 11:58:19.375 | INFO     | __main__:trim_audio_array:226 - Trimmed audio: 7.00s -> 4.92s (removed 2.08s)
2026-07-07 11:58:19.376 | INFO     | __main__:_speech_response_from_payload:1055 - TTS 完成: 45字, queue=0.00s, infer=10.24s, 格式: wav
2026-07-07 11:58:31.339 | INFO     | __main__:trim_audio_array:226 - Trimmed audio: 7.05s -> 5.69s (removed 1.36s)
2026-07-07 11:58:31.339 | INFO     | __main__:_speech_response_from_payload:1055 - TTS 完成: 45字, queue=0.00s, infer=10.19s, 格式: wav
2026-07-07 11:58:36.755 | INFO     | __main__:trim_audio_array:226 - Trimmed audio: 1.43s -> 0.31s (removed 1.12s)
2026-07-07 11:58:36.755 | INFO     | __main__:_speech_response_from_payload:1055 - TTS 完成: 51字, queue=0.00s, infer=3.66s, 格式: wav
2026-07-07 11:58:50.259 | INFO     | __main__:trim_audio_array:226 - Trimmed audio: 8.66s -> 5.26s (removed 3.40s)
2026-07-07 11:58:50.260 | INFO     | __main__:_speech_response_from_payload:1055 - TTS 完成: 52字, queue=0.00s, infer=12.45s, 格式: wav
2026-07-07 11:59:04.650 | INFO     | __main__:trim_audio_array:226 - Trimmed audio: 8.08s -> 5.99s (removed 2.09s)
2026-07-07 11:59:04.651 | INFO     | __main__:_speech_response_from_payload:1055 - TTS 完成: 52字, queue=0.00s, infer=11.67s, 格式: wav
2026-07-07 11:59:24.149 | INFO     | __main__:trim_audio_array:226 - Trimmed audio: 6.80s -> 4.88s (removed 1.93s)
2026-07-07 11:59:24.149 | INFO     | __main__:_speech_response_from_payload:1055 - TTS 完成: 46字, queue=0.00s, infer=9.88s, 格式: wav
2026-07-07 11:59:34.140 | INFO     | __main__:trim_audio_array:226 - Trimmed audio: 5.39s -> 4.18s (removed 1.21s)
2026-07-07 11:59:34.140 | INFO     | __main__:_speech_response_from_payload:1055 - TTS 完成: 38字, queue=0.00s, infer=8.30s, 格式: wav
2026-07-07 11:59:46.044 | INFO     | __main__:trim_audio_array:226 - Trimmed audio: 7.16s -> 4.97s (removed 2.19s)
2026-07-07 11:59:46.045 | INFO     | __main__:_speech_response_from_payload:1055 - TTS 完成: 45字, queue=0.00s, infer=10.40s, 格式: wav
2026-07-07 11:59:57.295 | INFO     | __main__:trim_audio_array:226 - Trimmed audio: 6.64s -> 4.53s (removed 2.11s)
2026-07-07 11:59:57.296 | INFO     | __main__:_speech_response_from_payload:1055 - TTS 完成: 39字, queue=0.00s, infer=9.73s, 格式: wav
2026-07-07 12:00:06.819 | INFO     | __main__:trim_audio_array:226 - Trimmed audio: 5.53s -> 3.73s (removed 1.80s)
2026-07-07 12:00:06.819 | INFO     | __main__:_speech_response_from_payload:1055 - TTS 完成: 38字, queue=0.00s, infer=8.18s, 格式: wav
2026-07-07 12:00:18.246 | INFO     | __main__:trim_audio_array:226 - Trimmed audio: 6.75s -> 4.83s (removed 1.92s)
2026-07-07 12:00:18.246 | INFO     | __main__:_speech_response_from_payload:1055 - TTS 完成: 48字, queue=0.00s, infer=10.06s, 格式: wav
2026-07-07 12:00:29.391 | INFO     | __main__:trim_audio_array:226 - Trimmed audio: 6.50s -> 4.76s (removed 1.74s)
2026-07-07 12:00:29.391 | INFO     | __main__:_speech_response_from_payload:1055 - TTS 完成: 46字, queue=0.00s, infer=9.64s, 格式: wav
2026-07-07 12:00:39.311 | INFO     | __main__:trim_audio_array:226 - Trimmed audio: 5.75s -> 3.78s (removed 1.96s)
2026-07-07 12:00:39.312 | INFO     | __main__:_speech_response_from_payload:1055 - TTS 完成: 36字, queue=0.00s, infer=8.45s, 格式: wav
2026-07-07 12:00:51.643 | INFO     | __main__:trim_audio_array:226 - Trimmed audio: 7.14s -> 4.64s (removed 2.50s)
2026-07-07 12:00:51.644 | INFO     | __main__:_speech_response_from_payload:1055 - TTS 完成: 41字, queue=0.00s, infer=10.45s, 格式: wav
2026-07-07 12:01:01.815 | INFO     | __main__:trim_audio_array:226 - Trimmed audio: 5.77s -> 3.92s (removed 1.85s)
2026-07-07 12:01:01.816 | INFO     | __main__:_speech_response_from_payload:1055 - TTS 完成: 39字, queue=0.00s, infer=8.63s, 格式: wav
2026-07-07 12:01:18.500 | INFO     | __main__:trim_audio_array:226 - Trimmed audio: 10.88s -> 8.87s (removed 2.01s)
2026-07-07 12:01:18.500 | INFO     | __main__:_speech_response_from_payload:1055 - TTS 完成: 46字, queue=0.00s, infer=14.96s, 格式: wav
2026-07-07 12:01:28.756 | INFO     | __main__:trim_audio_array:226 - Trimmed audio: 5.20s -> 3.01s (removed 2.20s)
2026-07-07 12:01:28.756 | INFO     | __main__:_speech_response_from_payload:1055 - TTS 完成: 30字, queue=0.00s, infer=7.88s, 格式: wav
2026-07-07 12:01:40.364 | INFO     | __main__:trim_audio_array:226 - Trimmed audio: 6.80s -> 4.78s (removed 2.02s)
2026-07-07 12:01:40.364 | INFO     | __main__:_speech_response_from_payload:1055 - TTS 完成: 37字, queue=0.00s, infer=10.13s, 格式: wav
2026-07-07 12:01:50.750 | INFO     | __main__:trim_audio_array:226 - Trimmed audio: 4.86s -> 3.20s (removed 1.66s)
2026-07-07 12:01:50.750 | INFO     | __main__:_speech_response_from_payload:1055 - TTS 完成: 31字, queue=0.00s, infer=7.61s, 格式: wav
2026-07-07 12:02:00.940 | INFO     | __main__:trim_audio_array:226 - Trimmed audio: 5.77s -> 3.73s (removed 2.04s)
2026-07-07 12:02:00.941 | INFO     | __main__:_speech_response_from_payload:1055 - TTS 完成: 32字, queue=0.00s, infer=8.76s, 格式: wav
2026-07-07 12:02:13.683 | INFO     | __main__:trim_audio_array:226 - Trimmed audio: 7.47s -> 5.25s (removed 2.21s)
2026-07-07 12:02:13.683 | INFO     | __main__:_speech_response_from_payload:1055 - TTS 完成: 47字, queue=0.00s, infer=11.16s, 格式: wav
2026-07-07 12:02:23.946 | INFO     | __main__:trim_audio_array:226 - Trimmed audio: 5.41s -> 3.50s (removed 1.91s)
2026-07-07 12:02:23.947 | INFO     | __main__:_speech_response_from_payload:1055 - TTS 完成: 40字, queue=0.00s, infer=8.55s, 格式: wav
2026-07-07 12:02:33.842 | INFO     | __main__:trim_audio_array:226 - Trimmed audio: 5.28s -> 4.02s (removed 1.27s)
2026-07-07 12:02:33.842 | INFO     | __main__:_speech_response_from_payload:1055 - TTS 完成: 30字, queue=0.00s, infer=8.05s, 格式: wav
2026-07-07 12:02:43.687 | INFO     | __main__:trim_audio_array:226 - Trimmed audio: 5.53s -> 3.26s (removed 2.27s)
2026-07-07 12:02:43.688 | INFO     | __main__:_speech_response_from_payload:1055 - TTS 完成: 32字, queue=0.00s, infer=8.22s, 格式: wav
2026-07-07 12:02:55.880 | INFO     | __main__:trim_audio_array:226 - Trimmed audio: 6.92s -> 4.57s (removed 2.35s)
2026-07-07 12:02:55.881 | INFO     | __main__:_speech_response_from_payload:1055 - TTS 完成: 45字, queue=0.00s, infer=10.61s, 格式: wav
2026-07-07 12:03:08.364 | INFO     | __main__:trim_audio_array:226 - Trimmed audio: 7.55s -> 5.85s (removed 1.69s)
2026-07-07 12:03:08.364 | INFO     | __main__:_speech_response_from_payload:1055 - TTS 完成: 42字, queue=0.00s, infer=10.97s, 格式: wav
2026-07-07 12:03:19.237 | INFO     | __main__:trim_audio_array:226 - Trimmed audio: 5.34s -> 3.37s (removed 1.97s)
2026-07-07 12:03:19.237 | INFO     | __main__:_speech_response_from_payload:1055 - TTS 完成: 33字, queue=0.00s, infer=8.05s, 格式: wav
2026-07-07 12:03:30.948 | INFO     | __main__:trim_audio_array:226 - Trimmed audio: 5.17s -> 3.37s (removed 1.80s)
2026-07-07 12:03:30.949 | INFO     | __main__:_speech_response_from_payload:1055 - TTS 完成: 35字, queue=0.00s, infer=7.98s, 格式: wav
2026-07-07 12:03:44.653 | INFO     | __main__:trim_audio_array:226 - Trimmed audio: 7.00s -> 4.85s (removed 2.15s)
2026-07-07 12:03:44.653 | INFO     | __main__:_speech_response_from_payload:1055 - TTS 完成: 42字, queue=0.00s, infer=10.41s, 格式: wav
2026-07-07 12:03:56.741 | INFO     | __main__:trim_audio_array:226 - Trimmed audio: 6.72s -> 4.90s (removed 1.82s)
2026-07-07 12:03:56.742 | INFO     | __main__:_speech_response_from_payload:1055 - TTS 完成: 36字, queue=0.00s, infer=9.98s, 格式: wav
2026-07-07 12:04:06.742 | INFO     | __main__:trim_audio_array:226 - Trimmed audio: 5.47s -> 3.53s (removed 1.94s)
2026-07-07 12:04:06.743 | INFO     | __main__:_speech_response_from_payload:1055 - TTS 完成: 31字, queue=0.00s, infer=8.22s, 格式: wav
2026-07-07 12:04:21.325 | INFO     | __main__:trim_audio_array:226 - Trimmed audio: 9.08s -> 5.74s (removed 3.34s)
2026-07-07 12:04:21.326 | INFO     | __main__:_speech_response_from_payload:1055 - TTS 完成: 38字, queue=0.00s, infer=13.08s, 格式: wav
2026-07-07 12:04:37.288 | INFO     | __main__:trim_audio_array:226 - Trimmed audio: 8.24s -> 5.53s (removed 2.72s)
2026-07-07 12:04:37.288 | INFO     | __main__:_speech_response_from_payload:1055 - TTS 完成: 46字, queue=0.00s, infer=13.03s, 格式: wav
2026-07-07 12:04:52.031 | INFO     | __main__:trim_audio_array:226 - Trimmed audio: 6.19s -> 3.87s (removed 2.32s)
2026-07-07 12:04:52.031 | INFO     | __main__:_speech_response_from_payload:1055 - TTS 完成: 35字, queue=0.00s, infer=8.96s, 格式: wav
2026-07-07 12:05:07.439 | INFO     | __main__:trim_audio_array:226 - Trimmed audio: 9.14s -> 7.55s (removed 1.58s)
2026-07-07 12:05:07.440 | INFO     | __main__:_speech_response_from_payload:1055 - TTS 完成: 44字, queue=0.00s, infer=13.25s, 格式: wav
2026-07-07 12:05:22.181 | INFO     | __main__:trim_audio_array:226 - Trimmed audio: 7.36s -> 5.48s (removed 1.89s)
2026-07-07 12:05:22.181 | INFO     | __main__:_speech_response_from_payload:1055 - TTS 完成: 50字, queue=0.00s, infer=10.71s, 格式: wav
2026-07-07 12:05:38.709 | INFO     | __main__:trim_audio_array:226 - Trimmed audio: 8.56s -> 6.18s (removed 2.38s)
2026-07-07 12:05:38.710 | INFO     | __main__:_speech_response_from_payload:1055 - TTS 完成: 54字, queue=0.00s, infer=12.24s, 格式: wav
2026-07-07 12:05:53.652 | INFO     | __main__:trim_audio_array:226 - Trimmed audio: 8.19s -> 6.95s (removed 1.24s)
2026-07-07 12:05:53.652 | INFO     | __main__:_speech_response_from_payload:1055 - TTS 完成: 57字, queue=0.00s, infer=11.64s, 格式: wav
2026-07-07 12:06:11.387 | INFO     | __main__:trim_audio_array:226 - Trimmed audio: 8.64s -> 6.50s (removed 2.14s)
2026-07-07 12:06:11.388 | INFO     | __main__:_speech_response_from_payload:1055 - TTS 完成: 52字, queue=0.00s, infer=12.37s, 格式: wav
2026-07-07 12:06:27.128 | INFO     | __main__:trim_audio_array:226 - Trimmed audio: 8.05s -> 5.90s (removed 2.15s)
2026-07-07 12:06:27.128 | INFO     | __main__:_speech_response_from_payload:1055 - TTS 完成: 48字, queue=0.00s, infer=11.36s, 格式: wav
2026-07-07 12:06:40.276 | INFO     | __main__:trim_audio_array:226 - Trimmed audio: 6.52s -> 4.48s (removed 2.04s)
2026-07-07 12:06:40.277 | INFO     | __main__:_speech_response_from_payload:1055 - TTS 完成: 45字, queue=0.00s, infer=9.93s, 格式: wav
2026-07-07 12:06:50.721 | INFO     | __main__:trim_audio_array:226 - Trimmed audio: 5.42s -> 3.34s (removed 2.08s)
2026-07-07 12:06:50.722 | INFO     | __main__:_speech_response_from_payload:1055 - TTS 完成: 32字, queue=0.00s, infer=8.28s, 格式: wav
2026-07-07 12:07:02.582 | INFO     | __main__:trim_audio_array:226 - Trimmed audio: 6.75s -> 4.04s (removed 2.71s)
2026-07-07 12:07:02.582 | INFO     | __main__:_speech_response_from_payload:1055 - TTS 完成: 32字, queue=0.00s, infer=9.87s, 格式: wav
2026-07-07 12:07:18.426 | INFO     | __main__:trim_audio_array:226 - Trimmed audio: 9.78s -> 7.65s (removed 2.13s)
2026-07-07 12:07:18.426 | INFO     | __main__:_speech_response_from_payload:1055 - TTS 完成: 69字, queue=0.00s, infer=13.90s, 格式: wav
2026-07-07 12:07:43.322 | INFO     | __main__:trim_audio_array:226 - Trimmed audio: 5.78s -> 4.69s (removed 1.09s)
2026-07-07 12:07:43.323 | INFO     | __main__:_speech_response_from_payload:1055 - TTS 完成: 38字, queue=0.00s, infer=8.37s, 格式: wav
2026-07-07 12:07:59.811 | INFO     | __main__:trim_audio_array:226 - Trimmed audio: 6.86s -> 3.85s (removed 3.01s)
2026-07-07 12:07:59.812 | INFO     | __main__:_speech_response_from_payload:1055 - TTS 完成: 46字, queue=0.00s, infer=9.88s, 格式: wav
2026-07-07 12:08:10.135 | INFO     | __main__:trim_audio_array:226 - Trimmed audio: 5.27s -> 3.18s (removed 2.09s)
2026-07-07 12:08:10.136 | INFO     | __main__:_speech_response_from_payload:1055 - TTS 完成: 39字, queue=0.00s, infer=7.80s, 格式: wav
2026-07-07 12:08:25.267 | INFO     | __main__:trim_audio_array:226 - Trimmed audio: 7.33s -> 6.05s (removed 1.28s)
2026-07-07 12:08:25.268 | INFO     | __main__:_speech_response_from_payload:1055 - TTS 完成: 53字, queue=0.00s, infer=10.34s, 格式: wav
2026-07-07 12:08:41.984 | INFO     | __main__:trim_audio_array:226 - Trimmed audio: 7.50s -> 3.74s (removed 3.76s)
2026-07-07 12:08:41.984 | INFO     | __main__:_speech_response_from_payload:1055 - TTS 完成: 40字, queue=0.00s, infer=10.95s, 格式: wav
2026-07-07 12:08:56.574 | INFO     | __main__:trim_audio_array:226 - Trimmed audio: 7.50s -> 4.78s (removed 2.72s)
2026-07-07 12:08:56.575 | INFO     | __main__:_speech_response_from_payload:1055 - TTS 完成: 39字, queue=0.00s, infer=10.62s, 格式: wav
2026-07-07 12:09:09.042 | INFO     | __main__:trim_audio_array:226 - Trimmed audio: 6.70s -> 4.74s (removed 1.96s)
2026-07-07 12:09:09.042 | INFO     | __main__:_speech_response_from_payload:1055 - TTS 完成: 45字, queue=0.00s, infer=9.95s, 格式: wav
2026-07-07 12:09:23.901 | INFO     | __main__:trim_audio_array:226 - Trimmed audio: 7.30s -> 5.14s (removed 2.16s)
2026-07-07 12:09:23.902 | INFO     | __main__:_speech_response_from_payload:1055 - TTS 完成: 52字, queue=0.00s, infer=10.52s, 格式: wav
2026-07-07 12:09:39.039 | INFO     | __main__:trim_audio_array:226 - Trimmed audio: 7.99s -> 6.07s (removed 1.91s)
2026-07-07 12:09:39.040 | INFO     | __main__:_speech_response_from_payload:1055 - TTS 完成: 55字, queue=0.00s, infer=11.47s, 格式: wav
2026-07-07 12:09:53.636 | INFO     | __main__:trim_audio_array:226 - Trimmed audio: 6.05s -> 4.65s (removed 1.40s)
2026-07-07 12:09:53.637 | INFO     | __main__:_speech_response_from_payload:1055 - TTS 完成: 47字, queue=0.00s, infer=8.80s, 格式: wav
2026-07-07 12:10:08.553 | INFO     | __main__:trim_audio_array:226 - Trimmed audio: 6.22s -> 3.69s (removed 2.53s)
2026-07-07 12:10:08.554 | INFO     | __main__:_speech_response_from_payload:1055 - TTS 完成: 36字, queue=0.00s, infer=9.16s, 格式: wav
2026-07-07 12:10:21.745 | INFO     | __main__:trim_audio_array:226 - Trimmed audio: 6.91s -> 4.91s (removed 1.99s)
2026-07-07 12:10:21.745 | INFO     | __main__:_speech_response_from_payload:1055 - TTS 完成: 50字, queue=0.00s, infer=10.26s, 格式: wav
2026-07-07 12:10:36.998 | INFO     | __main__:trim_audio_array:226 - Trimmed audio: 7.69s -> 5.81s (removed 1.87s)
2026-07-07 12:10:36.998 | INFO     | __main__:_speech_response_from_payload:1055 - TTS 完成: 55字, queue=0.00s, infer=11.41s, 格式: wav
2026-07-07 12:10:48.735 | INFO     | __main__:trim_audio_array:226 - Trimmed audio: 4.70s -> 2.36s (removed 2.34s)
2026-07-07 12:10:48.736 | INFO     | __main__:_speech_response_from_payload:1055 - TTS 完成: 26字, queue=0.00s, infer=7.32s, 格式: wav
2026-07-07 12:10:57.961 | INFO     | __main__:trim_audio_array:226 - Trimmed audio: 4.25s -> 3.09s (removed 1.16s)
2026-07-07 12:10:57.961 | INFO     | __main__:_speech_response_from_payload:1055 - TTS 完成: 26字, queue=0.00s, infer=6.90s, 格式: wav
2026-07-07 12:11:11.871 | INFO     | __main__:trim_audio_array:226 - Trimmed audio: 7.60s -> 6.47s (removed 1.13s)
2026-07-07 12:11:11.871 | INFO     | __main__:_speech_response_from_payload:1055 - TTS 完成: 55字, queue=0.00s, infer=11.16s, 格式: wav
2026-07-07 12:11:35.444 | INFO     | __main__:trim_audio_array:226 - Trimmed audio: 8.41s -> 5.71s (removed 2.69s)
2026-07-07 12:11:35.445 | INFO     | __main__:_speech_response_from_payload:1055 - TTS 完成: 53字, queue=0.00s, infer=11.72s, 格式: wav
2026-07-07 12:11:54.508 | INFO     | __main__:trim_audio_array:226 - Trimmed audio: 7.36s -> 5.25s (removed 2.11s)
2026-07-07 12:11:54.509 | INFO     | __main__:_speech_response_from_payload:1055 - TTS 完成: 47字, queue=0.00s, infer=10.51s, 格式: wav
2026-07-07 12:12:07.677 | INFO     | __main__:trim_audio_array:226 - Trimmed audio: 5.42s -> 4.02s (removed 1.41s)
2026-07-07 12:12:07.677 | INFO     | __main__:_speech_response_from_payload:1055 - TTS 完成: 37字, queue=0.00s, infer=8.33s, 格式: wav
2026-07-07 12:12:21.283 | INFO     | __main__:trim_audio_array:226 - Trimmed audio: 7.49s -> 6.06s (removed 1.43s)
2026-07-07 12:12:21.284 | INFO     | __main__:_speech_response_from_payload:1055 - TTS 完成: 50字, queue=0.00s, infer=10.59s, 格式: wav
2026-07-07 12:12:31.689 | INFO     | __main__:trim_audio_array:226 - Trimmed audio: 3.78s -> 1.86s (removed 1.93s)
2026-07-07 12:12:31.690 | INFO     | __main__:_speech_response_from_payload:1055 - TTS 完成: 22字, queue=0.00s, infer=6.31s, 格式: wav
2026-07-07 12:12:44.855 | INFO     | __main__:trim_audio_array:226 - Trimmed audio: 7.24s -> 4.71s (removed 2.53s)
2026-07-07 12:12:44.856 | INFO     | __main__:_speech_response_from_payload:1055 - TTS 完成: 56字, queue=0.00s, infer=10.66s, 格式: wav
2026-07-07 12:12:57.195 | INFO     | __main__:trim_audio_array:226 - Trimmed audio: 5.11s -> 2.81s (removed 2.30s)
2026-07-07 12:12:57.195 | INFO     | __main__:_speech_response_from_payload:1055 - TTS 完成: 27字, queue=0.00s, infer=7.79s, 格式: wav
2026-07-07 12:13:13.190 | INFO     | __main__:trim_audio_array:226 - Trimmed audio: 7.06s -> 5.00s (removed 2.06s)
2026-07-07 12:13:13.190 | INFO     | __main__:_speech_response_from_payload:1055 - TTS 完成: 51字, queue=0.00s, infer=10.11s, 格式: wav
2026-07-07 12:13:28.772 | INFO     | __main__:trim_audio_array:226 - Trimmed audio: 6.13s -> 3.25s (removed 2.88s)
2026-07-07 12:13:28.772 | INFO     | __main__:_speech_response_from_payload:1055 - TTS 完成: 26字, queue=0.00s, infer=8.97s, 格式: wav
2026-07-07 12:13:46.015 | INFO     | __main__:trim_audio_array:226 - Trimmed audio: 8.86s -> 6.73s (removed 2.12s)
2026-07-07 12:13:46.015 | INFO     | __main__:_speech_response_from_payload:1055 - TTS 完成: 58字, queue=0.00s, infer=12.50s, 格式: wav
2026-07-07 12:14:05.317 | INFO     | __main__:trim_audio_array:226 - Trimmed audio: 8.00s -> 6.06s (removed 1.94s)
2026-07-07 12:14:05.317 | INFO     | __main__:_speech_response_from_payload:1055 - TTS 完成: 51字, queue=0.00s, infer=11.18s, 格式: wav
2026-07-07 12:14:19.873 | INFO     | __main__:trim_audio_array:226 - Trimmed audio: 5.47s -> 3.23s (removed 2.24s)
2026-07-07 12:14:19.874 | INFO     | __main__:_speech_response_from_payload:1055 - TTS 完成: 32字, queue=0.00s, infer=8.33s, 格式: wav
2026-07-07 12:14:34.653 | INFO     | __main__:trim_audio_array:226 - Trimmed audio: 7.44s -> 5.46s (removed 1.99s)
2026-07-07 12:14:34.654 | INFO     | __main__:_speech_response_from_payload:1055 - TTS 完成: 53字, queue=0.00s, infer=10.72s, 格式: wav
2026-07-07 12:14:43.215 | INFO     | __main__:trim_audio_array:226 - Trimmed audio: 1.79s -> 0.39s (removed 1.39s)
2026-07-07 12:14:43.215 | INFO     | __main__:_speech_response_from_payload:1055 - TTS 完成: 47字, queue=0.00s, infer=3.88s, 格式: wav
2026-07-07 12:14:55.201 | INFO     | __main__:trim_audio_array:226 - Trimmed audio: 6.50s -> 4.74s (removed 1.76s)
2026-07-07 12:14:55.202 | INFO     | __main__:_speech_response_from_payload:1055 - TTS 完成: 41字, queue=0.00s, infer=10.18s, 格式: wav
2026-07-07 12:15:08.902 | INFO     | __main__:trim_audio_array:226 - Trimmed audio: 6.39s -> 4.09s (removed 2.30s)
2026-07-07 12:15:08.903 | INFO     | __main__:_speech_response_from_payload:1055 - TTS 完成: 37字, queue=0.00s, infer=9.47s, 格式: wav
2026-07-07 12:15:23.095 | INFO     | __main__:trim_audio_array:226 - Trimmed audio: 7.91s -> 5.60s (removed 2.31s)
2026-07-07 12:15:23.095 | INFO     | __main__:_speech_response_from_payload:1055 - TTS 完成: 47字, queue=0.00s, infer=11.17s, 格式: wav
2026-07-07 12:15:35.169 | INFO     | __main__:trim_audio_array:226 - Trimmed audio: 6.28s -> 5.49s (removed 0.79s)
2026-07-07 12:15:35.169 | INFO     | __main__:_speech_response_from_payload:1055 - TTS 完成: 45字, queue=0.00s, infer=9.27s, 格式: wav
2026-07-07 12:15:47.569 | INFO     | __main__:trim_audio_array:226 - Trimmed audio: 5.58s -> 3.94s (removed 1.64s)
2026-07-07 12:15:47.570 | INFO     | __main__:_speech_response_from_payload:1055 - TTS 完成: 36字, queue=0.00s, infer=8.53s, 格式: wav
2026-07-07 12:16:01.129 | INFO     | __main__:trim_audio_array:226 - Trimmed audio: 7.60s -> 4.04s (removed 3.56s)
2026-07-07 12:16:01.130 | INFO     | __main__:_speech_response_from_payload:1055 - TTS 完成: 36字, queue=0.00s, infer=10.72s, 格式: wav
2026-07-07 12:16:13.091 | INFO     | __main__:trim_audio_array:226 - Trimmed audio: 6.86s -> 4.88s (removed 1.99s)
2026-07-07 12:16:13.092 | INFO     | __main__:_speech_response_from_payload:1055 - TTS 完成: 44字, queue=0.00s, infer=10.16s, 格式: wav
2026-07-07 12:16:26.790 | INFO     | __main__:trim_audio_array:226 - Trimmed audio: 7.86s -> 6.57s (removed 1.29s)
2026-07-07 12:16:26.790 | INFO     | __main__:_speech_response_from_payload:1055 - TTS 完成: 48字, queue=0.00s, infer=11.36s, 格式: wav
2026-07-07 12:16:41.640 | INFO     | __main__:trim_audio_array:226 - Trimmed audio: 8.82s -> 6.81s (removed 2.01s)
2026-07-07 12:16:41.641 | INFO     | __main__:_speech_response_from_payload:1055 - TTS 完成: 53字, queue=0.00s, infer=12.75s, 格式: wav
2026-07-07 12:16:54.123 | INFO     | __main__:trim_audio_array:226 - Trimmed audio: 7.11s -> 4.13s (removed 2.97s)
2026-07-07 12:16:54.124 | INFO     | __main__:_speech_response_from_payload:1055 - TTS 完成: 27字, queue=0.00s, infer=10.43s, 格式: wav
2026-07-07 12:17:06.653 | INFO     | __main__:trim_audio_array:226 - Trimmed audio: 7.24s -> 5.09s (removed 2.16s)
2026-07-07 12:17:06.654 | INFO     | __main__:_speech_response_from_payload:1055 - TTS 完成: 45字, queue=0.00s, infer=10.65s, 格式: wav
2026-07-07 12:17:30.187 | INFO     | __main__:trim_audio_array:226 - Trimmed audio: 15.48s -> 13.63s (removed 1.85s)
2026-07-07 12:17:30.188 | INFO     | __main__:_speech_response_from_payload:1055 - TTS 完成: 104字, queue=0.00s, infer=21.44s, 格式: wav
2026-07-07 12:17:43.060 | INFO     | __main__:trim_audio_array:226 - Trimmed audio: 7.08s -> 4.85s (removed 2.23s)
2026-07-07 12:17:43.060 | INFO     | __main__:_speech_response_from_payload:1055 - TTS 完成: 40字, queue=0.00s, infer=10.34s, 格式: wav
2026-07-07 12:17:55.773 | INFO     | __main__:trim_audio_array:226 - Trimmed audio: 7.22s -> 5.36s (removed 1.86s)
2026-07-07 12:17:55.774 | INFO     | __main__:_speech_response_from_payload:1055 - TTS 完成: 48字, queue=0.00s, infer=10.64s, 格式: wav
2026-07-07 12:18:03.777 | INFO     | __main__:trim_audio_array:226 - Trimmed audio: 4.11s -> 1.98s (removed 2.13s)
2026-07-07 12:18:03.778 | INFO     | __main__:_speech_response_from_payload:1055 - TTS 完成: 22字, queue=0.00s, infer=6.52s, 格式: wav
2026-07-07 12:18:17.207 | INFO     | __main__:trim_audio_array:226 - Trimmed audio: 6.05s -> 4.48s (removed 1.57s)
2026-07-07 12:18:17.207 | INFO     | __main__:_speech_response_from_payload:1055 - TTS 完成: 42字, queue=0.00s, infer=12.07s, 格式: wav
2026-07-07 12:18:29.150 | INFO     | __main__:trim_audio_array:226 - Trimmed audio: 7.08s -> 4.76s (removed 2.32s)
2026-07-07 12:18:29.151 | INFO     | __main__:_speech_response_from_payload:1055 - TTS 完成: 39字, queue=0.00s, infer=10.38s, 格式: wav
2026-07-07 12:18:42.328 | INFO     | __main__:trim_audio_array:226 - Trimmed audio: 7.77s -> 5.20s (removed 2.57s)
2026-07-07 12:18:42.328 | INFO     | __main__:_speech_response_from_payload:1055 - TTS 完成: 49字, queue=0.00s, infer=11.18s, 格式: wav
2026-07-07 12:18:55.177 | INFO     | __main__:trim_audio_array:226 - Trimmed audio: 7.42s -> 4.78s (removed 2.64s)
2026-07-07 12:18:55.177 | INFO     | __main__:_speech_response_from_payload:1055 - TTS 完成: 38字, queue=0.00s, infer=10.74s, 格式: wav
2026-07-07 12:19:06.697 | INFO     | __main__:trim_audio_array:226 - Trimmed audio: 6.49s -> 2.72s (removed 3.77s)
2026-07-07 12:19:06.698 | INFO     | __main__:_speech_response_from_payload:1055 - TTS 完成: 26字, queue=0.00s, infer=9.81s, 格式: wav
2026-07-07 12:19:19.336 | INFO     | __main__:trim_audio_array:226 - Trimmed audio: 7.64s -> 5.48s (removed 2.16s)
2026-07-07 12:19:19.337 | INFO     | __main__:_speech_response_from_payload:1055 - TTS 完成: 46字, queue=0.00s, infer=10.97s, 格式: wav
2026-07-07 12:19:31.434 | INFO     | __main__:trim_audio_array:226 - Trimmed audio: 6.63s -> 4.91s (removed 1.72s)
2026-07-07 12:19:31.435 | INFO     | __main__:_speech_response_from_payload:1055 - TTS 完成: 49字, queue=0.00s, infer=9.67s, 格式: wav
2026-07-07 12:19:43.579 | INFO     | __main__:trim_audio_array:226 - Trimmed audio: 6.84s -> 4.95s (removed 1.89s)
2026-07-07 12:19:43.579 | INFO     | __main__:_speech_response_from_payload:1055 - TTS 完成: 41字, queue=0.00s, infer=9.96s, 格式: wav
2026-07-07 12:19:56.404 | INFO     | __main__:trim_audio_array:226 - Trimmed audio: 7.56s -> 5.53s (removed 2.03s)
2026-07-07 12:19:56.404 | INFO     | __main__:_speech_response_from_payload:1055 - TTS 完成: 42字, queue=0.00s, infer=10.87s, 格式: wav
2026-07-07 12:20:07.602 | INFO     | __main__:trim_audio_array:226 - Trimmed audio: 5.91s -> 4.74s (removed 1.17s)
2026-07-07 12:20:07.603 | INFO     | __main__:_speech_response_from_payload:1055 - TTS 完成: 41字, queue=0.00s, infer=8.86s, 格式: wav
2026-07-07 12:20:19.809 | INFO     | __main__:trim_audio_array:226 - Trimmed audio: 6.88s -> 5.57s (removed 1.31s)
2026-07-07 12:20:19.809 | INFO     | __main__:_speech_response_from_payload:1055 - TTS 完成: 49字, queue=0.00s, infer=9.98s, 格式: wav
2026-07-07 12:20:31.640 | INFO     | __main__:trim_audio_array:226 - Trimmed audio: 6.83s -> 4.76s (removed 2.06s)
2026-07-07 12:20:31.640 | INFO     | __main__:_speech_response_from_payload:1055 - TTS 完成: 42字, queue=0.00s, infer=10.04s, 格式: wav
2026-07-07 12:20:46.458 | INFO     | __main__:trim_audio_array:226 - Trimmed audio: 9.10s -> 6.65s (removed 2.45s)
2026-07-07 12:20:46.458 | INFO     | __main__:_speech_response_from_payload:1055 - TTS 完成: 46字, queue=0.00s, infer=12.77s, 格式: wav
2026-07-07 12:21:00.481 | INFO     | __main__:trim_audio_array:226 - Trimmed audio: 8.41s -> 6.32s (removed 2.08s)
2026-07-07 12:21:00.481 | INFO     | __main__:_speech_response_from_payload:1055 - TTS 完成: 56字, queue=0.00s, infer=12.08s, 格式: wav
2026-07-07 12:21:12.201 | INFO     | __main__:trim_audio_array:226 - Trimmed audio: 6.61s -> 4.34s (removed 2.27s)
2026-07-07 12:21:12.202 | INFO     | __main__:_speech_response_from_payload:1055 - TTS 完成: 40字, queue=0.00s, infer=9.79s, 格式: wav
2026-07-07 12:21:23.255 | INFO     | __main__:trim_audio_array:226 - Trimmed audio: 6.58s -> 3.89s (removed 2.69s)
2026-07-07 12:21:23.255 | INFO     | __main__:_speech_response_from_payload:1055 - TTS 完成: 39字, queue=0.00s, infer=9.58s, 格式: wav
2026-07-07 12:21:33.682 | INFO     | __main__:trim_audio_array:226 - Trimmed audio: 5.53s -> 3.95s (removed 1.58s)
2026-07-07 12:21:33.683 | INFO     | __main__:_speech_response_from_payload:1055 - TTS 完成: 37字, queue=0.00s, infer=8.47s, 格式: wav
2026-07-07 12:21:47.744 | INFO     | __main__:trim_audio_array:226 - Trimmed audio: 7.47s -> 4.78s (removed 2.69s)
2026-07-07 12:21:47.745 | INFO     | __main__:_speech_response_from_payload:1055 - TTS 完成: 42字, queue=0.00s, infer=11.31s, 格式: wav
2026-07-07 12:21:59.809 | INFO     | __main__:trim_audio_array:226 - Trimmed audio: 6.99s -> 4.50s (removed 2.49s)
2026-07-07 12:21:59.809 | INFO     | __main__:_speech_response_from_payload:1055 - TTS 完成: 44字, queue=0.00s, infer=10.28s, 格式: wav
2026-07-07 12:22:11.699 | INFO     | __main__:trim_audio_array:226 - Trimmed audio: 6.97s -> 4.90s (removed 2.06s)
2026-07-07 12:22:11.700 | INFO     | __main__:_speech_response_from_payload:1055 - TTS 完成: 46字, queue=0.00s, infer=10.25s, 格式: wav
2026-07-07 12:22:26.262 | INFO     | __main__:trim_audio_array:226 - Trimmed audio: 8.94s -> 6.87s (removed 2.07s)
2026-07-07 12:22:26.262 | INFO     | __main__:_speech_response_from_payload:1055 - TTS 完成: 45字, queue=0.00s, infer=12.87s, 格式: wav
2026-07-07 12:22:41.456 | INFO     | __main__:trim_audio_array:226 - Trimmed audio: 8.42s -> 6.51s (removed 1.91s)
2026-07-07 12:22:41.457 | INFO     | __main__:_speech_response_from_payload:1055 - TTS 完成: 52字, queue=0.00s, infer=11.76s, 格式: wav
2026-07-07 12:22:50.322 | INFO     | __main__:trim_audio_array:226 - Trimmed audio: 4.73s -> 2.41s (removed 2.31s)
2026-07-07 12:22:50.323 | INFO     | __main__:_speech_response_from_payload:1055 - TTS 完成: 24字, queue=0.00s, infer=7.19s, 格式: wav
2026-07-07 12:23:04.576 | INFO     | __main__:trim_audio_array:226 - Trimmed audio: 9.16s -> 7.20s (removed 1.96s)
2026-07-07 12:23:04.576 | INFO     | __main__:_speech_response_from_payload:1055 - TTS 完成: 63字, queue=0.00s, infer=12.81s, 格式: wav
2026-07-07 12:23:18.916 | INFO     | __main__:trim_audio_array:226 - Trimmed audio: 8.08s -> 5.48s (removed 2.60s)
2026-07-07 12:23:18.916 | INFO     | __main__:_speech_response_from_payload:1055 - TTS 完成: 56字, queue=0.00s, infer=11.72s, 格式: wav
2026-07-07 12:23:33.988 | INFO     | __main__:trim_audio_array:226 - Trimmed audio: 9.32s -> 6.97s (removed 2.36s)
2026-07-07 12:23:33.988 | INFO     | __main__:_speech_response_from_payload:1055 - TTS 完成: 41字, queue=0.00s, infer=13.11s, 格式: wav
2026-07-07 12:23:44.768 | INFO     | __main__:trim_audio_array:226 - Trimmed audio: 6.00s -> 4.09s (removed 1.92s)
2026-07-07 12:23:44.769 | INFO     | __main__:_speech_response_from_payload:1055 - TTS 完成: 33字, queue=0.00s, infer=8.94s, 格式: wav
2026-07-07 12:23:49.895 | INFO     | __main__:trim_audio_array:226 - Trimmed audio: 1.65s -> 0.44s (removed 1.21s)
2026-07-07 12:23:49.895 | INFO     | __main__:_speech_response_from_payload:1055 - TTS 完成: 53字, queue=0.00s, infer=3.79s, 格式: wav
2026-07-07 12:24:03.475 | INFO     | __main__:trim_audio_array:226 - Trimmed audio: 8.68s -> 6.54s (removed 2.15s)
2026-07-07 12:24:03.476 | INFO     | __main__:_speech_response_from_payload:1055 - TTS 完成: 59字, queue=0.00s, infer=12.60s, 格式: wav
2026-07-07 12:24:15.980 | INFO     | __main__:trim_audio_array:226 - Trimmed audio: 6.77s -> 4.71s (removed 2.05s)
2026-07-07 12:24:15.981 | INFO     | __main__:_speech_response_from_payload:1055 - TTS 完成: 48字, queue=0.00s, infer=10.05s, 格式: wav
2026-07-07 12:24:35.286 | INFO     | __main__:trim_audio_array:226 - Trimmed audio: 11.33s -> 10.22s (removed 1.11s)
2026-07-07 12:24:35.286 | INFO     | __main__:_speech_response_from_payload:1055 - TTS 完成: 94字, queue=0.00s, infer=15.97s, 格式: wav
2026-07-07 12:24:46.761 | INFO     | __main__:trim_audio_array:226 - Trimmed audio: 6.03s -> 4.04s (removed 1.98s)
2026-07-07 12:24:46.762 | INFO     | __main__:_speech_response_from_payload:1055 - TTS 完成: 41字, queue=0.00s, infer=8.92s, 格式: wav
2026-07-07 12:24:46.845 | INFO     | __main__:lifespan:736 - Shutting down...
2026-07-07 12:43:36.637 | INFO     | __main__:<module>:1269 - IndexTTS2 API Server - http://0.0.0.0:8002
2026-07-07 12:43:36.637 | INFO     | __main__:<module>:1270 -   WebUI: http://0.0.0.0:8002/
2026-07-07 12:43:36.637 | INFO     | __main__:<module>:1271 -   API:   http://0.0.0.0:8002/docs
2026-07-07 12:43:36.638 | INFO     | __main__:<module>:1272 - Device: auto, FP16: True
2026-07-07 12:43:36.667 | INFO     | __main__:lifespan:707 - Initializing IndexTTS2...
2026-07-07 12:43:36.667 | INFO     | __main__:lifespan:713 - IndexTTS2 initialized successfully (reusing instance from webui_enhanced)
2026-07-07 12:43:36.668 | INFO     | __main__:lifespan:733 - 已加载 11 个音色
2026-07-07 12:45:03.505 | INFO     | __main__:trim_audio_array:226 - Trimmed audio: 6.44s -> 3.89s (removed 2.55s)
2026-07-07 12:45:03.506 | INFO     | __main__:_speech_response_from_payload:1055 - TTS 完成: 33字, queue=0.00s, infer=12.93s, 格式: wav
2026-07-07 12:45:38.649 | INFO     | __main__:trim_audio_array:226 - Trimmed audio: 5.61s -> 3.68s (removed 1.93s)
2026-07-07 12:45:38.649 | INFO     | __main__:_speech_response_from_payload:1055 - TTS 完成: 37字, queue=0.00s, infer=7.89s, 格式: wav
2026-07-07 12:45:51.514 | INFO     | __main__:trim_audio_array:226 - Trimmed audio: 4.59s -> 2.07s (removed 2.52s)
2026-07-07 12:45:51.515 | INFO     | __main__:_speech_response_from_payload:1055 - TTS 完成: 17字, queue=0.00s, infer=7.29s, 格式: wav
2026-07-07 12:46:03.238 | INFO     | __main__:trim_audio_array:226 - Trimmed audio: 7.24s -> 5.32s (removed 1.93s)
2026-07-07 12:46:03.239 | INFO     | __main__:_speech_response_from_payload:1055 - TTS 完成: 52字, queue=0.00s, infer=10.23s, 格式: wav
2026-07-07 12:46:17.383 | INFO     | __main__:trim_audio_array:226 - Trimmed audio: 6.27s -> 5.14s (removed 1.13s)
2026-07-07 12:46:17.383 | INFO     | __main__:_speech_response_from_payload:1055 - TTS 完成: 40字, queue=0.00s, infer=8.67s, 格式: wav
2026-07-07 12:46:33.421 | INFO     | __main__:trim_audio_array:226 - Trimmed audio: 6.39s -> 4.13s (removed 2.25s)
2026-07-07 12:46:33.421 | INFO     | __main__:_speech_response_from_payload:1055 - TTS 完成: 38字, queue=0.00s, infer=9.15s, 格式: wav
2026-07-07 12:46:47.339 | INFO     | __main__:trim_audio_array:226 - Trimmed audio: 8.16s -> 5.92s (removed 2.24s)
2026-07-07 12:46:47.339 | INFO     | __main__:_speech_response_from_payload:1055 - TTS 完成: 50字, queue=0.00s, infer=11.60s, 格式: wav
2026-07-07 12:47:09.419 | INFO     | __main__:trim_audio_array:226 - Trimmed audio: 7.36s -> 5.41s (removed 1.95s)
2026-07-07 12:47:09.419 | INFO     | __main__:_speech_response_from_payload:1055 - TTS 完成: 51字, queue=0.00s, infer=10.11s, 格式: wav
2026-07-07 12:47:21.733 | INFO     | __main__:trim_audio_array:226 - Trimmed audio: 5.36s -> 3.18s (removed 2.18s)
2026-07-07 12:47:21.733 | INFO     | __main__:_speech_response_from_payload:1055 - TTS 完成: 26字, queue=0.00s, infer=8.14s, 格式: wav
2026-07-07 12:47:38.065 | INFO     | __main__:trim_audio_array:226 - Trimmed audio: 9.74s -> 7.34s (removed 2.40s)
2026-07-07 12:47:38.065 | INFO     | __main__:_speech_response_from_payload:1055 - TTS 完成: 73字, queue=0.00s, infer=13.61s, 格式: wav
2026-07-07 12:48:05.069 | INFO     | __main__:trim_audio_array:226 - Trimmed audio: 5.58s -> 3.44s (removed 2.14s)
2026-07-07 12:48:05.070 | INFO     | __main__:_speech_response_from_payload:1055 - TTS 完成: 32字, queue=0.00s, infer=7.81s, 格式: wav
2026-07-07 12:48:18.054 | INFO     | __main__:trim_audio_array:226 - Trimmed audio: 6.88s -> 5.18s (removed 1.71s)
2026-07-07 12:48:18.054 | INFO     | __main__:_speech_response_from_payload:1055 - TTS 完成: 51字, queue=0.00s, infer=10.26s, 格式: wav
2026-07-07 12:48:33.271 | INFO     | __main__:trim_audio_array:226 - Trimmed audio: 6.92s -> 4.80s (removed 2.12s)
2026-07-07 12:48:33.272 | INFO     | __main__:_speech_response_from_payload:1055 - TTS 完成: 42字, queue=0.00s, infer=10.21s, 格式: wav
2026-07-07 12:48:54.400 | INFO     | __main__:trim_audio_array:226 - Trimmed audio: 7.28s -> 3.46s (removed 3.82s)
2026-07-07 12:48:54.400 | INFO     | __main__:_speech_response_from_payload:1055 - TTS 完成: 20字, queue=0.00s, infer=10.04s, 格式: wav
2026-07-07 12:49:06.588 | INFO     | __main__:trim_audio_array:226 - Trimmed audio: 5.25s -> 3.44s (removed 1.81s)
2026-07-07 12:49:06.588 | INFO     | __main__:_speech_response_from_payload:1055 - TTS 完成: 31字, queue=0.00s, infer=8.03s, 格式: wav
2026-07-07 12:49:22.118 | INFO     | __main__:trim_audio_array:226 - Trimmed audio: 6.11s -> 4.33s (removed 1.78s)
2026-07-07 12:49:22.118 | INFO     | __main__:_speech_response_from_payload:1055 - TTS 完成: 30字, queue=0.00s, infer=9.15s, 格式: wav
2026-07-07 12:49:36.333 | INFO     | __main__:trim_audio_array:226 - Trimmed audio: 6.47s -> 4.11s (removed 2.36s)
2026-07-07 12:49:36.334 | INFO     | __main__:_speech_response_from_payload:1055 - TTS 完成: 41字, queue=0.00s, infer=9.49s, 格式: wav
2026-07-07 12:49:57.440 | INFO     | __main__:trim_audio_array:226 - Trimmed audio: 5.83s -> 2.86s (removed 2.97s)
2026-07-07 12:49:57.440 | INFO     | __main__:_speech_response_from_payload:1055 - TTS 完成: 23字, queue=0.00s, infer=8.14s, 格式: wav
2026-07-07 12:50:11.616 | INFO     | __main__:trim_audio_array:226 - Trimmed audio: 6.11s -> 3.29s (removed 2.81s)
2026-07-07 12:50:11.617 | INFO     | __main__:_speech_response_from_payload:1055 - TTS 完成: 32字, queue=0.00s, infer=9.37s, 格式: wav
2026-07-07 12:50:31.113 | INFO     | __main__:trim_audio_array:226 - Trimmed audio: 7.33s -> 5.20s (removed 2.12s)
2026-07-07 12:50:31.113 | INFO     | __main__:_speech_response_from_payload:1055 - TTS 完成: 45字, queue=0.00s, infer=10.35s, 格式: wav
2026-07-07 12:50:50.240 | INFO     | __main__:trim_audio_array:226 - Trimmed audio: 7.69s -> 5.64s (removed 2.04s)
2026-07-07 12:50:50.241 | INFO     | __main__:_speech_response_from_payload:1055 - TTS 完成: 44字, queue=0.00s, infer=10.37s, 格式: wav
2026-07-07 12:51:06.877 | INFO     | __main__:trim_audio_array:226 - Trimmed audio: 5.49s -> 4.49s (removed 1.00s)
2026-07-07 12:51:06.877 | INFO     | __main__:_speech_response_from_payload:1055 - TTS 完成: 39字, queue=0.00s, infer=7.72s, 格式: wav
2026-07-07 12:51:18.659 | INFO     | __main__:trim_audio_array:226 - Trimmed audio: 6.86s -> 4.62s (removed 2.24s)
2026-07-07 12:51:18.659 | INFO     | __main__:_speech_response_from_payload:1055 - TTS 完成: 35字, queue=0.00s, infer=10.27s, 格式: wav
2026-07-07 12:51:31.336 | INFO     | __main__:trim_audio_array:226 - Trimmed audio: 6.56s -> 4.27s (removed 2.29s)
2026-07-07 12:51:31.337 | INFO     | __main__:_speech_response_from_payload:1055 - TTS 完成: 40字, queue=0.00s, infer=9.36s, 格式: wav
2026-07-07 12:51:43.305 | INFO     | __main__:trim_audio_array:226 - Trimmed audio: 7.28s -> 4.69s (removed 2.59s)
2026-07-07 12:51:43.305 | INFO     | __main__:_speech_response_from_payload:1055 - TTS 完成: 44字, queue=0.00s, infer=10.38s, 格式: wav
2026-07-07 12:51:58.204 | INFO     | __main__:trim_audio_array:226 - Trimmed audio: 7.28s -> 4.76s (removed 2.52s)
2026-07-07 12:51:58.205 | INFO     | __main__:_speech_response_from_payload:1055 - TTS 完成: 49字, queue=0.00s, infer=10.63s, 格式: wav
2026-07-07 12:52:16.580 | INFO     | __main__:trim_audio_array:226 - Trimmed audio: 4.92s -> 2.86s (removed 2.07s)
2026-07-07 12:52:16.581 | INFO     | __main__:_speech_response_from_payload:1055 - TTS 完成: 28字, queue=0.00s, infer=7.16s, 格式: wav
2026-07-07 12:52:29.195 | INFO     | __main__:trim_audio_array:226 - Trimmed audio: 7.28s -> 5.35s (removed 1.93s)
2026-07-07 12:52:29.196 | INFO     | __main__:_speech_response_from_payload:1055 - TTS 完成: 48字, queue=0.00s, infer=10.45s, 格式: wav
2026-07-07 12:52:52.448 | INFO     | __main__:trim_audio_array:226 - Trimmed audio: 7.28s -> 4.76s (removed 2.52s)
2026-07-07 12:52:52.449 | INFO     | __main__:_speech_response_from_payload:1055 - TTS 完成: 45字, queue=0.00s, infer=10.03s, 格式: wav
2026-07-07 12:53:10.705 | INFO     | __main__:trim_audio_array:226 - Trimmed audio: 5.25s -> 3.51s (removed 1.74s)
2026-07-07 12:53:10.705 | INFO     | __main__:_speech_response_from_payload:1055 - TTS 完成: 36字, queue=0.00s, infer=7.98s, 格式: wav
2026-07-07 12:53:24.365 | INFO     | __main__:trim_audio_array:226 - Trimmed audio: 4.73s -> 2.64s (removed 2.08s)
2026-07-07 12:53:24.366 | INFO     | __main__:_speech_response_from_payload:1055 - TTS 完成: 31字, queue=0.00s, infer=7.16s, 格式: wav
2026-07-07 12:53:36.358 | INFO     | __main__:trim_audio_array:226 - Trimmed audio: 6.63s -> 3.85s (removed 2.78s)
2026-07-07 12:53:36.358 | INFO     | __main__:_speech_response_from_payload:1055 - TTS 完成: 41字, queue=0.00s, infer=9.91s, 格式: wav
2026-07-07 12:53:49.223 | INFO     | __main__:trim_audio_array:226 - Trimmed audio: 1.25s -> 0.49s (removed 0.76s)
2026-07-07 12:53:49.223 | INFO     | __main__:_speech_response_from_payload:1055 - TTS 完成: 41字, queue=0.00s, infer=11.39s, 格式: wav
2026-07-07 12:54:02.921 | INFO     | __main__:trim_audio_array:226 - Trimmed audio: 8.49s -> 6.71s (removed 1.78s)
2026-07-07 12:54:02.922 | INFO     | __main__:_speech_response_from_payload:1055 - TTS 完成: 61字, queue=0.00s, infer=11.98s, 格式: wav
2026-07-07 12:54:28.806 | INFO     | __main__:trim_audio_array:226 - Trimmed audio: 5.31s -> 3.24s (removed 2.06s)
2026-07-07 12:54:28.806 | INFO     | __main__:_speech_response_from_payload:1055 - TTS 完成: 33字, queue=0.00s, infer=8.12s, 格式: wav
2026-07-07 12:54:43.054 | INFO     | __main__:trim_audio_array:226 - Trimmed audio: 7.22s -> 6.01s (removed 1.21s)
2026-07-07 12:54:43.054 | INFO     | __main__:_speech_response_from_payload:1055 - TTS 完成: 54字, queue=0.00s, infer=10.33s, 格式: wav
2026-07-07 12:54:57.189 | INFO     | __main__:trim_audio_array:226 - Trimmed audio: 6.14s -> 4.02s (removed 2.12s)
2026-07-07 12:54:57.190 | INFO     | __main__:_speech_response_from_payload:1055 - TTS 完成: 37字, queue=0.00s, infer=9.26s, 格式: wav
2026-07-07 12:55:09.528 | INFO     | __main__:trim_audio_array:226 - Trimmed audio: 7.24s -> 5.61s (removed 1.63s)
2026-07-07 12:55:09.528 | INFO     | __main__:_speech_response_from_payload:1055 - TTS 完成: 55字, queue=0.00s, infer=10.67s, 格式: wav
2026-07-07 12:55:27.884 | INFO     | __main__:trim_audio_array:226 - Trimmed audio: 7.42s -> 5.20s (removed 2.22s)
2026-07-07 12:55:27.884 | INFO     | __main__:_speech_response_from_payload:1055 - TTS 完成: 54字, queue=0.00s, infer=11.21s, 格式: wav
2026-07-07 12:55:46.886 | INFO     | __main__:trim_audio_array:226 - Trimmed audio: 10.76s -> 8.01s (removed 2.75s)
2026-07-07 12:55:46.886 | INFO     | __main__:_speech_response_from_payload:1055 - TTS 完成: 61字, queue=0.00s, infer=14.81s, 格式: wav
2026-07-07 12:56:01.231 | INFO     | __main__:trim_audio_array:226 - Trimmed audio: 6.19s -> 4.20s (removed 1.99s)
2026-07-07 12:56:01.231 | INFO     | __main__:_speech_response_from_payload:1055 - TTS 完成: 43字, queue=0.00s, infer=8.91s, 格式: wav
2026-07-07 12:56:14.045 | INFO     | __main__:trim_audio_array:226 - Trimmed audio: 6.77s -> 4.65s (removed 2.12s)
2026-07-07 12:56:14.045 | INFO     | __main__:_speech_response_from_payload:1055 - TTS 完成: 36字, queue=0.00s, infer=9.80s, 格式: wav
2026-07-07 12:56:32.100 | INFO     | __main__:trim_audio_array:226 - Trimmed audio: 9.82s -> 6.97s (removed 2.86s)
2026-07-07 12:56:32.100 | INFO     | __main__:_speech_response_from_payload:1055 - TTS 完成: 56字, queue=0.00s, infer=13.56s, 格式: wav
2026-07-07 12:56:57.625 | INFO     | __main__:trim_audio_array:226 - Trimmed audio: 8.14s -> 6.54s (removed 1.60s)
2026-07-07 12:56:57.625 | INFO     | __main__:_speech_response_from_payload:1055 - TTS 完成: 58字, queue=0.00s, infer=10.90s, 格式: wav
2026-07-07 12:57:12.630 | INFO     | __main__:trim_audio_array:226 - Trimmed audio: 7.69s -> 5.34s (removed 2.35s)
2026-07-07 12:57:12.630 | INFO     | __main__:_speech_response_from_payload:1055 - TTS 完成: 44字, queue=0.00s, infer=10.93s, 格式: wav
2026-07-07 12:57:23.505 | INFO     | __main__:trim_audio_array:226 - Trimmed audio: 5.00s -> 2.67s (removed 2.33s)
2026-07-07 12:57:23.506 | INFO     | __main__:_speech_response_from_payload:1055 - TTS 完成: 28字, queue=0.00s, infer=7.66s, 格式: wav
2026-07-07 12:57:35.819 | INFO     | __main__:trim_audio_array:226 - Trimmed audio: 6.16s -> 3.72s (removed 2.45s)
2026-07-07 12:57:35.819 | INFO     | __main__:_speech_response_from_payload:1055 - TTS 完成: 36字, queue=0.00s, infer=9.06s, 格式: wav
2026-07-07 12:57:42.141 | INFO     | __main__:_speech_response_from_payload:1055 - TTS 完成: 42字, queue=0.00s, infer=4.04s, 格式: wav
2026-07-07 12:57:52.777 | INFO     | __main__:trim_audio_array:226 - Trimmed audio: 6.05s -> 4.39s (removed 1.66s)
2026-07-07 12:57:52.778 | INFO     | __main__:_speech_response_from_payload:1055 - TTS 完成: 45字, queue=0.00s, infer=9.04s, 格式: wav
2026-07-07 12:58:04.805 | INFO     | __main__:trim_audio_array:226 - Trimmed audio: 6.64s -> 4.66s (removed 1.98s)
2026-07-07 12:58:04.805 | INFO     | __main__:_speech_response_from_payload:1055 - TTS 完成: 51字, queue=0.00s, infer=9.69s, 格式: wav
2026-07-07 12:58:17.317 | INFO     | __main__:trim_audio_array:226 - Trimmed audio: 7.02s -> 5.60s (removed 1.42s)
2026-07-07 12:58:17.318 | INFO     | __main__:_speech_response_from_payload:1055 - TTS 完成: 48字, queue=0.00s, infer=10.20s, 格式: wav
2026-07-07 12:58:32.307 | INFO     | __main__:trim_audio_array:226 - Trimmed audio: 8.10s -> 6.15s (removed 1.96s)
2026-07-07 12:58:32.308 | INFO     | __main__:_speech_response_from_payload:1055 - TTS 完成: 58字, queue=0.00s, infer=11.63s, 格式: wav
2026-07-07 12:58:48.538 | INFO     | __main__:trim_audio_array:226 - Trimmed audio: 7.24s -> 5.29s (removed 1.96s)
2026-07-07 12:58:48.538 | INFO     | __main__:_speech_response_from_payload:1055 - TTS 完成: 47字, queue=0.00s, infer=10.30s, 格式: wav
2026-07-07 12:59:02.748 | INFO     | __main__:trim_audio_array:226 - Trimmed audio: 6.91s -> 4.76s (removed 2.14s)
2026-07-07 12:59:02.749 | INFO     | __main__:_speech_response_from_payload:1055 - TTS 完成: 51字, queue=0.00s, infer=10.09s, 格式: wav
2026-07-07 12:59:17.202 | INFO     | __main__:trim_audio_array:226 - Trimmed audio: 7.36s -> 5.13s (removed 2.23s)
2026-07-07 12:59:17.203 | INFO     | __main__:_speech_response_from_payload:1055 - TTS 完成: 49字, queue=0.00s, infer=10.71s, 格式: wav
2026-07-07 12:59:31.339 | INFO     | __main__:trim_audio_array:226 - Trimmed audio: 6.88s -> 4.12s (removed 2.77s)
2026-07-07 12:59:31.339 | INFO     | __main__:_speech_response_from_payload:1055 - TTS 完成: 47字, queue=0.00s, infer=10.41s, 格式: wav
2026-07-07 12:59:52.646 | INFO     | __main__:trim_audio_array:226 - Trimmed audio: 8.72s -> 6.94s (removed 1.78s)
2026-07-07 12:59:52.646 | INFO     | __main__:_speech_response_from_payload:1055 - TTS 完成: 64字, queue=0.00s, infer=12.14s, 格式: wav
2026-07-07 13:00:06.666 | INFO     | __main__:trim_audio_array:226 - Trimmed audio: 6.08s -> 3.55s (removed 2.53s)
2026-07-07 13:00:06.666 | INFO     | __main__:_speech_response_from_payload:1055 - TTS 完成: 25字, queue=0.00s, infer=8.89s, 格式: wav
2026-07-07 13:00:24.109 | INFO     | __main__:trim_audio_array:226 - Trimmed audio: 11.22s -> 8.96s (removed 2.25s)
2026-07-07 13:00:24.109 | INFO     | __main__:_speech_response_from_payload:1055 - TTS 完成: 85字, queue=0.00s, infer=15.44s, 格式: wav
2026-07-07 13:00:44.065 | INFO     | __main__:trim_audio_array:226 - Trimmed audio: 7.28s -> 4.53s (removed 2.75s)
2026-07-07 13:00:44.066 | INFO     | __main__:_speech_response_from_payload:1055 - TTS 完成: 44字, queue=0.00s, infer=10.08s, 格式: wav
2026-07-07 13:00:54.400 | INFO     | __main__:trim_audio_array:226 - Trimmed audio: 5.00s -> 2.17s (removed 2.83s)
2026-07-07 13:00:54.400 | INFO     | __main__:_speech_response_from_payload:1055 - TTS 完成: 19字, queue=0.00s, infer=7.80s, 格式: wav
2026-07-07 13:01:05.229 | INFO     | __main__:trim_audio_array:226 - Trimmed audio: 6.14s -> 3.87s (removed 2.28s)
2026-07-07 13:01:05.230 | INFO     | __main__:_speech_response_from_payload:1055 - TTS 完成: 37字, queue=0.00s, infer=9.00s, 格式: wav
2026-07-07 13:01:17.304 | INFO     | __main__:trim_audio_array:226 - Trimmed audio: 4.50s -> 2.32s (removed 2.18s)
2026-07-07 13:01:17.304 | INFO     | __main__:_speech_response_from_payload:1055 - TTS 完成: 19字, queue=0.00s, infer=6.98s, 格式: wav
2026-07-07 13:01:38.099 | INFO     | __main__:trim_audio_array:226 - Trimmed audio: 7.47s -> 5.14s (removed 2.33s)
2026-07-07 13:01:38.100 | INFO     | __main__:_speech_response_from_payload:1055 - TTS 完成: 43字, queue=0.00s, infer=10.66s, 格式: wav
2026-07-07 13:01:50.718 | INFO     | __main__:trim_audio_array:226 - Trimmed audio: 5.89s -> 3.69s (removed 2.19s)
2026-07-07 13:01:50.718 | INFO     | __main__:_speech_response_from_payload:1055 - TTS 完成: 36字, queue=0.00s, infer=8.55s, 格式: wav
2026-07-07 13:02:11.707 | INFO     | __main__:trim_audio_array:226 - Trimmed audio: 7.70s -> 5.55s (removed 2.15s)
2026-07-07 13:02:11.707 | INFO     | __main__:_speech_response_from_payload:1055 - TTS 完成: 56字, queue=0.00s, infer=11.07s, 格式: wav
2026-07-07 13:02:37.569 | INFO     | __main__:trim_audio_array:226 - Trimmed audio: 5.42s -> 4.14s (removed 1.28s)
2026-07-07 13:02:37.570 | INFO     | __main__:_speech_response_from_payload:1055 - TTS 完成: 32字, queue=0.00s, infer=7.81s, 格式: wav
2026-07-07 13:02:54.424 | INFO     | __main__:trim_audio_array:226 - Trimmed audio: 8.20s -> 5.62s (removed 2.57s)
2026-07-07 13:02:54.424 | INFO     | __main__:_speech_response_from_payload:1055 - TTS 完成: 62字, queue=0.00s, infer=11.45s, 格式: wav
2026-07-07 13:03:30.058 | INFO     | __main__:trim_audio_array:226 - Trimmed audio: 13.04s -> 10.93s (removed 2.11s)
2026-07-07 13:03:30.058 | INFO     | __main__:_speech_response_from_payload:1055 - TTS 完成: 79字, queue=0.00s, infer=17.48s, 格式: wav
2026-07-07 13:03:53.325 | INFO     | __main__:trim_audio_array:226 - Trimmed audio: 6.91s -> 4.57s (removed 2.33s)
2026-07-07 13:03:53.325 | INFO     | __main__:_speech_response_from_payload:1055 - TTS 完成: 48字, queue=0.00s, infer=9.59s, 格式: wav
2026-07-07 13:04:40.196 | INFO     | __main__:trim_audio_array:226 - Trimmed audio: 6.70s -> 5.45s (removed 1.25s)
2026-07-07 13:04:40.197 | INFO     | __main__:_speech_response_from_payload:1055 - TTS 完成: 55字, queue=0.00s, infer=9.28s, 格式: wav
2026-07-07 13:04:52.278 | INFO     | __main__:trim_audio_array:226 - Trimmed audio: 4.45s -> 4.34s (removed 0.10s)
2026-07-07 13:04:52.278 | INFO     | __main__:_speech_response_from_payload:1055 - TTS 完成: 36字, queue=0.00s, infer=8.84s, 格式: wav
2026-07-07 13:05:01.839 | INFO     | __main__:trim_audio_array:226 - Trimmed audio: 5.50s -> 3.40s (removed 2.10s)
2026-07-07 13:05:01.839 | INFO     | __main__:_speech_response_from_payload:1055 - TTS 完成: 41字, queue=0.00s, infer=8.03s, 格式: wav
2026-07-07 13:05:15.476 | INFO     | __main__:trim_audio_array:226 - Trimmed audio: 1.87s -> 0.51s (removed 1.36s)
2026-07-07 13:05:15.477 | INFO     | __main__:_speech_response_from_payload:1055 - TTS 完成: 40字, queue=0.00s, infer=10.53s, 格式: wav
2026-07-07 13:05:27.041 | INFO     | __main__:trim_audio_array:226 - Trimmed audio: 7.14s -> 5.31s (removed 1.83s)
2026-07-07 13:05:27.041 | INFO     | __main__:_speech_response_from_payload:1055 - TTS 完成: 54字, queue=0.00s, infer=10.48s, 格式: wav
2026-07-07 13:05:39.657 | INFO     | __main__:trim_audio_array:226 - Trimmed audio: 5.75s -> 3.46s (removed 2.29s)
2026-07-07 13:05:39.657 | INFO     | __main__:_speech_response_from_payload:1055 - TTS 完成: 33字, queue=0.00s, infer=8.48s, 格式: wav
2026-07-07 13:05:52.196 | INFO     | __main__:trim_audio_array:226 - Trimmed audio: 7.58s -> 5.61s (removed 1.97s)
2026-07-07 13:05:52.196 | INFO     | __main__:_speech_response_from_payload:1055 - TTS 完成: 50字, queue=0.00s, infer=10.99s, 格式: wav
2026-07-07 13:06:04.602 | INFO     | __main__:trim_audio_array:226 - Trimmed audio: 6.52s -> 4.41s (removed 2.11s)
2026-07-07 13:06:04.602 | INFO     | __main__:_speech_response_from_payload:1055 - TTS 完成: 30字, queue=0.00s, infer=9.49s, 格式: wav
2026-07-07 13:06:17.055 | INFO     | __main__:trim_audio_array:226 - Trimmed audio: 7.58s -> 4.74s (removed 2.84s)
2026-07-07 13:06:17.055 | INFO     | __main__:_speech_response_from_payload:1055 - TTS 完成: 44字, queue=0.00s, infer=10.94s, 格式: wav
2026-07-07 13:06:27.806 | INFO     | __main__:trim_audio_array:226 - Trimmed audio: 6.28s -> 4.91s (removed 1.37s)
2026-07-07 13:06:27.806 | INFO     | __main__:_speech_response_from_payload:1055 - TTS 完成: 45字, queue=0.00s, infer=9.01s, 格式: wav
2026-07-07 13:06:39.168 | INFO     | __main__:trim_audio_array:226 - Trimmed audio: 5.89s -> 3.79s (removed 2.09s)
2026-07-07 13:06:39.168 | INFO     | __main__:_speech_response_from_payload:1055 - TTS 完成: 39字, queue=0.00s, infer=8.82s, 格式: wav
2026-07-07 13:06:53.794 | INFO     | __main__:trim_audio_array:226 - Trimmed audio: 9.22s -> 5.64s (removed 3.58s)
2026-07-07 13:06:53.795 | INFO     | __main__:_speech_response_from_payload:1055 - TTS 完成: 55字, queue=0.00s, infer=12.95s, 格式: wav
2026-07-07 13:07:08.510 | INFO     | __main__:trim_audio_array:226 - Trimmed audio: 7.96s -> 5.53s (removed 2.44s)
2026-07-07 13:07:08.510 | INFO     | __main__:_speech_response_from_payload:1055 - TTS 完成: 46字, queue=0.00s, infer=11.42s, 格式: wav
2026-07-07 13:07:20.254 | INFO     | __main__:trim_audio_array:226 - Trimmed audio: 6.86s -> 4.91s (removed 1.95s)
2026-07-07 13:07:20.254 | INFO     | __main__:_speech_response_from_payload:1055 - TTS 完成: 39字, queue=0.00s, infer=10.01s, 格式: wav
2026-07-07 13:07:32.908 | INFO     | __main__:trim_audio_array:226 - Trimmed audio: 7.16s -> 4.88s (removed 2.29s)
2026-07-07 13:07:32.909 | INFO     | __main__:_speech_response_from_payload:1055 - TTS 完成: 46字, queue=0.00s, infer=10.49s, 格式: wav
2026-07-07 13:07:46.113 | INFO     | __main__:trim_audio_array:226 - Trimmed audio: 7.44s -> 5.27s (removed 2.17s)
2026-07-07 13:07:46.114 | INFO     | __main__:_speech_response_from_payload:1055 - TTS 完成: 45字, queue=0.00s, infer=10.66s, 格式: wav
2026-07-07 13:08:00.321 | INFO     | __main__:trim_audio_array:226 - Trimmed audio: 8.72s -> 6.50s (removed 2.22s)
2026-07-07 13:08:00.322 | INFO     | __main__:_speech_response_from_payload:1055 - TTS 完成: 62字, queue=0.00s, infer=12.43s, 格式: wav
2026-07-07 13:08:13.358 | INFO     | __main__:trim_audio_array:226 - Trimmed audio: 7.96s -> 5.80s (removed 2.16s)
2026-07-07 13:08:13.358 | INFO     | __main__:_speech_response_from_payload:1055 - TTS 完成: 49字, queue=0.00s, infer=11.39s, 格式: wav
2026-07-07 13:08:29.162 | INFO     | __main__:trim_audio_array:226 - Trimmed audio: 10.02s -> 8.03s (removed 1.99s)
2026-07-07 13:08:29.162 | INFO     | __main__:_speech_response_from_payload:1055 - TTS 完成: 59字, queue=0.00s, infer=14.13s, 格式: wav
2026-07-07 13:08:47.739 | INFO     | __main__:trim_audio_array:226 - Trimmed audio: 8.99s -> 6.73s (removed 2.25s)
2026-07-07 13:08:47.739 | INFO     | __main__:_speech_response_from_payload:1055 - TTS 完成: 59字, queue=0.00s, infer=12.41s, 格式: wav
2026-07-07 13:08:59.899 | INFO     | __main__:trim_audio_array:226 - Trimmed audio: 6.99s -> 4.46s (removed 2.53s)
2026-07-07 13:08:59.900 | INFO     | __main__:_speech_response_from_payload:1055 - TTS 完成: 50字, queue=0.00s, infer=10.07s, 格式: wav
2026-07-07 13:09:13.667 | INFO     | __main__:trim_audio_array:226 - Trimmed audio: 8.14s -> 5.95s (removed 2.19s)
2026-07-07 13:09:13.668 | INFO     | __main__:_speech_response_from_payload:1055 - TTS 完成: 57字, queue=0.00s, infer=11.67s, 格式: wav
2026-07-07 13:09:28.387 | INFO     | __main__:trim_audio_array:226 - Trimmed audio: 9.06s -> 6.39s (removed 2.67s)
2026-07-07 13:09:28.387 | INFO     | __main__:_speech_response_from_payload:1055 - TTS 完成: 52字, queue=0.00s, infer=13.05s, 格式: wav
2026-07-07 13:09:39.492 | INFO     | __main__:trim_audio_array:226 - Trimmed audio: 6.33s -> 4.32s (removed 2.01s)
2026-07-07 13:09:39.492 | INFO     | __main__:_speech_response_from_payload:1055 - TTS 完成: 42字, queue=0.00s, infer=9.08s, 格式: wav
2026-07-07 13:09:53.265 | INFO     | __main__:trim_audio_array:226 - Trimmed audio: 8.72s -> 6.48s (removed 2.24s)
2026-07-07 13:09:53.266 | INFO     | __main__:_speech_response_from_payload:1055 - TTS 完成: 57字, queue=0.00s, infer=12.12s, 格式: wav
2026-07-07 13:10:07.858 | INFO     | __main__:trim_audio_array:226 - Trimmed audio: 8.66s -> 7.37s (removed 1.29s)
2026-07-07 13:10:07.859 | INFO     | __main__:_speech_response_from_payload:1055 - TTS 完成: 63字, queue=0.00s, infer=12.70s, 格式: wav
2026-07-07 13:10:18.619 | INFO     | __main__:trim_audio_array:226 - Trimmed audio: 6.03s -> 4.51s (removed 1.51s)
2026-07-07 13:10:18.620 | INFO     | __main__:_speech_response_from_payload:1055 - TTS 完成: 44字, queue=0.00s, infer=8.78s, 格式: wav
2026-07-07 13:10:31.080 | INFO     | __main__:trim_audio_array:226 - Trimmed audio: 7.41s -> 5.03s (removed 2.38s)
2026-07-07 13:10:31.080 | INFO     | __main__:_speech_response_from_payload:1055 - TTS 完成: 53字, queue=0.00s, infer=10.45s, 格式: wav
2026-07-07 13:10:43.122 | INFO     | __main__:trim_audio_array:226 - Trimmed audio: 7.00s -> 4.86s (removed 2.14s)
2026-07-07 13:10:43.122 | INFO     | __main__:_speech_response_from_payload:1055 - TTS 完成: 52字, queue=0.00s, infer=10.25s, 格式: wav
2026-07-07 13:10:55.960 | INFO     | __main__:trim_audio_array:226 - Trimmed audio: 7.78s -> 5.59s (removed 2.19s)
2026-07-07 13:10:55.961 | INFO     | __main__:_speech_response_from_payload:1055 - TTS 完成: 57字, queue=0.00s, infer=11.22s, 格式: wav
2026-07-07 13:11:07.467 | INFO     | __main__:trim_audio_array:226 - Trimmed audio: 6.13s -> 4.34s (removed 1.79s)
2026-07-07 13:11:07.467 | INFO     | __main__:_speech_response_from_payload:1055 - TTS 完成: 37字, queue=0.00s, infer=9.14s, 格式: wav
2026-07-07 13:11:18.740 | INFO     | __main__:trim_audio_array:226 - Trimmed audio: 7.02s -> 4.80s (removed 2.22s)
2026-07-07 13:11:18.741 | INFO     | __main__:_speech_response_from_payload:1055 - TTS 完成: 43字, queue=0.00s, infer=9.93s, 格式: wav
2026-07-07 13:11:32.399 | INFO     | __main__:trim_audio_array:226 - Trimmed audio: 8.77s -> 6.71s (removed 2.05s)
2026-07-07 13:11:32.399 | INFO     | __main__:_speech_response_from_payload:1055 - TTS 完成: 63字, queue=0.00s, infer=12.15s, 格式: wav
2026-07-07 13:11:45.505 | INFO     | __main__:trim_audio_array:226 - Trimmed audio: 8.06s -> 5.90s (removed 2.16s)
2026-07-07 13:11:45.506 | INFO     | __main__:_speech_response_from_payload:1055 - TTS 完成: 56字, queue=0.00s, infer=11.44s, 格式: wav
2026-07-07 13:11:59.686 | INFO     | __main__:trim_audio_array:226 - Trimmed audio: 8.63s -> 6.11s (removed 2.52s)
2026-07-07 13:11:59.687 | INFO     | __main__:_speech_response_from_payload:1055 - TTS 完成: 51字, queue=0.00s, infer=12.12s, 格式: wav
2026-07-07 13:12:11.991 | INFO     | __main__:trim_audio_array:226 - Trimmed audio: 6.70s -> 4.25s (removed 2.45s)
2026-07-07 13:12:11.991 | INFO     | __main__:_speech_response_from_payload:1055 - TTS 完成: 34字, queue=0.00s, infer=9.83s, 格式: wav
2026-07-07 13:12:23.452 | INFO     | __main__:trim_audio_array:226 - Trimmed audio: 6.91s -> 4.55s (removed 2.36s)
2026-07-07 13:12:23.452 | INFO     | __main__:_speech_response_from_payload:1055 - TTS 完成: 42字, queue=0.00s, infer=9.89s, 格式: wav
2026-07-07 13:12:36.352 | INFO     | __main__:trim_audio_array:226 - Trimmed audio: 7.33s -> 5.34s (removed 1.99s)
2026-07-07 13:12:36.352 | INFO     | __main__:_speech_response_from_payload:1055 - TTS 完成: 56字, queue=0.00s, infer=10.86s, 格式: wav
2026-07-07 13:12:48.682 | INFO     | __main__:trim_audio_array:226 - Trimmed audio: 7.56s -> 5.18s (removed 2.38s)
2026-07-07 13:12:48.682 | INFO     | __main__:_speech_response_from_payload:1055 - TTS 完成: 53字, queue=0.00s, infer=10.79s, 格式: wav
2026-07-07 13:12:59.539 | INFO     | __main__:trim_audio_array:226 - Trimmed audio: 6.42s -> 4.13s (removed 2.29s)
2026-07-07 13:12:59.539 | INFO     | __main__:_speech_response_from_payload:1055 - TTS 完成: 31字, queue=0.00s, infer=9.29s, 格式: wav
2026-07-07 13:13:14.954 | INFO     | __main__:trim_audio_array:226 - Trimmed audio: 10.27s -> 8.34s (removed 1.94s)
2026-07-07 13:13:14.955 | INFO     | __main__:_speech_response_from_payload:1055 - TTS 完成: 49字, queue=0.00s, infer=14.04s, 格式: wav
2026-07-07 13:13:28.306 | INFO     | __main__:trim_audio_array:226 - Trimmed audio: 7.74s -> 6.51s (removed 1.23s)
2026-07-07 13:13:28.307 | INFO     | __main__:_speech_response_from_payload:1055 - TTS 完成: 49字, queue=0.00s, infer=11.23s, 格式: wav
2026-07-07 13:13:40.041 | INFO     | __main__:trim_audio_array:226 - Trimmed audio: 6.84s -> 4.67s (removed 2.17s)
2026-07-07 13:13:40.041 | INFO     | __main__:_speech_response_from_payload:1055 - TTS 完成: 38字, queue=0.00s, infer=10.01s, 格式: wav
2026-07-07 13:13:51.880 | INFO     | __main__:trim_audio_array:226 - Trimmed audio: 6.34s -> 4.20s (removed 2.14s)
2026-07-07 13:13:51.880 | INFO     | __main__:_speech_response_from_payload:1055 - TTS 完成: 44字, queue=0.00s, infer=9.39s, 格式: wav
2026-07-07 13:13:57.045 | INFO     | __main__:trim_audio_array:226 - Trimmed audio: 1.75s -> 0.64s (removed 1.11s)
2026-07-07 13:13:57.046 | INFO     | __main__:_speech_response_from_payload:1055 - TTS 完成: 44字, queue=0.00s, infer=3.65s, 格式: wav
2026-07-07 13:14:11.154 | INFO     | __main__:trim_audio_array:226 - Trimmed audio: 9.20s -> 7.06s (removed 2.14s)
2026-07-07 13:14:11.155 | INFO     | __main__:_speech_response_from_payload:1055 - TTS 完成: 57字, queue=0.00s, infer=13.17s, 格式: wav
2026-07-07 13:14:22.754 | INFO     | __main__:trim_audio_array:226 - Trimmed audio: 6.39s -> 4.27s (removed 2.11s)
2026-07-07 13:14:22.754 | INFO     | __main__:_speech_response_from_payload:1055 - TTS 完成: 40字, queue=0.00s, infer=9.31s, 格式: wav
2026-07-07 13:14:36.026 | INFO     | __main__:trim_audio_array:226 - Trimmed audio: 7.91s -> 5.67s (removed 2.24s)
2026-07-07 13:14:36.027 | INFO     | __main__:_speech_response_from_payload:1055 - TTS 完成: 42字, queue=0.00s, infer=11.86s, 格式: wav
2026-07-07 13:14:48.304 | INFO     | __main__:trim_audio_array:226 - Trimmed audio: 7.50s -> 6.17s (removed 1.33s)
2026-07-07 13:14:48.304 | INFO     | __main__:_speech_response_from_payload:1055 - TTS 完成: 53字, queue=0.00s, infer=10.72s, 格式: wav
2026-07-07 13:15:02.201 | INFO     | __main__:trim_audio_array:226 - Trimmed audio: 8.41s -> 6.81s (removed 1.60s)
2026-07-07 13:15:02.202 | INFO     | __main__:_speech_response_from_payload:1055 - TTS 完成: 36字, queue=0.00s, infer=12.33s, 格式: wav
2026-07-07 13:15:13.523 | INFO     | __main__:trim_audio_array:226 - Trimmed audio: 6.70s -> 4.44s (removed 2.26s)
2026-07-07 13:15:13.524 | INFO     | __main__:_speech_response_from_payload:1055 - TTS 完成: 45字, queue=0.00s, infer=9.61s, 格式: wav
2026-07-07 13:15:18.053 | INFO     | __main__:trim_audio_array:226 - Trimmed audio: 1.21s -> 0.53s (removed 0.67s)
2026-07-07 13:15:18.054 | INFO     | __main__:_speech_response_from_payload:1055 - TTS 完成: 36字, queue=0.00s, infer=3.13s, 格式: wav
2026-07-07 13:15:28.539 | INFO     | __main__:trim_audio_array:226 - Trimmed audio: 6.50s -> 3.90s (removed 2.60s)
2026-07-07 13:15:28.540 | INFO     | __main__:_speech_response_from_payload:1055 - TTS 完成: 32字, queue=0.00s, infer=9.55s, 格式: wav
2026-07-07 13:15:38.481 | INFO     | __main__:trim_audio_array:226 - Trimmed audio: 5.89s -> 3.70s (removed 2.18s)
2026-07-07 13:15:38.481 | INFO     | __main__:_speech_response_from_payload:1055 - TTS 完成: 34字, queue=0.00s, infer=8.50s, 格式: wav
2026-07-07 13:15:46.806 | INFO     | __main__:trim_audio_array:226 - Trimmed audio: 4.41s -> 3.18s (removed 1.23s)
2026-07-07 13:15:46.807 | INFO     | __main__:_speech_response_from_payload:1055 - TTS 完成: 26字, queue=0.00s, infer=6.85s, 格式: wav
2026-07-07 13:15:56.664 | INFO     | __main__:trim_audio_array:226 - Trimmed audio: 5.97s -> 3.83s (removed 2.14s)
2026-07-07 13:15:56.664 | INFO     | __main__:_speech_response_from_payload:1055 - TTS 完成: 34字, queue=0.00s, infer=8.48s, 格式: wav
2026-07-07 13:16:11.100 | INFO     | __main__:trim_audio_array:226 - Trimmed audio: 9.36s -> 8.03s (removed 1.33s)
2026-07-07 13:16:11.101 | INFO     | __main__:_speech_response_from_payload:1055 - TTS 完成: 67字, queue=0.00s, infer=12.97s, 格式: wav
2026-07-07 13:16:21.308 | INFO     | __main__:trim_audio_array:226 - Trimmed audio: 5.06s -> 3.09s (removed 1.97s)
2026-07-07 13:16:21.309 | INFO     | __main__:_speech_response_from_payload:1055 - TTS 完成: 31字, queue=0.00s, infer=7.92s, 格式: wav
2026-07-07 13:16:34.366 | INFO     | __main__:trim_audio_array:226 - Trimmed audio: 7.28s -> 5.06s (removed 2.22s)
2026-07-07 13:16:34.366 | INFO     | __main__:_speech_response_from_payload:1055 - TTS 完成: 41字, queue=0.00s, infer=10.74s, 格式: wav
2026-07-07 13:16:44.423 | INFO     | __main__:trim_audio_array:226 - Trimmed audio: 5.25s -> 4.03s (removed 1.22s)
2026-07-07 13:16:44.424 | INFO     | __main__:_speech_response_from_payload:1055 - TTS 完成: 42字, queue=0.00s, infer=8.08s, 格式: wav
2026-07-07 13:16:55.125 | INFO     | __main__:trim_audio_array:226 - Trimmed audio: 6.44s -> 4.60s (removed 1.84s)
2026-07-07 13:16:55.126 | INFO     | __main__:_speech_response_from_payload:1055 - TTS 完成: 45字, queue=0.00s, infer=9.25s, 格式: wav
2026-07-07 13:17:03.934 | INFO     | __main__:trim_audio_array:226 - Trimmed audio: 4.81s -> 3.69s (removed 1.11s)
2026-07-07 13:17:03.934 | INFO     | __main__:_speech_response_from_payload:1055 - TTS 完成: 35字, queue=0.00s, infer=7.40s, 格式: wav
2026-07-07 13:17:15.160 | INFO     | __main__:trim_audio_array:226 - Trimmed audio: 6.58s -> 4.25s (removed 2.33s)
2026-07-07 13:17:15.161 | INFO     | __main__:_speech_response_from_payload:1055 - TTS 完成: 39字, queue=0.00s, infer=9.79s, 格式: wav
2026-07-07 13:17:25.793 | INFO     | __main__:trim_audio_array:226 - Trimmed audio: 6.30s -> 4.88s (removed 1.43s)
2026-07-07 13:17:25.794 | INFO     | __main__:_speech_response_from_payload:1055 - TTS 完成: 37字, queue=0.00s, infer=9.21s, 格式: wav
2026-07-07 13:17:37.381 | INFO     | __main__:trim_audio_array:226 - Trimmed audio: 6.63s -> 5.49s (removed 1.14s)
2026-07-07 13:17:37.382 | INFO     | __main__:_speech_response_from_payload:1055 - TTS 完成: 42字, queue=0.00s, infer=9.72s, 格式: wav
2026-07-07 13:17:51.794 | INFO     | __main__:trim_audio_array:226 - Trimmed audio: 8.34s -> 5.71s (removed 2.62s)
2026-07-07 13:17:51.795 | INFO     | __main__:_speech_response_from_payload:1055 - TTS 完成: 46字, queue=0.00s, infer=11.85s, 格式: wav
2026-07-07 13:18:01.153 | INFO     | __main__:trim_audio_array:226 - Trimmed audio: 5.31s -> 3.27s (removed 2.04s)
2026-07-07 13:18:01.153 | INFO     | __main__:_speech_response_from_payload:1055 - TTS 完成: 35字, queue=0.00s, infer=7.85s, 格式: wav
2026-07-07 13:18:11.002 | INFO     | __main__:trim_audio_array:226 - Trimmed audio: 5.63s -> 3.28s (removed 2.35s)
2026-07-07 13:18:11.003 | INFO     | __main__:_speech_response_from_payload:1055 - TTS 完成: 34字, queue=0.00s, infer=8.46s, 格式: wav
2026-07-07 13:18:21.667 | INFO     | __main__:trim_audio_array:226 - Trimmed audio: 6.27s -> 5.33s (removed 0.94s)
2026-07-07 13:18:21.667 | INFO     | __main__:_speech_response_from_payload:1055 - TTS 完成: 40字, queue=0.00s, infer=9.14s, 格式: wav
2026-07-07 13:19:35.121 | INFO     | __main__:trim_audio_array:226 - Trimmed audio: 1.83s -> 0.56s (removed 1.28s)
2026-07-07 13:19:35.121 | INFO     | __main__:_speech_response_from_payload:1055 - TTS 完成: 45字, queue=0.00s, infer=3.68s, 格式: wav
2026-07-07 13:19:45.171 | INFO     | __main__:trim_audio_array:226 - Trimmed audio: 6.27s -> 4.09s (removed 2.18s)
2026-07-07 13:19:45.172 | INFO     | __main__:_speech_response_from_payload:1055 - TTS 完成: 35字, queue=0.00s, infer=9.04s, 格式: wav
2026-07-07 13:19:55.371 | INFO     | __main__:trim_audio_array:226 - Trimmed audio: 5.94s -> 4.58s (removed 1.37s)
2026-07-07 13:19:55.371 | INFO     | __main__:_speech_response_from_payload:1055 - TTS 完成: 37字, queue=0.00s, infer=8.70s, 格式: wav
2026-07-07 13:20:07.772 | INFO     | __main__:trim_audio_array:226 - Trimmed audio: 7.50s -> 4.64s (removed 2.86s)
2026-07-07 13:20:07.773 | INFO     | __main__:_speech_response_from_payload:1055 - TTS 完成: 38字, queue=0.00s, infer=10.88s, 格式: wav
2026-07-07 13:20:18.992 | INFO     | __main__:trim_audio_array:226 - Trimmed audio: 6.44s -> 4.57s (removed 1.87s)
2026-07-07 13:20:18.993 | INFO     | __main__:_speech_response_from_payload:1055 - TTS 完成: 41字, queue=0.00s, infer=9.24s, 格式: wav
2026-07-07 13:20:30.150 | INFO     | __main__:trim_audio_array:226 - Trimmed audio: 5.75s -> 4.60s (removed 1.14s)
2026-07-07 13:20:30.150 | INFO     | __main__:_speech_response_from_payload:1055 - TTS 完成: 37字, queue=0.00s, infer=8.26s, 格式: wav
2026-07-07 13:20:40.603 | INFO     | __main__:trim_audio_array:226 - Trimmed audio: 6.20s -> 3.76s (removed 2.44s)
2026-07-07 13:20:40.604 | INFO     | __main__:_speech_response_from_payload:1055 - TTS 完成: 33字, queue=0.00s, infer=8.99s, 格式: wav
2026-07-07 13:20:49.442 | INFO     | __main__:trim_audio_array:226 - Trimmed audio: 4.61s -> 2.88s (removed 1.73s)
2026-07-07 13:20:49.443 | INFO     | __main__:_speech_response_from_payload:1055 - TTS 完成: 22字, queue=0.00s, infer=7.26s, 格式: wav
2026-07-07 13:21:01.058 | INFO     | __main__:trim_audio_array:226 - Trimmed audio: 7.22s -> 4.71s (removed 2.51s)
2026-07-07 13:21:01.059 | INFO     | __main__:_speech_response_from_payload:1055 - TTS 完成: 47字, queue=0.00s, infer=10.25s, 格式: wav
2026-07-07 13:21:10.880 | INFO     | __main__:trim_audio_array:226 - Trimmed audio: 5.42s -> 3.35s (removed 2.07s)
2026-07-07 13:21:10.881 | INFO     | __main__:_speech_response_from_payload:1055 - TTS 完成: 28字, queue=0.00s, infer=8.40s, 格式: wav
2026-07-07 13:21:23.512 | INFO     | __main__:trim_audio_array:226 - Trimmed audio: 6.34s -> 4.39s (removed 1.95s)
2026-07-07 13:21:23.513 | INFO     | __main__:_speech_response_from_payload:1055 - TTS 完成: 44字, queue=0.00s, infer=9.18s, 格式: wav
2026-07-07 13:21:38.262 | INFO     | __main__:trim_audio_array:226 - Trimmed audio: 6.58s -> 4.20s (removed 2.38s)
2026-07-07 13:21:38.262 | INFO     | __main__:_speech_response_from_payload:1055 - TTS 完成: 27字, queue=0.00s, infer=9.64s, 格式: wav
2026-07-07 13:21:53.751 | INFO     | __main__:trim_audio_array:226 - Trimmed audio: 7.60s -> 5.24s (removed 2.37s)
2026-07-07 13:21:53.752 | INFO     | __main__:_speech_response_from_payload:1055 - TTS 完成: 50字, queue=0.00s, infer=10.86s, 格式: wav
2026-07-07 13:22:06.685 | INFO     | __main__:trim_audio_array:226 - Trimmed audio: 8.00s -> 5.14s (removed 2.86s)
2026-07-07 13:22:06.685 | INFO     | __main__:_speech_response_from_payload:1055 - TTS 完成: 49字, queue=0.00s, infer=11.46s, 格式: wav
2026-07-07 13:22:18.011 | INFO     | __main__:trim_audio_array:226 - Trimmed audio: 6.88s -> 5.70s (removed 1.19s)
2026-07-07 13:22:18.012 | INFO     | __main__:_speech_response_from_payload:1055 - TTS 完成: 49字, queue=0.00s, infer=9.82s, 格式: wav
2026-07-07 13:22:30.753 | INFO     | __main__:trim_audio_array:226 - Trimmed audio: 8.05s -> 5.10s (removed 2.94s)
2026-07-07 13:22:30.754 | INFO     | __main__:_speech_response_from_payload:1055 - TTS 完成: 54字, queue=0.00s, infer=11.09s, 格式: wav
2026-07-07 13:22:43.701 | INFO     | __main__:trim_audio_array:226 - Trimmed audio: 7.74s -> 5.33s (removed 2.42s)
2026-07-07 13:22:43.701 | INFO     | __main__:_speech_response_from_payload:1055 - TTS 完成: 48字, queue=0.00s, infer=11.28s, 格式: wav
2026-07-07 13:22:56.973 | INFO     | __main__:trim_audio_array:226 - Trimmed audio: 8.27s -> 4.95s (removed 3.32s)
2026-07-07 13:22:56.973 | INFO     | __main__:_speech_response_from_payload:1055 - TTS 完成: 45字, queue=0.00s, infer=11.61s, 格式: wav
2026-07-07 13:23:08.700 | INFO     | __main__:trim_audio_array:226 - Trimmed audio: 6.11s -> 4.22s (removed 1.89s)
2026-07-07 13:23:08.701 | INFO     | __main__:_speech_response_from_payload:1055 - TTS 完成: 40字, queue=0.00s, infer=8.94s, 格式: wav
2026-07-07 13:23:20.716 | INFO     | __main__:trim_audio_array:226 - Trimmed audio: 7.42s -> 5.34s (removed 2.08s)
2026-07-07 13:23:20.716 | INFO     | __main__:_speech_response_from_payload:1055 - TTS 完成: 53字, queue=0.00s, infer=10.39s, 格式: wav
2026-07-07 13:23:33.367 | INFO     | __main__:trim_audio_array:226 - Trimmed audio: 7.77s -> 5.46s (removed 2.31s)
2026-07-07 13:23:33.367 | INFO     | __main__:_speech_response_from_payload:1055 - TTS 完成: 52字, queue=0.00s, infer=11.09s, 格式: wav
2026-07-07 13:23:43.364 | INFO     | __main__:trim_audio_array:226 - Trimmed audio: 5.70s -> 3.85s (removed 1.85s)
2026-07-07 13:23:43.365 | INFO     | __main__:_speech_response_from_payload:1055 - TTS 完成: 35字, queue=0.00s, infer=8.38s, 格式: wav
2026-07-07 13:23:55.597 | INFO     | __main__:trim_audio_array:226 - Trimmed audio: 7.77s -> 5.18s (removed 2.59s)
2026-07-07 13:23:55.597 | INFO     | __main__:_speech_response_from_payload:1055 - TTS 完成: 46字, queue=0.00s, infer=10.87s, 格式: wav
2026-07-07 13:24:11.821 | INFO     | __main__:trim_audio_array:226 - Trimmed audio: 6.99s -> 5.04s (removed 1.95s)
2026-07-07 13:24:11.821 | INFO     | __main__:_speech_response_from_payload:1055 - TTS 完成: 51字, queue=0.00s, infer=9.99s, 格式: wav
2026-07-07 13:24:28.512 | INFO     | __main__:trim_audio_array:226 - Trimmed audio: 7.28s -> 4.80s (removed 2.48s)
2026-07-07 13:24:28.513 | INFO     | __main__:_speech_response_from_payload:1055 - TTS 完成: 48字, queue=0.00s, infer=10.50s, 格式: wav
2026-07-07 13:24:46.583 | INFO     | __main__:trim_audio_array:226 - Trimmed audio: 9.44s -> 7.66s (removed 1.78s)
2026-07-07 13:24:46.584 | INFO     | __main__:_speech_response_from_payload:1055 - TTS 完成: 55字, queue=0.00s, infer=13.18s, 格式: wav
2026-07-07 13:25:23.945 | INFO     | __main__:trim_audio_array:226 - Trimmed audio: 6.30s -> 4.55s (removed 1.75s)
2026-07-07 13:25:23.945 | INFO     | __main__:_speech_response_from_payload:1055 - TTS 完成: 37字, queue=0.00s, infer=9.14s, 格式: wav
2026-07-07 13:25:41.229 | INFO     | __main__:trim_audio_array:226 - Trimmed audio: 7.66s -> 6.54s (removed 1.13s)
2026-07-07 13:25:41.230 | INFO     | __main__:_speech_response_from_payload:1055 - TTS 完成: 54字, queue=0.00s, infer=10.73s, 格式: wav
2026-07-07 13:26:15.401 | INFO     | __main__:trim_audio_array:226 - Trimmed audio: 11.26s -> 9.68s (removed 1.58s)
2026-07-07 13:26:15.402 | INFO     | __main__:_speech_response_from_payload:1055 - TTS 完成: 79字, queue=0.00s, infer=14.87s, 格式: wav
2026-07-07 13:26:27.961 | INFO     | __main__:trim_audio_array:226 - Trimmed audio: 5.97s -> 3.82s (removed 2.15s)
2026-07-07 13:26:27.961 | INFO     | __main__:_speech_response_from_payload:1055 - TTS 完成: 38字, queue=0.00s, infer=8.82s, 格式: wav
2026-07-07 13:26:44.048 | INFO     | __main__:trim_audio_array:226 - Trimmed audio: 8.14s -> 6.11s (removed 2.03s)
2026-07-07 13:26:44.048 | INFO     | __main__:_speech_response_from_payload:1055 - TTS 完成: 50字, queue=0.00s, infer=11.54s, 格式: wav
2026-07-07 13:26:52.438 | INFO     | __main__:trim_audio_array:226 - Trimmed audio: 4.14s -> 2.10s (removed 2.05s)
2026-07-07 13:26:52.439 | INFO     | __main__:_speech_response_from_payload:1055 - TTS 完成: 21字, queue=0.00s, infer=6.59s, 格式: wav
2026-07-07 13:27:04.453 | INFO     | __main__:trim_audio_array:226 - Trimmed audio: 7.19s -> 4.33s (removed 2.86s)
2026-07-07 13:27:04.453 | INFO     | __main__:_speech_response_from_payload:1055 - TTS 完成: 41字, queue=0.00s, infer=10.45s, 格式: wav
2026-07-07 13:27:18.424 | INFO     | __main__:trim_audio_array:226 - Trimmed audio: 6.86s -> 5.65s (removed 1.21s)
2026-07-07 13:27:18.424 | INFO     | __main__:_speech_response_from_payload:1055 - TTS 完成: 52字, queue=0.00s, infer=9.97s, 格式: wav
2026-07-07 13:27:31.181 | INFO     | __main__:trim_audio_array:226 - Trimmed audio: 7.55s -> 4.80s (removed 2.74s)
2026-07-07 13:27:31.181 | INFO     | __main__:_speech_response_from_payload:1055 - TTS 完成: 52字, queue=0.00s, infer=10.79s, 格式: wav
2026-07-07 13:27:44.205 | INFO     | __main__:trim_audio_array:226 - Trimmed audio: 6.91s -> 4.60s (removed 2.31s)
2026-07-07 13:27:44.206 | INFO     | __main__:_speech_response_from_payload:1055 - TTS 完成: 39字, queue=0.00s, infer=10.20s, 格式: wav
2026-07-07 13:27:58.931 | INFO     | __main__:trim_audio_array:226 - Trimmed audio: 6.36s -> 4.09s (removed 2.28s)
2026-07-07 13:27:58.932 | INFO     | __main__:_speech_response_from_payload:1055 - TTS 完成: 35字, queue=0.00s, infer=9.58s, 格式: wav
2026-07-07 13:28:13.685 | INFO     | __main__:trim_audio_array:226 - Trimmed audio: 8.50s -> 5.34s (removed 3.16s)
2026-07-07 13:28:13.685 | INFO     | __main__:_speech_response_from_payload:1055 - TTS 完成: 50字, queue=0.00s, infer=11.96s, 格式: wav
2026-07-07 13:28:23.534 | INFO     | __main__:trim_audio_array:226 - Trimmed audio: 5.55s -> 3.46s (removed 2.09s)
2026-07-07 13:28:23.535 | INFO     | __main__:_speech_response_from_payload:1055 - TTS 完成: 36字, queue=0.00s, infer=8.17s, 格式: wav
2026-07-07 13:28:34.780 | INFO     | __main__:trim_audio_array:226 - Trimmed audio: 6.66s -> 4.57s (removed 2.09s)
2026-07-07 13:28:34.781 | INFO     | __main__:_speech_response_from_payload:1055 - TTS 完成: 40字, queue=0.00s, infer=9.63s, 格式: wav
2026-07-07 13:28:45.146 | INFO     | __main__:trim_audio_array:226 - Trimmed audio: 5.13s -> 3.04s (removed 2.09s)
2026-07-07 13:28:45.146 | INFO     | __main__:_speech_response_from_payload:1055 - TTS 完成: 25字, queue=0.00s, infer=7.71s, 格式: wav
2026-07-07 13:28:56.905 | INFO     | __main__:trim_audio_array:226 - Trimmed audio: 5.69s -> 3.04s (removed 2.65s)
2026-07-07 13:28:56.905 | INFO     | __main__:_speech_response_from_payload:1055 - TTS 完成: 30字, queue=0.00s, infer=8.51s, 格式: wav
2026-07-07 13:29:12.805 | INFO     | __main__:trim_audio_array:226 - Trimmed audio: 6.97s -> 4.23s (removed 2.74s)
2026-07-07 13:29:12.806 | INFO     | __main__:_speech_response_from_payload:1055 - TTS 完成: 35字, queue=0.00s, infer=10.09s, 格式: wav
2026-07-07 13:29:23.019 | INFO     | __main__:trim_audio_array:226 - Trimmed audio: 5.31s -> 3.32s (removed 1.99s)
2026-07-07 13:29:23.019 | INFO     | __main__:_speech_response_from_payload:1055 - TTS 完成: 30字, queue=0.00s, infer=7.84s, 格式: wav
2026-07-07 13:29:37.167 | INFO     | __main__:trim_audio_array:226 - Trimmed audio: 6.44s -> 4.37s (removed 2.08s)
2026-07-07 13:29:37.167 | INFO     | __main__:_speech_response_from_payload:1055 - TTS 完成: 36字, queue=0.00s, infer=9.52s, 格式: wav
2026-07-07 13:29:52.198 | INFO     | __main__:trim_audio_array:226 - Trimmed audio: 7.11s -> 5.28s (removed 1.83s)
2026-07-07 13:29:52.199 | INFO     | __main__:_speech_response_from_payload:1055 - TTS 完成: 51字, queue=0.00s, infer=9.83s, 格式: wav
2026-07-07 13:30:13.814 | INFO     | __main__:trim_audio_array:226 - Trimmed audio: 6.05s -> 4.03s (removed 2.02s)
2026-07-07 13:30:13.814 | INFO     | __main__:_speech_response_from_payload:1055 - TTS 完成: 36字, queue=0.00s, infer=8.38s, 格式: wav
2026-07-07 13:30:26.040 | INFO     | __main__:trim_audio_array:226 - Trimmed audio: 6.69s -> 4.76s (removed 1.93s)
2026-07-07 13:30:26.040 | INFO     | __main__:_speech_response_from_payload:1055 - TTS 完成: 35字, queue=0.00s, infer=9.78s, 格式: wav
2026-07-07 13:30:42.403 | INFO     | __main__:trim_audio_array:226 - Trimmed audio: 4.95s -> 2.97s (removed 1.98s)
2026-07-07 13:30:42.404 | INFO     | __main__:_speech_response_from_payload:1055 - TTS 完成: 31字, queue=0.00s, infer=7.25s, 格式: wav
2026-07-07 13:30:52.949 | INFO     | __main__:trim_audio_array:226 - Trimmed audio: 5.27s -> 3.35s (removed 1.92s)
2026-07-07 13:30:52.949 | INFO     | __main__:_speech_response_from_payload:1055 - TTS 完成: 38字, queue=0.00s, infer=7.94s, 格式: wav
2026-07-07 13:31:02.979 | INFO     | __main__:trim_audio_array:226 - Trimmed audio: 5.97s -> 3.51s (removed 2.46s)
2026-07-07 13:31:02.980 | INFO     | __main__:_speech_response_from_payload:1055 - TTS 完成: 35字, queue=0.00s, infer=8.70s, 格式: wav
2026-07-07 13:31:16.466 | INFO     | __main__:trim_audio_array:226 - Trimmed audio: 8.32s -> 7.58s (removed 0.74s)
2026-07-07 13:31:16.467 | INFO     | __main__:_speech_response_from_payload:1055 - TTS 完成: 38字, queue=0.00s, infer=12.09s, 格式: wav
2026-07-07 13:31:26.753 | INFO     | __main__:trim_audio_array:226 - Trimmed audio: 5.50s -> 3.48s (removed 2.02s)
2026-07-07 13:31:26.754 | INFO     | __main__:_speech_response_from_payload:1055 - TTS 完成: 34字, queue=0.00s, infer=7.89s, 格式: wav
2026-07-07 13:31:37.629 | INFO     | __main__:trim_audio_array:226 - Trimmed audio: 6.47s -> 4.13s (removed 2.33s)
2026-07-07 13:31:37.629 | INFO     | __main__:_speech_response_from_payload:1055 - TTS 完成: 39字, queue=0.00s, infer=9.39s, 格式: wav
2026-07-07 13:31:47.411 | INFO     | __main__:trim_audio_array:226 - Trimmed audio: 5.55s -> 3.53s (removed 2.02s)
2026-07-07 13:31:47.412 | INFO     | __main__:_speech_response_from_payload:1055 - TTS 完成: 33字, queue=0.00s, infer=8.05s, 格式: wav
2026-07-07 13:31:58.883 | INFO     | __main__:trim_audio_array:226 - Trimmed audio: 6.78s -> 4.57s (removed 2.21s)
2026-07-07 13:31:58.884 | INFO     | __main__:_speech_response_from_payload:1055 - TTS 完成: 44字, queue=0.00s, infer=10.01s, 格式: wav
2026-07-07 13:32:10.149 | INFO     | __main__:trim_audio_array:226 - Trimmed audio: 6.69s -> 4.30s (removed 2.38s)
2026-07-07 13:32:10.150 | INFO     | __main__:_speech_response_from_payload:1055 - TTS 完成: 41字, queue=0.00s, infer=9.74s, 格式: wav
2026-07-07 13:32:23.657 | INFO     | __main__:trim_audio_array:226 - Trimmed audio: 7.27s -> 5.11s (removed 2.16s)
2026-07-07 13:32:23.657 | INFO     | __main__:_speech_response_from_payload:1055 - TTS 完成: 37字, queue=0.00s, infer=10.47s, 格式: wav
2026-07-07 13:32:36.010 | INFO     | __main__:trim_audio_array:226 - Trimmed audio: 7.44s -> 4.41s (removed 3.03s)
2026-07-07 13:32:36.010 | INFO     | __main__:_speech_response_from_payload:1055 - TTS 完成: 33字, queue=0.00s, infer=10.54s, 格式: wav
2026-07-07 13:32:46.272 | INFO     | __main__:trim_audio_array:226 - Trimmed audio: 5.78s -> 3.74s (removed 2.04s)
2026-07-07 13:32:46.272 | INFO     | __main__:_speech_response_from_payload:1055 - TTS 完成: 35字, queue=0.00s, infer=8.67s, 格式: wav
2026-07-07 13:33:01.526 | INFO     | __main__:trim_audio_array:226 - Trimmed audio: 6.13s -> 5.03s (removed 1.10s)
2026-07-07 13:33:01.526 | INFO     | __main__:_speech_response_from_payload:1055 - TTS 完成: 48字, queue=0.00s, infer=9.20s, 格式: wav
2026-07-07 13:33:14.017 | INFO     | __main__:trim_audio_array:226 - Trimmed audio: 5.84s -> 4.35s (removed 1.49s)
2026-07-07 13:33:14.018 | INFO     | __main__:_speech_response_from_payload:1055 - TTS 完成: 38字, queue=0.00s, infer=8.77s, 格式: wav
2026-07-07 13:33:27.937 | INFO     | __main__:trim_audio_array:226 - Trimmed audio: 8.41s -> 6.73s (removed 1.67s)
2026-07-07 13:33:27.938 | INFO     | __main__:_speech_response_from_payload:1055 - TTS 完成: 61字, queue=0.00s, infer=11.65s, 格式: wav
2026-07-07 13:33:41.652 | INFO     | __main__:trim_audio_array:226 - Trimmed audio: 6.58s -> 4.38s (removed 2.21s)
2026-07-07 13:33:41.652 | INFO     | __main__:_speech_response_from_payload:1055 - TTS 完成: 46字, queue=0.00s, infer=9.71s, 格式: wav
2026-07-07 13:33:55.986 | INFO     | __main__:trim_audio_array:226 - Trimmed audio: 9.38s -> 7.21s (removed 2.18s)
2026-07-07 13:33:55.987 | INFO     | __main__:_speech_response_from_payload:1055 - TTS 完成: 40字, queue=0.00s, infer=12.90s, 格式: wav
2026-07-07 13:34:11.902 | INFO     | __main__:trim_audio_array:226 - Trimmed audio: 6.58s -> 5.04s (removed 1.54s)
2026-07-07 13:34:11.902 | INFO     | __main__:_speech_response_from_payload:1055 - TTS 完成: 51字, queue=0.00s, infer=9.47s, 格式: wav
2026-07-07 13:34:28.309 | INFO     | __main__:trim_audio_array:226 - Trimmed audio: 5.97s -> 4.29s (removed 1.68s)
2026-07-07 13:34:28.309 | INFO     | __main__:_speech_response_from_payload:1055 - TTS 完成: 45字, queue=0.00s, infer=8.72s, 格式: wav
2026-07-07 13:34:36.719 | INFO     | __main__:trim_audio_array:226 - Trimmed audio: 4.59s -> 2.78s (removed 1.80s)
2026-07-07 13:34:36.719 | INFO     | __main__:_speech_response_from_payload:1055 - TTS 完成: 18字, queue=0.00s, infer=6.99s, 格式: wav
2026-07-09 16:33:47.540 | INFO     | __main__:<module>:1269 - IndexTTS2 API Server - http://0.0.0.0:8002
2026-07-09 16:33:47.540 | INFO     | __main__:<module>:1270 -   WebUI: http://0.0.0.0:8002/
2026-07-09 16:33:47.540 | INFO     | __main__:<module>:1271 -   API:   http://0.0.0.0:8002/docs
2026-07-09 16:33:47.541 | INFO     | __main__:<module>:1272 - Device: auto, FP16: True
2026-07-09 16:33:47.572 | INFO     | __main__:lifespan:707 - Initializing IndexTTS2...
2026-07-09 16:33:47.572 | INFO     | __main__:lifespan:713 - IndexTTS2 initialized successfully (reusing instance from webui_enhanced)
2026-07-09 16:33:47.573 | INFO     | __main__:lifespan:733 - 已加载 11 个音色
2026-07-09 16:37:06.787 | INFO     | __main__:upload_speaker:956 - 音色注册成功: spk_079cfb7f ()
2026-07-09 16:37:08.167 | ERROR    | __main__:_speech_response_from_payload:1077 - TTS 失败: [Errno 2] No such file or directory: 'C:\\Users\\HPOMNI~1\\AppData\\Local\\Temp\\dubstudio_voice_refs\\ref_seg1_1783607415175_6.99_19.97.wav'
2026-07-09 16:37:16.745 | INFO     | __main__:upload_speaker:956 - 音色注册成功: spk_d5c7c179 ()
2026-07-09 16:37:18.298 | ERROR    | __main__:_speech_response_from_payload:1077 - TTS 失败: [Errno 2] No such file or directory: 'C:\\Users\\HPOMNI~1\\AppData\\Local\\Temp\\dubstudio_voice_refs\\ref_seg2_1783607415175_20.55_29.51.wav'
2026-07-09 16:37:26.178 | INFO     | __main__:upload_speaker:956 - 音色注册成功: spk_57695b79 ()
2026-07-09 16:37:27.547 | ERROR    | __main__:_speech_response_from_payload:1077 - TTS 失败: [Errno 2] No such file or directory: 'C:\\Users\\HPOMNI~1\\AppData\\Local\\Temp\\dubstudio_voice_refs\\ref_seg3_1783607415175_29.51_37.09.wav'
2026-07-09 16:37:34.573 | INFO     | __main__:upload_speaker:956 - 音色注册成功: spk_18fa9339 ()
2026-07-09 16:37:35.555 | ERROR    | __main__:_speech_response_from_payload:1077 - TTS 失败: [Errno 2] No such file or directory: 'C:\\Users\\HPOMNI~1\\AppData\\Local\\Temp\\dubstudio_voice_refs\\ref_seg4_1783607415175_37.77_46.21.wav'
2026-07-09 16:41:49.833 | INFO     | __main__:upload_speaker:956 - 音色注册成功: spk_6d715482 ()
2026-07-09 16:42:28.422 | INFO     | __main__:trim_audio_array:226 - Trimmed audio: 12.79s -> 11.42s (removed 1.37s)
2026-07-09 16:42:28.423 | INFO     | __main__:_speech_response_from_payload:1055 - TTS 完成: 183字, queue=0.00s, infer=36.05s, 格式: wav
2026-07-09 16:45:13.913 | ERROR    | __main__:_speech_response_from_payload:1077 - TTS 失败: CUDA error: an illegal memory access was encountered
CUDA kernel errors might be asynchronously reported at some other API call, so the stacktrace below might be incorrect.
For debugging consider passing CUDA_LAUNCH_BLOCKING=1
Compile with `TORCH_USE_CUDA_DSA` to enable device-side assertions.

2026-07-09 16:45:39.349 | ERROR    | __main__:_speech_response_from_payload:1077 - TTS 失败: CUDA error: an illegal memory access was encountered
CUDA kernel errors might be asynchronously reported at some other API call, so the stacktrace below might be incorrect.
For debugging consider passing CUDA_LAUNCH_BLOCKING=1
Compile with `TORCH_USE_CUDA_DSA` to enable device-side assertions.

2026-07-09 16:46:39.888 | ERROR    | __main__:_speech_response_from_payload:1077 - TTS 失败: CUDA error: an illegal memory access was encountered
CUDA kernel errors might be asynchronously reported at some other API call, so the stacktrace below might be incorrect.
For debugging consider passing CUDA_LAUNCH_BLOCKING=1
Compile with `TORCH_USE_CUDA_DSA` to enable device-side assertions.

2026-07-09 16:46:51.596 | INFO     | __main__:lifespan:736 - Shutting down...
2026-07-09 16:47:34.957 | INFO     | __main__:<module>:1269 - IndexTTS2 API Server - http://0.0.0.0:8002
2026-07-09 16:47:34.957 | INFO     | __main__:<module>:1270 -   WebUI: http://0.0.0.0:8002/
2026-07-09 16:47:34.958 | INFO     | __main__:<module>:1271 -   API:   http://0.0.0.0:8002/docs
2026-07-09 16:47:34.958 | INFO     | __main__:<module>:1272 - Device: auto, FP16: True
2026-07-09 16:47:34.972 | INFO     | __main__:lifespan:707 - Initializing IndexTTS2...
2026-07-09 16:47:34.973 | INFO     | __main__:lifespan:713 - IndexTTS2 initialized successfully (reusing instance from webui_enhanced)
2026-07-09 16:47:34.973 | INFO     | __main__:lifespan:733 - 已加载 16 个音色
2026-07-09 16:49:44.630 | ERROR    | __main__:_speech_response_from_payload:1077 - TTS 失败: CUDA error: an illegal memory access was encountered
CUDA kernel errors might be asynchronously reported at some other API call, so the stacktrace below might be incorrect.
For debugging consider passing CUDA_LAUNCH_BLOCKING=1
Compile with `TORCH_USE_CUDA_DSA` to enable device-side assertions.

2026-07-09 16:58:20.358 | ERROR    | __main__:_speech_response_from_payload:1077 - TTS 失败: CUDA error: an illegal memory access was encountered
CUDA kernel errors might be asynchronously reported at some other API call, so the stacktrace below might be incorrect.
For debugging consider passing CUDA_LAUNCH_BLOCKING=1
Compile with `TORCH_USE_CUDA_DSA` to enable device-side assertions.

2026-07-09 16:58:27.896 | ERROR    | __main__:_speech_response_from_payload:1077 - TTS 失败: CUDA error: an illegal memory access was encountered
CUDA kernel errors might be asynchronously reported at some other API call, so the stacktrace below might be incorrect.
For debugging consider passing CUDA_LAUNCH_BLOCKING=1
Compile with `TORCH_USE_CUDA_DSA` to enable device-side assertions.

2026-07-09 16:58:34.726 | ERROR    | __main__:_speech_response_from_payload:1077 - TTS 失败: CUDA error: an illegal memory access was encountered
CUDA kernel errors might be asynchronously reported at some other API call, so the stacktrace below might be incorrect.
For debugging consider passing CUDA_LAUNCH_BLOCKING=1
Compile with `TORCH_USE_CUDA_DSA` to enable device-side assertions.

2026-07-09 16:58:42.680 | ERROR    | __main__:_speech_response_from_payload:1077 - TTS 失败: CUDA error: an illegal memory access was encountered
CUDA kernel errors might be asynchronously reported at some other API call, so the stacktrace below might be incorrect.
For debugging consider passing CUDA_LAUNCH_BLOCKING=1
Compile with `TORCH_USE_CUDA_DSA` to enable device-side assertions.

2026-07-09 16:58:48.466 | WARNING  | __main__:upload_speaker:944 - 音色预热失败（不影响使用）: CUDA error: an illegal memory access was encountered
CUDA kernel errors might be asynchronously reported at some other API call, so the stacktrace below might be incorrect.
For debugging consider passing CUDA_LAUNCH_BLOCKING=1
Compile with `TORCH_USE_CUDA_DSA` to enable device-side assertions.

2026-07-09 16:58:48.468 | INFO     | __main__:upload_speaker:956 - 音色注册成功: spk_a6069d32 ()
2026-07-09 16:58:50.389 | ERROR    | __main__:_speech_response_from_payload:1077 - TTS 失败: CUDA error: an illegal memory access was encountered
CUDA kernel errors might be asynchronously reported at some other API call, so the stacktrace below might be incorrect.
For debugging consider passing CUDA_LAUNCH_BLOCKING=1
Compile with `TORCH_USE_CUDA_DSA` to enable device-side assertions.

2026-07-09 16:58:59.174 | WARNING  | __main__:upload_speaker:944 - 音色预热失败（不影响使用）: CUDA error: an illegal memory access was encountered
CUDA kernel errors might be asynchronously reported at some other API call, so the stacktrace below might be incorrect.
For debugging consider passing CUDA_LAUNCH_BLOCKING=1
Compile with `TORCH_USE_CUDA_DSA` to enable device-side assertions.

2026-07-09 16:58:59.176 | INFO     | __main__:upload_speaker:956 - 音色注册成功: spk_9456d167 ()
2026-07-09 16:59:00.908 | ERROR    | __main__:_speech_response_from_payload:1077 - TTS 失败: CUDA error: an illegal memory access was encountered
CUDA kernel errors might be asynchronously reported at some other API call, so the stacktrace below might be incorrect.
For debugging consider passing CUDA_LAUNCH_BLOCKING=1
Compile with `TORCH_USE_CUDA_DSA` to enable device-side assertions.

2026-07-09 16:59:34.735 | INFO     | __main__:lifespan:736 - Shutting down...
2026-07-09 17:00:15.416 | INFO     | __main__:<module>:1288 - IndexTTS2 API Server - http://0.0.0.0:8002
2026-07-09 17:00:15.416 | INFO     | __main__:<module>:1289 -   WebUI: http://0.0.0.0:8002/
2026-07-09 17:00:15.416 | INFO     | __main__:<module>:1290 -   API:   http://0.0.0.0:8002/docs
2026-07-09 17:00:15.416 | INFO     | __main__:<module>:1291 - Device: auto, FP16: True
2026-07-09 17:00:15.431 | INFO     | __main__:lifespan:726 - Initializing IndexTTS2...
2026-07-09 17:00:15.431 | INFO     | __main__:lifespan:732 - IndexTTS2 initialized successfully (reusing instance from webui_enhanced)
2026-07-09 17:00:15.432 | INFO     | __main__:lifespan:752 - Loaded 18 voices
2026-07-09 17:01:50.282 | WARNING  | __main__:_extract_params:436 - Unsafe parameter combination detected: do_sample=True & num_beams=3. This triggers CUDA illegal memory access under DeepSpeed inference. Automatically setting num_beams=1 (preserving sampling mode). For beam search, explicitly pass do_sample=False.
2026-07-09 17:02:07.491 | INFO     | __main__:trim_audio_array:229 - Trimmed audio: 12.41s -> 11.37s (removed 1.04s)
2026-07-09 17:02:07.491 | INFO     | __main__:_speech_response_from_payload:1074 - TTS completed: 183 chars, queue=0.00s, infer=17.09s, format: wav
2026-07-09 17:03:28.211 | WARNING  | __main__:_extract_params:436 - Unsafe parameter combination detected: do_sample=True & num_beams=3. This triggers CUDA illegal memory access under DeepSpeed inference. Automatically setting num_beams=1 (preserving sampling mode). For beam search, explicitly pass do_sample=False.
2026-07-09 17:03:49.885 | ERROR    | __main__:_speech_response_from_payload:1096 - TTS failed: CUDA error: an illegal instruction was encountered
CUDA kernel errors might be asynchronously reported at some other API call, so the stacktrace below might be incorrect.
For debugging consider passing CUDA_LAUNCH_BLOCKING=1
Compile with `TORCH_USE_CUDA_DSA` to enable device-side assertions.

2026-07-09 17:07:21.597 | INFO     | __main__:lifespan:755 - Shutting down...
2026-07-09 17:08:00.846 | INFO     | __main__:<module>:1302 - IndexTTS2 API Server - http://0.0.0.0:8002
2026-07-09 17:08:00.846 | INFO     | __main__:<module>:1303 -   WebUI: http://0.0.0.0:8002/
2026-07-09 17:08:00.846 | INFO     | __main__:<module>:1304 -   API:   http://0.0.0.0:8002/docs
2026-07-09 17:08:00.846 | INFO     | __main__:<module>:1305 - Device: auto, FP16: True
2026-07-09 17:08:00.875 | INFO     | __main__:lifespan:740 - Initializing IndexTTS2...
2026-07-09 17:08:00.875 | INFO     | __main__:lifespan:746 - IndexTTS2 initialized successfully (reusing instance from webui_enhanced)
2026-07-09 17:08:00.876 | INFO     | __main__:lifespan:766 - Loaded 18 voices
2026-07-09 17:09:03.449 | WARNING  | __main__:_extract_params:433 - Unsafe parameter combination detected: do_sample=True & num_beams=3. This can cause issues under DeepSpeed inference. Automatically setting num_beams=1 (preserving sampling mode). For beam search, explicitly pass do_sample=False.
2026-07-09 17:09:03.449 | WARNING  | __main__:_extract_params:452 - DeepSpeed is enabled, which pre-allocates KV cache for max 1024 total tokens. Capping max_mel_tokens from 1700 to 880 to prevent CUDA illegal memory access.
2026-07-09 17:09:31.211 | INFO     | __main__:_speech_response_from_payload:1088 - TTS completed: 173 chars, queue=0.00s, infer=27.63s, format: wav
2026-07-09 17:10:15.279 | WARNING  | __main__:_extract_params:433 - Unsafe parameter combination detected: do_sample=True & num_beams=3. This can cause issues under DeepSpeed inference. Automatically setting num_beams=1 (preserving sampling mode). For beam search, explicitly pass do_sample=False.
2026-07-09 17:10:15.279 | WARNING  | __main__:_extract_params:452 - DeepSpeed is enabled, which pre-allocates KV cache for max 1024 total tokens. Capping max_mel_tokens from 1700 to 880 to prevent CUDA illegal memory access.
2026-07-09 17:10:40.731 | INFO     | __main__:_speech_response_from_payload:1088 - TTS completed: 173 chars, queue=0.00s, infer=25.42s, format: wav
2026-07-09 17:14:08.886 | INFO     | __main__:lifespan:769 - Shutting down...
2026-07-09 17:19:54.802 | INFO     | __main__:<module>:1303 - IndexTTS2 API Server - http://0.0.0.0:8002
2026-07-09 17:19:54.802 | INFO     | __main__:<module>:1304 -   WebUI: http://0.0.0.0:8002/
2026-07-09 17:19:54.802 | INFO     | __main__:<module>:1305 -   API:   http://0.0.0.0:8002/docs
2026-07-09 17:19:54.803 | INFO     | __main__:<module>:1306 - Device: auto, FP16: True
2026-07-09 17:19:54.816 | INFO     | __main__:lifespan:740 - Initializing IndexTTS2...
2026-07-09 17:19:54.816 | INFO     | __main__:lifespan:746 - IndexTTS2 initialized successfully (reusing instance from webui_enhanced)
2026-07-09 17:19:54.817 | INFO     | __main__:lifespan:766 - Loaded 18 voices
2026-07-09 17:21:39.765 | WARNING  | __main__:_extract_params:433 - Unsafe parameter combination detected: do_sample=True & num_beams=3. This can cause issues under DeepSpeed inference. Automatically setting num_beams=1 (preserving sampling mode). For beam search, explicitly pass do_sample=False.
2026-07-09 17:21:39.765 | WARNING  | __main__:_extract_params:452 - DeepSpeed is enabled, which pre-allocates KV cache for max 1024 total tokens. Capping max_mel_tokens from 1700 to 880 to prevent CUDA illegal memory access.
2026-07-09 17:22:07.616 | INFO     | __main__:trim_audio_array:229 - Trimmed audio: 17.57s -> 17.32s (removed 0.24s)
2026-07-09 17:22:07.616 | INFO     | __main__:_speech_response_from_payload:1088 - TTS completed: 173 chars, queue=0.00s, infer=27.73s, format: wav
2026-07-09 17:22:42.774 | INFO     | __main__:lifespan:769 - Shutting down...
2026-07-09 17:24:53.246 | INFO     | __main__:<module>:1303 - IndexTTS2 API Server - http://0.0.0.0:8002
2026-07-09 17:24:53.246 | INFO     | __main__:<module>:1304 -   WebUI: http://0.0.0.0:8002/
2026-07-09 17:24:53.247 | INFO     | __main__:<module>:1305 -   API:   http://0.0.0.0:8002/docs
2026-07-09 17:24:53.247 | INFO     | __main__:<module>:1306 - Device: auto, FP16: True
2026-07-09 17:24:53.260 | INFO     | __main__:lifespan:740 - Initializing IndexTTS2...
2026-07-09 17:24:53.260 | INFO     | __main__:lifespan:746 - IndexTTS2 initialized successfully (reusing instance from webui_enhanced)
2026-07-09 17:24:53.261 | INFO     | __main__:lifespan:766 - Loaded 18 voices
2026-07-09 17:25:16.233 | WARNING  | __main__:_extract_params:433 - Unsafe parameter combination detected: do_sample=True & num_beams=3. This can cause issues under DeepSpeed inference. Automatically setting num_beams=1 (preserving sampling mode). For beam search, explicitly pass do_sample=False.
2026-07-09 17:25:39.706 | INFO     | __main__:trim_audio_array:229 - Trimmed audio: 18.11s -> 17.72s (removed 0.39s)
2026-07-09 17:25:39.707 | INFO     | __main__:_speech_response_from_payload:1088 - TTS completed: 173 chars, queue=0.00s, infer=23.34s, format: wav
2026-07-09 17:35:26.505 | INFO     | __main__:upload_speaker:989 - Voice registered successfully: spk_f54aa9e2 ()
2026-07-09 17:35:27.448 | WARNING  | __main__:_extract_params:433 - Unsafe parameter combination detected: do_sample=True & num_beams=3. This can cause issues under DeepSpeed inference. Automatically setting num_beams=1 (preserving sampling mode). For beam search, explicitly pass do_sample=False.
2026-07-09 17:35:54.608 | INFO     | __main__:trim_audio_array:229 - Trimmed audio: 23.20s -> 21.51s (removed 1.69s)
2026-07-09 17:35:54.609 | INFO     | __main__:_speech_response_from_payload:1088 - TTS completed: 173 chars, queue=0.00s, infer=27.12s, format: wav
2026-07-09 17:36:24.555 | WARNING  | __main__:_extract_params:433 - Unsafe parameter combination detected: do_sample=True & num_beams=3. This can cause issues under DeepSpeed inference. Automatically setting num_beams=1 (preserving sampling mode). For beam search, explicitly pass do_sample=False.
2026-07-09 17:36:48.505 | INFO     | __main__:trim_audio_array:229 - Trimmed audio: 20.22s -> 18.83s (removed 1.39s)
2026-07-09 17:36:48.505 | INFO     | __main__:_speech_response_from_payload:1088 - TTS completed: 173 chars, queue=0.00s, infer=23.91s, format: wav
2026-07-09 17:38:12.349 | WARNING  | __main__:_extract_params:433 - Unsafe parameter combination detected: do_sample=True & num_beams=3. This can cause issues under DeepSpeed inference. Automatically setting num_beams=1 (preserving sampling mode). For beam search, explicitly pass do_sample=False.
2026-07-09 17:38:31.681 | INFO     | __main__:trim_audio_array:229 - Trimmed audio: 16.37s -> 14.51s (removed 1.86s)
2026-07-09 17:38:31.682 | INFO     | __main__:_speech_response_from_payload:1088 - TTS completed: 120 chars, queue=0.00s, infer=19.30s, format: wav
2026-07-09 17:39:07.649 | WARNING  | __main__:_extract_params:433 - Unsafe parameter combination detected: do_sample=True & num_beams=3. This can cause issues under DeepSpeed inference. Automatically setting num_beams=1 (preserving sampling mode). For beam search, explicitly pass do_sample=False.
2026-07-09 17:39:21.001 | INFO     | __main__:trim_audio_array:229 - Trimmed audio: 11.08s -> 9.40s (removed 1.67s)
2026-07-09 17:39:21.002 | INFO     | __main__:_speech_response_from_payload:1088 - TTS completed: 76 chars, queue=0.00s, infer=13.33s, format: wav
2026-07-09 17:39:34.328 | WARNING  | __main__:_extract_params:433 - Unsafe parameter combination detected: do_sample=True & num_beams=3. This can cause issues under DeepSpeed inference. Automatically setting num_beams=1 (preserving sampling mode). For beam search, explicitly pass do_sample=False.
2026-07-09 17:39:48.477 | INFO     | __main__:trim_audio_array:229 - Trimmed audio: 11.35s -> 9.60s (removed 1.75s)
2026-07-09 17:39:48.477 | INFO     | __main__:_speech_response_from_payload:1088 - TTS completed: 78 chars, queue=0.00s, infer=14.13s, format: wav
2026-07-09 17:39:53.499 | WARNING  | __main__:_extract_params:433 - Unsafe parameter combination detected: do_sample=True & num_beams=3. This can cause issues under DeepSpeed inference. Automatically setting num_beams=1 (preserving sampling mode). For beam search, explicitly pass do_sample=False.
2026-07-09 17:40:10.026 | INFO     | __main__:trim_audio_array:229 - Trimmed audio: 13.76s -> 11.66s (removed 2.10s)
2026-07-09 17:40:10.027 | INFO     | __main__:_speech_response_from_payload:1088 - TTS completed: 95 chars, queue=0.00s, infer=16.50s, format: wav
2026-07-09 17:40:29.520 | WARNING  | __main__:_extract_params:433 - Unsafe parameter combination detected: do_sample=True & num_beams=3. This can cause issues under DeepSpeed inference. Automatically setting num_beams=1 (preserving sampling mode). For beam search, explicitly pass do_sample=False.
2026-07-09 17:40:43.855 | INFO     | __main__:trim_audio_array:229 - Trimmed audio: 11.63s -> 9.52s (removed 2.12s)
2026-07-09 17:40:43.856 | INFO     | __main__:_speech_response_from_payload:1088 - TTS completed: 83 chars, queue=0.00s, infer=14.31s, format: wav
2026-07-09 17:43:25.309 | WARNING  | __main__:_extract_params:433 - Unsafe parameter combination detected: do_sample=True & num_beams=3. This can cause issues under DeepSpeed inference. Automatically setting num_beams=1 (preserving sampling mode). For beam search, explicitly pass do_sample=False.
2026-07-09 17:43:44.717 | INFO     | __main__:trim_audio_array:229 - Trimmed audio: 16.47s -> 15.30s (removed 1.17s)
2026-07-09 17:43:44.718 | INFO     | __main__:_speech_response_from_payload:1088 - TTS completed: 131 chars, queue=0.00s, infer=19.38s, format: wav
2026-07-09 17:43:54.949 | WARNING  | __main__:_extract_params:433 - Unsafe parameter combination detected: do_sample=True & num_beams=3. This can cause issues under DeepSpeed inference. Automatically setting num_beams=1 (preserving sampling mode). For beam search, explicitly pass do_sample=False.
2026-07-09 17:44:07.213 | INFO     | __main__:trim_audio_array:229 - Trimmed audio: 9.78s -> 7.94s (removed 1.83s)
2026-07-09 17:44:07.214 | INFO     | __main__:_speech_response_from_payload:1088 - TTS completed: 73 chars, queue=0.00s, infer=12.24s, format: wav
2026-07-09 17:53:17.911 | WARNING  | __main__:_extract_params:433 - Unsafe parameter combination detected: do_sample=True & num_beams=3. This can cause issues under DeepSpeed inference. Automatically setting num_beams=1 (preserving sampling mode). For beam search, explicitly pass do_sample=False.
2026-07-09 17:53:43.828 | INFO     | __main__:trim_audio_array:229 - Trimmed audio: 22.30s -> 20.90s (removed 1.40s)
2026-07-09 17:53:43.829 | INFO     | __main__:_speech_response_from_payload:1088 - TTS completed: 165 chars, queue=0.00s, infer=25.87s, format: wav
2026-07-09 17:54:59.097 | WARNING  | __main__:_extract_params:433 - Unsafe parameter combination detected: do_sample=True & num_beams=3. This can cause issues under DeepSpeed inference. Automatically setting num_beams=1 (preserving sampling mode). For beam search, explicitly pass do_sample=False.
2026-07-09 17:55:14.417 | INFO     | __main__:trim_audio_array:229 - Trimmed audio: 12.63s -> 10.70s (removed 1.93s)
2026-07-09 17:55:14.417 | INFO     | __main__:_speech_response_from_payload:1088 - TTS completed: 85 chars, queue=0.00s, infer=15.30s, format: wav
2026-07-09 18:00:06.753 | WARNING  | __main__:_extract_params:433 - Unsafe parameter combination detected: do_sample=True & num_beams=3. This can cause issues under DeepSpeed inference. Automatically setting num_beams=1 (preserving sampling mode). For beam search, explicitly pass do_sample=False.
2026-07-09 18:00:29.095 | INFO     | __main__:trim_audio_array:229 - Trimmed audio: 19.09s -> 17.37s (removed 1.72s)
2026-07-09 18:00:29.095 | INFO     | __main__:_speech_response_from_payload:1088 - TTS completed: 134 chars, queue=0.00s, infer=22.31s, format: wav
2026-07-09 18:03:51.958 | WARNING  | __main__:_extract_params:433 - Unsafe parameter combination detected: do_sample=True & num_beams=3. This can cause issues under DeepSpeed inference. Automatically setting num_beams=1 (preserving sampling mode). For beam search, explicitly pass do_sample=False.
2026-07-09 18:04:13.000 | INFO     | __main__:trim_audio_array:229 - Trimmed audio: 17.73s -> 15.00s (removed 2.72s)
2026-07-09 18:04:13.001 | INFO     | __main__:_speech_response_from_payload:1088 - TTS completed: 113 chars, queue=0.00s, infer=21.00s, format: wav
2026-07-09 19:07:03.261 | INFO     | __main__:<module>:1377 - IndexTTS2 API Server - http://0.0.0.0:8002
2026-07-09 19:07:03.262 | INFO     | __main__:<module>:1378 -   WebUI: http://0.0.0.0:8002/
2026-07-09 19:07:03.262 | INFO     | __main__:<module>:1379 -   API:   http://0.0.0.0:8002/docs
2026-07-09 19:07:03.262 | INFO     | __main__:<module>:1380 - Device: auto, FP16: True
2026-07-09 19:07:03.289 | INFO     | __main__:lifespan:788 - Initializing IndexTTS2...
2026-07-09 19:07:03.290 | INFO     | __main__:lifespan:794 - IndexTTS2 initialized successfully (reusing instance from webui_enhanced)
2026-07-09 19:07:03.290 | INFO     | __main__:lifespan:814 - Loaded 19 voices
2026-07-09 19:12:01.601 | WARNING  | __main__:_extract_params:484 - Unsafe parameter combination detected: do_sample=True & num_beams=3. This can cause issues under DeepSpeed inference. Automatically setting num_beams=1 (preserving sampling mode). For beam search, explicitly pass do_sample=False.
2026-07-09 19:12:30.878 | INFO     | __main__:trim_audio_array:229 - Trimmed audio: 21.36s -> 20.17s (removed 1.20s)
2026-07-09 19:12:30.880 | INFO     | __main__:_speech_response_from_payload:1152 - TTS completed: 180 chars, queue=0.00s, infer=29.08s, format: wav
2026-07-09 19:13:05.728 | WARNING  | __main__:_extract_params:484 - Unsafe parameter combination detected: do_sample=True & num_beams=3. This can cause issues under DeepSpeed inference. Automatically setting num_beams=1 (preserving sampling mode). For beam search, explicitly pass do_sample=False.
2026-07-09 19:13:23.090 | INFO     | __main__:trim_audio_array:229 - Trimmed audio: 14.33s -> 11.90s (removed 2.43s)
2026-07-09 19:13:23.091 | INFO     | __main__:_speech_response_from_payload:1152 - TTS completed: 97 chars, queue=0.00s, infer=17.33s, format: wav
2026-07-09 19:13:25.863 | WARNING  | __main__:_extract_params:484 - Unsafe parameter combination detected: do_sample=True & num_beams=3. This can cause issues under DeepSpeed inference. Automatically setting num_beams=1 (preserving sampling mode). For beam search, explicitly pass do_sample=False.
2026-07-09 19:13:41.605 | INFO     | __main__:trim_audio_array:229 - Trimmed audio: 12.91s -> 11.05s (removed 1.86s)
2026-07-09 19:13:41.606 | INFO     | __main__:_speech_response_from_payload:1152 - TTS completed: 100 chars, queue=0.00s, infer=15.72s, format: wav
2026-07-09 19:13:45.412 | WARNING  | __main__:_extract_params:484 - Unsafe parameter combination detected: do_sample=True & num_beams=3. This can cause issues under DeepSpeed inference. Automatically setting num_beams=1 (preserving sampling mode). For beam search, explicitly pass do_sample=False.
2026-07-09 19:14:04.794 | INFO     | __main__:trim_audio_array:229 - Trimmed audio: 16.15s -> 14.40s (removed 1.75s)
2026-07-09 19:14:04.795 | INFO     | __main__:_speech_response_from_payload:1152 - TTS completed: 122 chars, queue=0.00s, infer=19.35s, format: wav
2026-07-09 19:14:08.135 | WARNING  | __main__:_extract_params:484 - Unsafe parameter combination detected: do_sample=True & num_beams=3. This can cause issues under DeepSpeed inference. Automatically setting num_beams=1 (preserving sampling mode). For beam search, explicitly pass do_sample=False.
2026-07-09 19:14:27.484 | INFO     | __main__:trim_audio_array:229 - Trimmed audio: 16.40s -> 15.23s (removed 1.18s)
2026-07-09 19:14:27.485 | INFO     | __main__:_speech_response_from_payload:1152 - TTS completed: 130 chars, queue=0.00s, infer=19.32s, format: wav
2026-07-09 19:14:30.522 | WARNING  | __main__:_extract_params:484 - Unsafe parameter combination detected: do_sample=True & num_beams=3. This can cause issues under DeepSpeed inference. Automatically setting num_beams=1 (preserving sampling mode). For beam search, explicitly pass do_sample=False.
2026-07-09 19:14:45.320 | INFO     | __main__:trim_audio_array:229 - Trimmed audio: 12.10s -> 10.40s (removed 1.70s)
2026-07-09 19:14:45.320 | INFO     | __main__:_speech_response_from_payload:1152 - TTS completed: 89 chars, queue=0.00s, infer=14.77s, format: wav
2026-07-09 19:14:48.844 | WARNING  | __main__:_extract_params:484 - Unsafe parameter combination detected: do_sample=True & num_beams=3. This can cause issues under DeepSpeed inference. Automatically setting num_beams=1 (preserving sampling mode). For beam search, explicitly pass do_sample=False.
2026-07-09 19:15:06.977 | INFO     | __main__:trim_audio_array:229 - Trimmed audio: 15.21s -> 13.98s (removed 1.23s)
2026-07-09 19:15:06.977 | INFO     | __main__:_speech_response_from_payload:1152 - TTS completed: 113 chars, queue=0.00s, infer=18.10s, format: wav
2026-07-09 19:15:10.163 | WARNING  | __main__:_extract_params:484 - Unsafe parameter combination detected: do_sample=True & num_beams=3. This can cause issues under DeepSpeed inference. Automatically setting num_beams=1 (preserving sampling mode). For beam search, explicitly pass do_sample=False.
2026-07-09 19:15:29.718 | INFO     | __main__:trim_audio_array:229 - Trimmed audio: 16.47s -> 15.24s (removed 1.23s)
2026-07-09 19:15:29.719 | INFO     | __main__:_speech_response_from_payload:1152 - TTS completed: 119 chars, queue=0.00s, infer=19.52s, format: wav
2026-07-09 19:15:33.867 | WARNING  | __main__:_extract_params:484 - Unsafe parameter combination detected: do_sample=True & num_beams=3. This can cause issues under DeepSpeed inference. Automatically setting num_beams=1 (preserving sampling mode). For beam search, explicitly pass do_sample=False.
2026-07-09 19:15:48.842 | INFO     | __main__:trim_audio_array:229 - Trimmed audio: 12.19s -> 10.05s (removed 2.14s)
2026-07-09 19:15:48.843 | INFO     | __main__:_speech_response_from_payload:1152 - TTS completed: 83 chars, queue=0.00s, infer=14.95s, format: wav
2026-07-09 19:15:53.253 | WARNING  | __main__:_extract_params:484 - Unsafe parameter combination detected: do_sample=True & num_beams=3. This can cause issues under DeepSpeed inference. Automatically setting num_beams=1 (preserving sampling mode). For beam search, explicitly pass do_sample=False.
2026-07-09 19:16:15.143 | INFO     | __main__:trim_audio_array:229 - Trimmed audio: 18.59s -> 17.28s (removed 1.31s)
2026-07-09 19:16:15.144 | INFO     | __main__:_speech_response_from_payload:1152 - TTS completed: 137 chars, queue=0.00s, infer=21.85s, format: wav
2026-07-09 19:16:22.041 | WARNING  | __main__:_extract_params:484 - Unsafe parameter combination detected: do_sample=True & num_beams=3. This can cause issues under DeepSpeed inference. Automatically setting num_beams=1 (preserving sampling mode). For beam search, explicitly pass do_sample=False.
2026-07-09 19:16:36.813 | INFO     | __main__:trim_audio_array:229 - Trimmed audio: 12.33s -> 10.48s (removed 1.85s)
2026-07-09 19:16:36.813 | INFO     | __main__:_speech_response_from_payload:1152 - TTS completed: 85 chars, queue=0.00s, infer=14.75s, format: wav
2026-07-09 19:16:40.546 | WARNING  | __main__:_extract_params:484 - Unsafe parameter combination detected: do_sample=True & num_beams=3. This can cause issues under DeepSpeed inference. Automatically setting num_beams=1 (preserving sampling mode). For beam search, explicitly pass do_sample=False.
2026-07-09 19:16:59.616 | INFO     | __main__:trim_audio_array:229 - Trimmed audio: 16.11s -> 14.30s (removed 1.81s)
2026-07-09 19:16:59.616 | INFO     | __main__:_speech_response_from_payload:1152 - TTS completed: 111 chars, queue=0.00s, infer=19.04s, format: wav
2026-07-09 19:17:06.669 | WARNING  | __main__:_extract_params:484 - Unsafe parameter combination detected: do_sample=True & num_beams=3. This can cause issues under DeepSpeed inference. Automatically setting num_beams=1 (preserving sampling mode). For beam search, explicitly pass do_sample=False.
2026-07-09 19:17:20.663 | INFO     | __main__:trim_audio_array:229 - Trimmed audio: 11.30s -> 9.53s (removed 1.77s)
2026-07-09 19:17:20.664 | INFO     | __main__:_speech_response_from_payload:1152 - TTS completed: 86 chars, queue=0.00s, infer=13.97s, format: wav
2026-07-09 19:17:25.287 | WARNING  | __main__:_extract_params:484 - Unsafe parameter combination detected: do_sample=True & num_beams=3. This can cause issues under DeepSpeed inference. Automatically setting num_beams=1 (preserving sampling mode). For beam search, explicitly pass do_sample=False.
2026-07-09 19:17:46.756 | INFO     | __main__:trim_audio_array:229 - Trimmed audio: 18.03s -> 16.21s (removed 1.82s)
2026-07-09 19:17:46.757 | INFO     | __main__:_speech_response_from_payload:1152 - TTS completed: 125 chars, queue=0.00s, infer=21.44s, format: wav
2026-07-09 19:17:54.838 | WARNING  | __main__:_extract_params:484 - Unsafe parameter combination detected: do_sample=True & num_beams=3. This can cause issues under DeepSpeed inference. Automatically setting num_beams=1 (preserving sampling mode). For beam search, explicitly pass do_sample=False.
2026-07-09 19:18:10.925 | INFO     | __main__:trim_audio_array:229 - Trimmed audio: 13.27s -> 11.70s (removed 1.57s)
2026-07-09 19:18:10.926 | INFO     | __main__:_speech_response_from_payload:1152 - TTS completed: 75 chars, queue=0.00s, infer=16.06s, format: wav
2026-07-09 19:18:15.175 | WARNING  | __main__:_extract_params:484 - Unsafe parameter combination detected: do_sample=True & num_beams=3. This can cause issues under DeepSpeed inference. Automatically setting num_beams=1 (preserving sampling mode). For beam search, explicitly pass do_sample=False.
2026-07-09 19:18:36.425 | INFO     | __main__:trim_audio_array:229 - Trimmed audio: 18.01s -> 17.45s (removed 0.55s)
2026-07-09 19:18:36.426 | INFO     | __main__:_speech_response_from_payload:1152 - TTS completed: 141 chars, queue=0.00s, infer=21.21s, format: wav
2026-07-09 19:18:48.981 | WARNING  | __main__:_extract_params:484 - Unsafe parameter combination detected: do_sample=True & num_beams=3. This can cause issues under DeepSpeed inference. Automatically setting num_beams=1 (preserving sampling mode). For beam search, explicitly pass do_sample=False.
2026-07-09 19:19:01.949 | INFO     | __main__:trim_audio_array:229 - Trimmed audio: 10.63s -> 8.10s (removed 2.53s)
2026-07-09 19:19:01.950 | INFO     | __main__:_speech_response_from_payload:1152 - TTS completed: 68 chars, queue=0.00s, infer=12.95s, format: wav
2026-07-09 19:19:04.927 | WARNING  | __main__:_extract_params:484 - Unsafe parameter combination detected: do_sample=True & num_beams=3. This can cause issues under DeepSpeed inference. Automatically setting num_beams=1 (preserving sampling mode). For beam search, explicitly pass do_sample=False.
2026-07-09 19:19:26.655 | INFO     | __main__:trim_audio_array:229 - Trimmed audio: 18.56s -> 16.48s (removed 2.08s)
2026-07-09 19:19:26.655 | INFO     | __main__:_speech_response_from_payload:1152 - TTS completed: 138 chars, queue=0.00s, infer=21.69s, format: wav
2026-07-09 19:19:33.943 | WARNING  | __main__:_extract_params:484 - Unsafe parameter combination detected: do_sample=True & num_beams=3. This can cause issues under DeepSpeed inference. Automatically setting num_beams=1 (preserving sampling mode). For beam search, explicitly pass do_sample=False.
2026-07-09 19:19:57.376 | INFO     | __main__:trim_audio_array:229 - Trimmed audio: 19.42s -> 17.61s (removed 1.82s)
2026-07-09 19:19:57.376 | INFO     | __main__:_speech_response_from_payload:1152 - TTS completed: 142 chars, queue=0.00s, infer=23.40s, format: wav
2026-07-09 19:20:03.544 | WARNING  | __main__:_extract_params:484 - Unsafe parameter combination detected: do_sample=True & num_beams=3. This can cause issues under DeepSpeed inference. Automatically setting num_beams=1 (preserving sampling mode). For beam search, explicitly pass do_sample=False.
2026-07-09 19:20:25.580 | INFO     | __main__:trim_audio_array:229 - Trimmed audio: 18.39s -> 16.59s (removed 1.80s)
2026-07-09 19:20:25.581 | INFO     | __main__:_speech_response_from_payload:1152 - TTS completed: 136 chars, queue=0.00s, infer=22.00s, format: wav
2026-07-09 19:20:34.920 | WARNING  | __main__:_extract_params:484 - Unsafe parameter combination detected: do_sample=True & num_beams=3. This can cause issues under DeepSpeed inference. Automatically setting num_beams=1 (preserving sampling mode). For beam search, explicitly pass do_sample=False.
2026-07-09 19:20:56.982 | INFO     | __main__:trim_audio_array:229 - Trimmed audio: 18.75s -> 16.28s (removed 2.47s)
2026-07-09 19:20:56.983 | INFO     | __main__:_speech_response_from_payload:1152 - TTS completed: 131 chars, queue=0.00s, infer=22.03s, format: wav
2026-07-09 19:21:00.240 | WARNING  | __main__:_extract_params:484 - Unsafe parameter combination detected: do_sample=True & num_beams=3. This can cause issues under DeepSpeed inference. Automatically setting num_beams=1 (preserving sampling mode). For beam search, explicitly pass do_sample=False.
2026-07-09 19:21:27.762 | INFO     | __main__:trim_audio_array:229 - Trimmed audio: 23.42s -> 22.06s (removed 1.36s)
2026-07-09 19:21:27.762 | INFO     | __main__:_speech_response_from_payload:1152 - TTS completed: 177 chars, queue=0.00s, infer=27.48s, format: wav
2026-07-09 19:21:33.949 | WARNING  | __main__:_extract_params:484 - Unsafe parameter combination detected: do_sample=True & num_beams=3. This can cause issues under DeepSpeed inference. Automatically setting num_beams=1 (preserving sampling mode). For beam search, explicitly pass do_sample=False.
2026-07-09 19:21:50.797 | INFO     | __main__:trim_audio_array:229 - Trimmed audio: 13.85s -> 11.50s (removed 2.35s)
2026-07-09 19:21:50.798 | INFO     | __main__:_speech_response_from_payload:1152 - TTS completed: 98 chars, queue=0.00s, infer=16.82s, format: wav
2026-07-09 19:21:55.073 | WARNING  | __main__:_extract_params:484 - Unsafe parameter combination detected: do_sample=True & num_beams=3. This can cause issues under DeepSpeed inference. Automatically setting num_beams=1 (preserving sampling mode). For beam search, explicitly pass do_sample=False.
2026-07-09 19:22:22.226 | INFO     | __main__:trim_audio_array:229 - Trimmed audio: 23.03s -> 22.71s (removed 0.33s)
2026-07-09 19:22:22.226 | INFO     | __main__:_speech_response_from_payload:1152 - TTS completed: 184 chars, queue=0.00s, infer=27.11s, format: wav
2026-07-09 19:22:29.157 | WARNING  | __main__:_extract_params:484 - Unsafe parameter combination detected: do_sample=True & num_beams=3. This can cause issues under DeepSpeed inference. Automatically setting num_beams=1 (preserving sampling mode). For beam search, explicitly pass do_sample=False.
2026-07-09 19:22:49.300 | INFO     | __main__:trim_audio_array:229 - Trimmed audio: 16.97s -> 15.74s (removed 1.23s)
2026-07-09 19:22:49.301 | INFO     | __main__:_speech_response_from_payload:1152 - TTS completed: 123 chars, queue=0.00s, infer=20.11s, format: wav
2026-07-09 19:22:53.483 | WARNING  | __main__:_extract_params:484 - Unsafe parameter combination detected: do_sample=True & num_beams=3. This can cause issues under DeepSpeed inference. Automatically setting num_beams=1 (preserving sampling mode). For beam search, explicitly pass do_sample=False.
2026-07-09 19:23:12.356 | INFO     | __main__:trim_audio_array:229 - Trimmed audio: 16.03s -> 14.37s (removed 1.66s)
2026-07-09 19:23:12.356 | INFO     | __main__:_speech_response_from_payload:1152 - TTS completed: 97 chars, queue=0.00s, infer=18.84s, format: wav
2026-07-09 19:23:22.017 | WARNING  | __main__:_extract_params:484 - Unsafe parameter combination detected: do_sample=True & num_beams=3. This can cause issues under DeepSpeed inference. Automatically setting num_beams=1 (preserving sampling mode). For beam search, explicitly pass do_sample=False.
2026-07-09 19:23:42.064 | INFO     | __main__:trim_audio_array:229 - Trimmed audio: 17.15s -> 15.37s (removed 1.78s)
2026-07-09 19:23:42.065 | INFO     | __main__:_speech_response_from_payload:1152 - TTS completed: 119 chars, queue=0.00s, infer=20.01s, format: wav
2026-07-09 19:23:55.135 | WARNING  | __main__:_extract_params:484 - Unsafe parameter combination detected: do_sample=True & num_beams=3. This can cause issues under DeepSpeed inference. Automatically setting num_beams=1 (preserving sampling mode). For beam search, explicitly pass do_sample=False.
2026-07-09 19:24:15.723 | INFO     | __main__:trim_audio_array:229 - Trimmed audio: 17.82s -> 16.58s (removed 1.24s)
2026-07-09 19:24:15.723 | INFO     | __main__:_speech_response_from_payload:1152 - TTS completed: 134 chars, queue=0.00s, infer=20.55s, format: wav
2026-07-09 19:41:52.614 | WARNING  | __main__:_extract_params:484 - Unsafe parameter combination detected: do_sample=True & num_beams=3. This can cause issues under DeepSpeed inference. Automatically setting num_beams=1 (preserving sampling mode). For beam search, explicitly pass do_sample=False.
2026-07-09 19:41:52.616 | INFO     | __main__:_register_audio_from_base64:405 - Dynamic voice cache hit: spk_7cbfc442
2026-07-09 19:42:19.779 | INFO     | __main__:trim_audio_array:229 - Trimmed audio: 22.67s -> 20.53s (removed 2.15s)
2026-07-09 19:42:19.780 | INFO     | __main__:_speech_response_from_payload:1152 - TTS completed: 180 chars, queue=0.00s, infer=27.12s, format: wav
2026-07-09 19:55:09.771 | WARNING  | __main__:_extract_params:484 - Unsafe parameter combination detected: do_sample=True & num_beams=3. This can cause issues under DeepSpeed inference. Automatically setting num_beams=1 (preserving sampling mode). For beam search, explicitly pass do_sample=False.
2026-07-09 19:55:09.784 | INFO     | __main__:_register_audio_from_base64:431 - Registered dynamic voice from base64: spk_a3a74a36
2026-07-09 19:55:39.479 | INFO     | __main__:trim_audio_array:229 - Trimmed audio: 24.88s -> 23.57s (removed 1.31s)
2026-07-09 19:55:39.479 | INFO     | __main__:_speech_response_from_payload:1152 - TTS completed: 180 chars, queue=0.00s, infer=29.65s, format: wav
2026-07-09 19:56:40.477 | WARNING  | __main__:_extract_params:484 - Unsafe parameter combination detected: do_sample=True & num_beams=3. This can cause issues under DeepSpeed inference. Automatically setting num_beams=1 (preserving sampling mode). For beam search, explicitly pass do_sample=False.
2026-07-09 19:56:40.484 | INFO     | __main__:_register_audio_from_base64:405 - Dynamic voice cache hit: spk_a3a74a36
2026-07-09 19:57:06.848 | INFO     | __main__:trim_audio_array:229 - Trimmed audio: 22.58s -> 21.52s (removed 1.06s)
2026-07-09 19:57:06.849 | INFO     | __main__:_speech_response_from_payload:1152 - TTS completed: 180 chars, queue=0.00s, infer=26.32s, format: wav
2026-07-09 19:59:03.025 | WARNING  | __main__:_extract_params:484 - Unsafe parameter combination detected: do_sample=True & num_beams=3. This can cause issues under DeepSpeed inference. Automatically setting num_beams=1 (preserving sampling mode). For beam search, explicitly pass do_sample=False.
2026-07-09 19:59:03.032 | INFO     | __main__:_register_audio_from_base64:405 - Dynamic voice cache hit: spk_a3a74a36
2026-07-09 19:59:20.872 | INFO     | __main__:trim_audio_array:229 - Trimmed audio: 14.93s -> 12.82s (removed 2.11s)
2026-07-09 19:59:20.873 | INFO     | __main__:_speech_response_from_payload:1152 - TTS completed: 183 chars, queue=0.00s, infer=17.81s, format: wav
2026-07-09 20:06:18.811 | WARNING  | __main__:_extract_params:484 - Unsafe parameter combination detected: do_sample=True & num_beams=3. This can cause issues under DeepSpeed inference. Automatically setting num_beams=1 (preserving sampling mode). For beam search, explicitly pass do_sample=False.
2026-07-09 20:06:18.819 | INFO     | __main__:_register_audio_from_base64:405 - Dynamic voice cache hit: spk_a3a74a36
2026-07-09 20:06:46.076 | INFO     | __main__:trim_audio_array:229 - Trimmed audio: 23.72s -> 22.48s (removed 1.24s)
2026-07-09 20:06:46.077 | INFO     | __main__:_speech_response_from_payload:1152 - TTS completed: 172 chars, queue=0.00s, infer=27.21s, format: wav
2026-07-09 20:07:54.483 | WARNING  | __main__:_extract_params:484 - Unsafe parameter combination detected: do_sample=True & num_beams=3. This can cause issues under DeepSpeed inference. Automatically setting num_beams=1 (preserving sampling mode). For beam search, explicitly pass do_sample=False.
2026-07-09 20:07:54.490 | INFO     | __main__:_register_audio_from_base64:405 - Dynamic voice cache hit: spk_a3a74a36
2026-07-09 20:08:10.872 | INFO     | __main__:trim_audio_array:229 - Trimmed audio: 13.57s -> 13.28s (removed 0.29s)
2026-07-09 20:08:10.872 | INFO     | __main__:_speech_response_from_payload:1152 - TTS completed: 96 chars, queue=0.00s, infer=16.35s, format: wav
2026-07-09 20:08:25.085 | WARNING  | __main__:_extract_params:484 - Unsafe parameter combination detected: do_sample=True & num_beams=3. This can cause issues under DeepSpeed inference. Automatically setting num_beams=1 (preserving sampling mode). For beam search, explicitly pass do_sample=False.
2026-07-09 20:08:25.093 | INFO     | __main__:_register_audio_from_base64:405 - Dynamic voice cache hit: spk_a3a74a36
2026-07-09 20:08:41.728 | INFO     | __main__:trim_audio_array:229 - Trimmed audio: 13.87s -> 11.71s (removed 2.16s)
2026-07-09 20:08:41.728 | INFO     | __main__:_speech_response_from_payload:1152 - TTS completed: 98 chars, queue=0.00s, infer=16.61s, format: wav
2026-07-09 20:09:00.387 | WARNING  | __main__:_extract_params:484 - Unsafe parameter combination detected: do_sample=True & num_beams=3. This can cause issues under DeepSpeed inference. Automatically setting num_beams=1 (preserving sampling mode). For beam search, explicitly pass do_sample=False.
2026-07-09 20:09:00.395 | INFO     | __main__:_register_audio_from_base64:405 - Dynamic voice cache hit: spk_a3a74a36
2026-07-09 20:09:19.662 | INFO     | __main__:trim_audio_array:229 - Trimmed audio: 16.45s -> 15.23s (removed 1.22s)
2026-07-09 20:09:19.663 | INFO     | __main__:_speech_response_from_payload:1152 - TTS completed: 110 chars, queue=0.00s, infer=19.24s, format: wav
2026-07-09 20:09:36.704 | WARNING  | __main__:_extract_params:484 - Unsafe parameter combination detected: do_sample=True & num_beams=3. This can cause issues under DeepSpeed inference. Automatically setting num_beams=1 (preserving sampling mode). For beam search, explicitly pass do_sample=False.
2026-07-09 20:09:36.711 | INFO     | __main__:_register_audio_from_base64:405 - Dynamic voice cache hit: spk_a3a74a36
2026-07-09 20:09:58.202 | INFO     | __main__:trim_audio_array:229 - Trimmed audio: 18.48s -> 16.49s (removed 2.00s)
2026-07-09 20:09:58.202 | INFO     | __main__:_speech_response_from_payload:1152 - TTS completed: 136 chars, queue=0.00s, infer=21.45s, format: wav
2026-07-09 20:10:13.485 | WARNING  | __main__:_extract_params:484 - Unsafe parameter combination detected: do_sample=True & num_beams=3. This can cause issues under DeepSpeed inference. Automatically setting num_beams=1 (preserving sampling mode). For beam search, explicitly pass do_sample=False.
2026-07-09 20:10:13.493 | INFO     | __main__:_register_audio_from_base64:405 - Dynamic voice cache hit: spk_a3a74a36
2026-07-09 20:10:29.119 | INFO     | __main__:trim_audio_array:229 - Trimmed audio: 12.96s -> 10.96s (removed 2.00s)
2026-07-09 20:10:29.120 | INFO     | __main__:_speech_response_from_payload:1152 - TTS completed: 89 chars, queue=0.00s, infer=15.58s, format: wav
2026-07-09 20:10:53.205 | WARNING  | __main__:_extract_params:484 - Unsafe parameter combination detected: do_sample=True & num_beams=3. This can cause issues under DeepSpeed inference. Automatically setting num_beams=1 (preserving sampling mode). For beam search, explicitly pass do_sample=False.
2026-07-09 20:10:53.213 | INFO     | __main__:_register_audio_from_base64:405 - Dynamic voice cache hit: spk_a3a74a36
2026-07-09 20:11:07.661 | INFO     | __main__:trim_audio_array:229 - Trimmed audio: 11.98s -> 10.14s (removed 1.84s)
2026-07-09 20:11:07.662 | INFO     | __main__:_speech_response_from_payload:1152 - TTS completed: 88 chars, queue=0.00s, infer=14.42s, format: wav
2026-07-09 20:11:24.504 | WARNING  | __main__:_extract_params:484 - Unsafe parameter combination detected: do_sample=True & num_beams=3. This can cause issues under DeepSpeed inference. Automatically setting num_beams=1 (preserving sampling mode). For beam search, explicitly pass do_sample=False.
2026-07-09 20:11:24.511 | INFO     | __main__:_register_audio_from_base64:405 - Dynamic voice cache hit: spk_a3a74a36
2026-07-09 20:11:45.893 | INFO     | __main__:trim_audio_array:229 - Trimmed audio: 18.45s -> 17.59s (removed 0.86s)
2026-07-09 20:11:45.894 | INFO     | __main__:_speech_response_from_payload:1152 - TTS completed: 102 chars, queue=0.00s, infer=21.35s, format: wav
2026-07-09 20:12:01.910 | WARNING  | __main__:_extract_params:484 - Unsafe parameter combination detected: do_sample=True & num_beams=3. This can cause issues under DeepSpeed inference. Automatically setting num_beams=1 (preserving sampling mode). For beam search, explicitly pass do_sample=False.
2026-07-09 20:12:01.917 | INFO     | __main__:_register_audio_from_base64:405 - Dynamic voice cache hit: spk_a3a74a36
2026-07-09 20:12:17.851 | INFO     | __main__:trim_audio_array:229 - Trimmed audio: 13.46s -> 11.80s (removed 1.66s)
2026-07-09 20:12:17.851 | INFO     | __main__:_speech_response_from_payload:1152 - TTS completed: 91 chars, queue=0.00s, infer=15.91s, format: wav
2026-07-09 20:12:36.135 | WARNING  | __main__:_extract_params:484 - Unsafe parameter combination detected: do_sample=True & num_beams=3. This can cause issues under DeepSpeed inference. Automatically setting num_beams=1 (preserving sampling mode). For beam search, explicitly pass do_sample=False.
2026-07-09 20:12:36.142 | INFO     | __main__:_register_audio_from_base64:405 - Dynamic voice cache hit: spk_a3a74a36
2026-07-09 20:12:58.489 | INFO     | __main__:trim_audio_array:229 - Trimmed audio: 19.09s -> 16.73s (removed 2.36s)
2026-07-09 20:12:58.489 | INFO     | __main__:_speech_response_from_payload:1152 - TTS completed: 127 chars, queue=0.00s, infer=22.31s, format: wav
2026-07-09 20:13:18.664 | WARNING  | __main__:_extract_params:484 - Unsafe parameter combination detected: do_sample=True & num_beams=3. This can cause issues under DeepSpeed inference. Automatically setting num_beams=1 (preserving sampling mode). For beam search, explicitly pass do_sample=False.
2026-07-09 20:13:18.671 | INFO     | __main__:_register_audio_from_base64:405 - Dynamic voice cache hit: spk_a3a74a36
2026-07-09 20:13:35.661 | INFO     | __main__:trim_audio_array:229 - Trimmed audio: 14.07s -> 12.38s (removed 1.69s)
2026-07-09 20:13:35.661 | INFO     | __main__:_speech_response_from_payload:1152 - TTS completed: 86 chars, queue=0.00s, infer=16.96s, format: wav
2026-07-09 20:13:56.649 | WARNING  | __main__:_extract_params:484 - Unsafe parameter combination detected: do_sample=True & num_beams=3. This can cause issues under DeepSpeed inference. Automatically setting num_beams=1 (preserving sampling mode). For beam search, explicitly pass do_sample=False.
2026-07-09 20:13:56.657 | INFO     | __main__:_register_audio_from_base64:405 - Dynamic voice cache hit: spk_a3a74a36
2026-07-09 20:14:17.938 | INFO     | __main__:trim_audio_array:229 - Trimmed audio: 17.98s -> 16.55s (removed 1.44s)
2026-07-09 20:14:17.938 | INFO     | __main__:_speech_response_from_payload:1152 - TTS completed: 104 chars, queue=0.00s, infer=21.24s, format: wav
2026-07-09 20:14:34.824 | WARNING  | __main__:_extract_params:484 - Unsafe parameter combination detected: do_sample=True & num_beams=3. This can cause issues under DeepSpeed inference. Automatically setting num_beams=1 (preserving sampling mode). For beam search, explicitly pass do_sample=False.
2026-07-09 20:14:34.831 | INFO     | __main__:_register_audio_from_base64:405 - Dynamic voice cache hit: spk_a3a74a36
2026-07-09 20:14:49.911 | INFO     | __main__:trim_audio_array:229 - Trimmed audio: 12.54s -> 9.59s (removed 2.95s)
2026-07-09 20:14:49.911 | INFO     | __main__:_speech_response_from_payload:1152 - TTS completed: 82 chars, queue=0.00s, infer=15.06s, format: wav
2026-07-09 20:15:04.296 | WARNING  | __main__:_extract_params:484 - Unsafe parameter combination detected: do_sample=True & num_beams=3. This can cause issues under DeepSpeed inference. Automatically setting num_beams=1 (preserving sampling mode). For beam search, explicitly pass do_sample=False.
2026-07-09 20:15:04.304 | INFO     | __main__:_register_audio_from_base64:405 - Dynamic voice cache hit: spk_a3a74a36
2026-07-09 20:15:25.626 | INFO     | __main__:trim_audio_array:229 - Trimmed audio: 18.23s -> 15.42s (removed 2.81s)
2026-07-09 20:15:25.627 | INFO     | __main__:_speech_response_from_payload:1152 - TTS completed: 127 chars, queue=0.00s, infer=21.29s, format: wav
2026-07-09 20:15:40.293 | WARNING  | __main__:_extract_params:484 - Unsafe parameter combination detected: do_sample=True & num_beams=3. This can cause issues under DeepSpeed inference. Automatically setting num_beams=1 (preserving sampling mode). For beam search, explicitly pass do_sample=False.
2026-07-09 20:15:40.301 | INFO     | __main__:_register_audio_from_base64:405 - Dynamic voice cache hit: spk_a3a74a36
2026-07-09 20:15:54.816 | INFO     | __main__:trim_audio_array:229 - Trimmed audio: 11.77s -> 9.65s (removed 2.12s)
2026-07-09 20:15:54.817 | INFO     | __main__:_speech_response_from_payload:1152 - TTS completed: 74 chars, queue=0.00s, infer=14.49s, format: wav
2026-07-09 20:16:17.708 | WARNING  | __main__:_extract_params:484 - Unsafe parameter combination detected: do_sample=True & num_beams=3. This can cause issues under DeepSpeed inference. Automatically setting num_beams=1 (preserving sampling mode). For beam search, explicitly pass do_sample=False.
2026-07-09 20:16:17.716 | INFO     | __main__:_register_audio_from_base64:405 - Dynamic voice cache hit: spk_a3a74a36
2026-07-09 20:16:41.018 | INFO     | __main__:trim_audio_array:229 - Trimmed audio: 19.70s -> 18.16s (removed 1.54s)
2026-07-09 20:16:41.019 | INFO     | __main__:_speech_response_from_payload:1152 - TTS completed: 123 chars, queue=0.00s, infer=23.26s, format: wav
2026-07-09 20:16:57.913 | WARNING  | __main__:_extract_params:484 - Unsafe parameter combination detected: do_sample=True & num_beams=3. This can cause issues under DeepSpeed inference. Automatically setting num_beams=1 (preserving sampling mode). For beam search, explicitly pass do_sample=False.
2026-07-09 20:16:57.920 | INFO     | __main__:_register_audio_from_base64:405 - Dynamic voice cache hit: spk_a3a74a36
2026-07-09 20:17:18.264 | INFO     | __main__:trim_audio_array:229 - Trimmed audio: 17.40s -> 16.11s (removed 1.29s)
2026-07-09 20:17:18.265 | INFO     | __main__:_speech_response_from_payload:1152 - TTS completed: 103 chars, queue=0.00s, infer=20.31s, format: wav
2026-07-09 20:17:37.093 | WARNING  | __main__:_extract_params:484 - Unsafe parameter combination detected: do_sample=True & num_beams=3. This can cause issues under DeepSpeed inference. Automatically setting num_beams=1 (preserving sampling mode). For beam search, explicitly pass do_sample=False.
2026-07-09 20:17:37.101 | INFO     | __main__:_register_audio_from_base64:405 - Dynamic voice cache hit: spk_a3a74a36
2026-07-09 20:17:52.962 | INFO     | __main__:trim_audio_array:229 - Trimmed audio: 13.19s -> 10.16s (removed 3.03s)
2026-07-09 20:17:52.963 | INFO     | __main__:_speech_response_from_payload:1152 - TTS completed: 74 chars, queue=0.00s, infer=15.84s, format: wav
2026-07-09 20:18:14.554 | WARNING  | __main__:_extract_params:484 - Unsafe parameter combination detected: do_sample=True & num_beams=3. This can cause issues under DeepSpeed inference. Automatically setting num_beams=1 (preserving sampling mode). For beam search, explicitly pass do_sample=False.
2026-07-09 20:18:14.561 | INFO     | __main__:_register_audio_from_base64:405 - Dynamic voice cache hit: spk_a3a74a36
2026-07-09 20:18:39.003 | INFO     | __main__:trim_audio_array:229 - Trimmed audio: 21.11s -> 19.46s (removed 1.65s)
2026-07-09 20:18:39.004 | INFO     | __main__:_speech_response_from_payload:1152 - TTS completed: 129 chars, queue=0.00s, infer=24.40s, format: wav
2026-07-09 20:18:59.278 | WARNING  | __main__:_extract_params:484 - Unsafe parameter combination detected: do_sample=True & num_beams=3. This can cause issues under DeepSpeed inference. Automatically setting num_beams=1 (preserving sampling mode). For beam search, explicitly pass do_sample=False.
2026-07-09 20:18:59.286 | INFO     | __main__:_register_audio_from_base64:405 - Dynamic voice cache hit: spk_a3a74a36
2026-07-09 20:19:24.325 | INFO     | __main__:trim_audio_array:229 - Trimmed audio: 21.40s -> 19.46s (removed 1.94s)
2026-07-09 20:19:24.325 | INFO     | __main__:_speech_response_from_payload:1152 - TTS completed: 141 chars, queue=0.00s, infer=25.00s, format: wav
2026-07-09 20:19:43.064 | WARNING  | __main__:_extract_params:484 - Unsafe parameter combination detected: do_sample=True & num_beams=3. This can cause issues under DeepSpeed inference. Automatically setting num_beams=1 (preserving sampling mode). For beam search, explicitly pass do_sample=False.
2026-07-09 20:19:43.072 | INFO     | __main__:_register_audio_from_base64:405 - Dynamic voice cache hit: spk_a3a74a36
2026-07-09 20:20:04.957 | INFO     | __main__:trim_audio_array:229 - Trimmed audio: 18.65s -> 18.55s (removed 0.09s)
2026-07-09 20:20:04.958 | INFO     | __main__:_speech_response_from_payload:1152 - TTS completed: 128 chars, queue=0.00s, infer=21.85s, format: wav
2026-07-09 20:20:30.293 | WARNING  | __main__:_extract_params:484 - Unsafe parameter combination detected: do_sample=True & num_beams=3. This can cause issues under DeepSpeed inference. Automatically setting num_beams=1 (preserving sampling mode). For beam search, explicitly pass do_sample=False.
2026-07-09 20:20:30.301 | INFO     | __main__:_register_audio_from_base64:405 - Dynamic voice cache hit: spk_a3a74a36
2026-07-09 20:20:53.261 | INFO     | __main__:trim_audio_array:229 - Trimmed audio: 19.45s -> 18.05s (removed 1.40s)
2026-07-09 20:20:53.262 | INFO     | __main__:_speech_response_from_payload:1152 - TTS completed: 130 chars, queue=0.00s, infer=22.92s, format: wav
2026-07-09 20:21:17.657 | WARNING  | __main__:_extract_params:484 - Unsafe parameter combination detected: do_sample=True & num_beams=3. This can cause issues under DeepSpeed inference. Automatically setting num_beams=1 (preserving sampling mode). For beam search, explicitly pass do_sample=False.
2026-07-09 20:21:17.664 | INFO     | __main__:_register_audio_from_base64:405 - Dynamic voice cache hit: spk_a3a74a36
2026-07-09 20:21:47.093 | INFO     | __main__:_speech_response_from_payload:1152 - TTS completed: 155 chars, queue=0.00s, infer=29.38s, format: wav
2026-07-09 20:22:10.411 | WARNING  | __main__:_extract_params:484 - Unsafe parameter combination detected: do_sample=True & num_beams=3. This can cause issues under DeepSpeed inference. Automatically setting num_beams=1 (preserving sampling mode). For beam search, explicitly pass do_sample=False.
2026-07-09 20:22:10.419 | INFO     | __main__:_register_audio_from_base64:405 - Dynamic voice cache hit: spk_a3a74a36
2026-07-09 20:22:29.213 | INFO     | __main__:trim_audio_array:229 - Trimmed audio: 15.98s -> 14.80s (removed 1.17s)
2026-07-09 20:22:29.214 | INFO     | __main__:_speech_response_from_payload:1152 - TTS completed: 93 chars, queue=0.00s, infer=18.76s, format: wav
2026-07-09 20:22:47.490 | WARNING  | __main__:_extract_params:484 - Unsafe parameter combination detected: do_sample=True & num_beams=3. This can cause issues under DeepSpeed inference. Automatically setting num_beams=1 (preserving sampling mode). For beam search, explicitly pass do_sample=False.
2026-07-09 20:22:47.498 | INFO     | __main__:_register_audio_from_base64:405 - Dynamic voice cache hit: spk_a3a74a36
2026-07-09 20:23:16.331 | INFO     | __main__:trim_audio_array:229 - Trimmed audio: 24.50s -> 23.88s (removed 0.62s)
2026-07-09 20:23:16.332 | INFO     | __main__:_speech_response_from_payload:1152 - TTS completed: 169 chars, queue=0.00s, infer=28.78s, format: wav
2026-07-09 20:23:46.659 | WARNING  | __main__:_extract_params:484 - Unsafe parameter combination detected: do_sample=True & num_beams=3. This can cause issues under DeepSpeed inference. Automatically setting num_beams=1 (preserving sampling mode). For beam search, explicitly pass do_sample=False.
2026-07-09 20:23:46.666 | INFO     | __main__:_register_audio_from_base64:405 - Dynamic voice cache hit: spk_a3a74a36
2026-07-09 20:24:08.314 | INFO     | __main__:trim_audio_array:229 - Trimmed audio: 18.29s -> 17.41s (removed 0.87s)
2026-07-09 20:24:08.314 | INFO     | __main__:_speech_response_from_payload:1152 - TTS completed: 135 chars, queue=0.00s, infer=21.61s, format: wav
2026-07-09 20:24:23.504 | WARNING  | __main__:_extract_params:484 - Unsafe parameter combination detected: do_sample=True & num_beams=3. This can cause issues under DeepSpeed inference. Automatically setting num_beams=1 (preserving sampling mode). For beam search, explicitly pass do_sample=False.
2026-07-09 20:24:23.512 | INFO     | __main__:_register_audio_from_base64:405 - Dynamic voice cache hit: spk_a3a74a36
2026-07-09 20:24:43.617 | INFO     | __main__:trim_audio_array:229 - Trimmed audio: 17.25s -> 15.39s (removed 1.86s)
2026-07-09 20:24:43.618 | INFO     | __main__:_speech_response_from_payload:1152 - TTS completed: 107 chars, queue=0.00s, infer=20.07s, format: wav
2026-07-09 20:25:02.800 | WARNING  | __main__:_extract_params:484 - Unsafe parameter combination detected: do_sample=True & num_beams=3. This can cause issues under DeepSpeed inference. Automatically setting num_beams=1 (preserving sampling mode). For beam search, explicitly pass do_sample=False.
2026-07-09 20:25:02.807 | INFO     | __main__:_register_audio_from_base64:405 - Dynamic voice cache hit: spk_a3a74a36
2026-07-09 20:25:30.793 | INFO     | __main__:trim_audio_array:229 - Trimmed audio: 23.92s -> 21.59s (removed 2.32s)
2026-07-09 20:25:30.794 | INFO     | __main__:_speech_response_from_payload:1152 - TTS completed: 154 chars, queue=0.00s, infer=27.94s, format: wav
2026-07-09 20:25:50.517 | WARNING  | __main__:_extract_params:484 - Unsafe parameter combination detected: do_sample=True & num_beams=3. This can cause issues under DeepSpeed inference. Automatically setting num_beams=1 (preserving sampling mode). For beam search, explicitly pass do_sample=False.
2026-07-09 20:25:50.524 | INFO     | __main__:_register_audio_from_base64:405 - Dynamic voice cache hit: spk_a3a74a36
2026-07-09 20:26:11.033 | INFO     | __main__:trim_audio_array:229 - Trimmed audio: 17.53s -> 16.56s (removed 0.98s)
2026-07-09 20:26:11.034 | INFO     | __main__:_speech_response_from_payload:1152 - TTS completed: 129 chars, queue=0.00s, infer=20.47s, format: wav
2026-07-09 20:26:31.983 | WARNING  | __main__:_extract_params:484 - Unsafe parameter combination detected: do_sample=True & num_beams=3. This can cause issues under DeepSpeed inference. Automatically setting num_beams=1 (preserving sampling mode). For beam search, explicitly pass do_sample=False.
2026-07-09 20:26:31.991 | INFO     | __main__:_register_audio_from_base64:405 - Dynamic voice cache hit: spk_a3a74a36
2026-07-09 20:26:53.372 | INFO     | __main__:trim_audio_array:229 - Trimmed audio: 18.32s -> 16.21s (removed 2.11s)
2026-07-09 20:26:53.373 | INFO     | __main__:_speech_response_from_payload:1152 - TTS completed: 122 chars, queue=0.00s, infer=21.32s, format: wav
2026-07-09 20:35:08.518 | INFO     | __main__:lifespan:817 - Shutting down...
2026-07-13 10:58:17.943 | INFO     | __main__:<module>:1639 - IndexTTS2 API Server - http://0.0.0.0:8002
2026-07-13 10:58:17.944 | INFO     | __main__:<module>:1640 -   WebUI: http://0.0.0.0:8002/
2026-07-13 10:58:17.944 | INFO     | __main__:<module>:1641 -   API:   http://0.0.0.0:8002/docs
2026-07-13 10:58:17.944 | INFO     | __main__:<module>:1642 - Device: auto, FP16: True
2026-07-13 10:58:17.999 | INFO     | __main__:lifespan:1016 - Initializing IndexTTS2...
2026-07-13 10:58:17.999 | INFO     | __main__:lifespan:1022 - IndexTTS2 initialized successfully (reusing instance from webui_enhanced)
2026-07-13 10:58:18.000 | INFO     | __main__:lifespan:1042 - Loaded 20 voices
2026-07-13 11:00:53.452 | WARNING  | __main__:_extract_params:515 - Unsafe parameter combination detected: do_sample=True & num_beams=3. This can cause issues under DeepSpeed inference. Automatically setting num_beams=1 (preserving sampling mode). For beam search, explicitly pass do_sample=False.
2026-07-13 11:00:53.453 | INFO     | __main__:_register_audio_from_base64:436 - Dynamic voice cache hit: spk_6d715482
2026-07-13 11:01:17.974 | INFO     | __main__:trim_audio_array:230 - Trimmed audio: 18.26s -> 16.50s (removed 1.76s)
2026-07-13 11:01:17.975 | INFO     | __main__:_speech_response_from_payload:1393 - TTS completed: 144 chars, queue=0.00s, infer=24.31s, format: wav
2026-07-13 11:01:51.237 | WARNING  | __main__:_extract_params:515 - Unsafe parameter combination detected: do_sample=True & num_beams=3. This can cause issues under DeepSpeed inference. Automatically setting num_beams=1 (preserving sampling mode). For beam search, explicitly pass do_sample=False.
2026-07-13 11:01:51.238 | INFO     | __main__:_register_audio_from_base64:436 - Dynamic voice cache hit: spk_6d715482
2026-07-13 11:02:12.111 | INFO     | __main__:trim_audio_array:230 - Trimmed audio: 17.84s -> 15.90s (removed 1.94s)
2026-07-13 11:02:12.112 | INFO     | __main__:_speech_response_from_payload:1393 - TTS completed: 144 chars, queue=0.00s, infer=20.84s, format: wav
2026-07-13 11:03:34.315 | WARNING  | __main__:_extract_params:515 - Unsafe parameter combination detected: do_sample=True & num_beams=3. This can cause issues under DeepSpeed inference. Automatically setting num_beams=1 (preserving sampling mode). For beam search, explicitly pass do_sample=False.
2026-07-13 11:03:34.316 | INFO     | __main__:_register_audio_from_base64:436 - Dynamic voice cache hit: spk_6d715482
2026-07-13 11:03:54.892 | INFO     | __main__:trim_audio_array:230 - Trimmed audio: 17.65s -> 15.91s (removed 1.73s)
2026-07-13 11:03:54.892 | INFO     | __main__:_speech_response_from_payload:1393 - TTS completed: 164 chars, queue=0.00s, infer=20.54s, format: wav
2026-07-13 11:04:04.667 | WARNING  | __main__:_extract_params:515 - Unsafe parameter combination detected: do_sample=True & num_beams=3. This can cause issues under DeepSpeed inference. Automatically setting num_beams=1 (preserving sampling mode). For beam search, explicitly pass do_sample=False.
2026-07-13 11:04:04.668 | INFO     | __main__:_register_audio_from_base64:436 - Dynamic voice cache hit: spk_6d715482
2026-07-13 11:04:22.962 | INFO     | __main__:trim_audio_array:230 - Trimmed audio: 15.77s -> 12.70s (removed 3.07s)
2026-07-13 11:04:22.962 | INFO     | __main__:_speech_response_from_payload:1393 - TTS completed: 101 chars, queue=0.00s, infer=18.26s, format: wav
2026-07-13 11:04:30.858 | WARNING  | __main__:_extract_params:515 - Unsafe parameter combination detected: do_sample=True & num_beams=3. This can cause issues under DeepSpeed inference. Automatically setting num_beams=1 (preserving sampling mode). For beam search, explicitly pass do_sample=False.
2026-07-13 11:04:30.859 | INFO     | __main__:_register_audio_from_base64:436 - Dynamic voice cache hit: spk_6d715482
2026-07-13 11:04:46.789 | INFO     | __main__:trim_audio_array:230 - Trimmed audio: 13.54s -> 13.40s (removed 0.14s)
2026-07-13 11:04:46.789 | INFO     | __main__:_speech_response_from_payload:1393 - TTS completed: 112 chars, queue=0.00s, infer=15.90s, format: wav
2026-07-13 11:04:51.690 | WARNING  | __main__:_extract_params:515 - Unsafe parameter combination detected: do_sample=True & num_beams=3. This can cause issues under DeepSpeed inference. Automatically setting num_beams=1 (preserving sampling mode). For beam search, explicitly pass do_sample=False.
2026-07-13 11:04:51.692 | INFO     | __main__:_register_audio_from_base64:436 - Dynamic voice cache hit: spk_6d715482
2026-07-13 11:05:08.824 | INFO     | __main__:trim_audio_array:230 - Trimmed audio: 14.51s -> 13.52s (removed 0.99s)
2026-07-13 11:05:08.824 | INFO     | __main__:_speech_response_from_payload:1393 - TTS completed: 124 chars, queue=0.00s, infer=17.10s, format: wav
2026-07-13 11:05:19.030 | WARNING  | __main__:_extract_params:515 - Unsafe parameter combination detected: do_sample=True & num_beams=3. This can cause issues under DeepSpeed inference. Automatically setting num_beams=1 (preserving sampling mode). For beam search, explicitly pass do_sample=False.
2026-07-13 11:05:19.032 | INFO     | __main__:_register_audio_from_base64:436 - Dynamic voice cache hit: spk_6d715482
2026-07-13 11:05:31.963 | INFO     | __main__:trim_audio_array:230 - Trimmed audio: 10.38s -> 8.57s (removed 1.81s)
2026-07-13 11:05:31.963 | INFO     | __main__:_speech_response_from_payload:1393 - TTS completed: 70 chars, queue=0.00s, infer=12.91s, format: wav
2026-07-13 11:05:41.542 | WARNING  | __main__:_extract_params:515 - Unsafe parameter combination detected: do_sample=True & num_beams=3. This can cause issues under DeepSpeed inference. Automatically setting num_beams=1 (preserving sampling mode). For beam search, explicitly pass do_sample=False.
2026-07-13 11:05:41.544 | INFO     | __main__:_register_audio_from_base64:436 - Dynamic voice cache hit: spk_6d715482
2026-07-13 11:06:02.737 | INFO     | __main__:trim_audio_array:230 - Trimmed audio: 18.61s -> 16.86s (removed 1.75s)
2026-07-13 11:06:02.738 | INFO     | __main__:_speech_response_from_payload:1393 - TTS completed: 164 chars, queue=0.00s, infer=21.16s, format: wav
2026-07-13 11:06:10.366 | WARNING  | __main__:_extract_params:515 - Unsafe parameter combination detected: do_sample=True & num_beams=3. This can cause issues under DeepSpeed inference. Automatically setting num_beams=1 (preserving sampling mode). For beam search, explicitly pass do_sample=False.
2026-07-13 11:06:10.368 | INFO     | __main__:_register_audio_from_base64:436 - Dynamic voice cache hit: spk_6d715482
2026-07-13 11:06:26.254 | INFO     | __main__:trim_audio_array:230 - Trimmed audio: 13.49s -> 12.22s (removed 1.27s)
2026-07-13 11:06:26.255 | INFO     | __main__:_speech_response_from_payload:1393 - TTS completed: 101 chars, queue=0.00s, infer=15.86s, format: wav
2026-07-13 11:07:17.686 | WARNING  | __main__:_extract_params:515 - Unsafe parameter combination detected: do_sample=True & num_beams=3. This can cause issues under DeepSpeed inference. Automatically setting num_beams=1 (preserving sampling mode). For beam search, explicitly pass do_sample=False.
2026-07-13 11:07:17.687 | INFO     | __main__:_register_audio_from_base64:436 - Dynamic voice cache hit: spk_6d715482
2026-07-13 11:07:36.596 | INFO     | __main__:trim_audio_array:230 - Trimmed audio: 16.09s -> 14.29s (removed 1.80s)
2026-07-13 11:07:36.597 | INFO     | __main__:_speech_response_from_payload:1393 - TTS completed: 112 chars, queue=0.00s, infer=18.88s, format: wav
2026-07-13 11:08:57.392 | WARNING  | __main__:_extract_params:515 - Unsafe parameter combination detected: do_sample=True & num_beams=3. This can cause issues under DeepSpeed inference. Automatically setting num_beams=1 (preserving sampling mode). For beam search, explicitly pass do_sample=False.
2026-07-13 11:08:57.393 | INFO     | __main__:_register_audio_from_base64:436 - Dynamic voice cache hit: spk_6d715482
2026-07-13 11:09:15.247 | INFO     | __main__:trim_audio_array:230 - Trimmed audio: 15.09s -> 13.82s (removed 1.28s)
2026-07-13 11:09:15.247 | INFO     | __main__:_speech_response_from_payload:1393 - TTS completed: 124 chars, queue=0.00s, infer=17.82s, format: wav
2026-07-13 11:10:11.931 | WARNING  | __main__:_extract_params:515 - Unsafe parameter combination detected: do_sample=True & num_beams=3. This can cause issues under DeepSpeed inference. Automatically setting num_beams=1 (preserving sampling mode). For beam search, explicitly pass do_sample=False.
2026-07-13 11:10:11.933 | INFO     | __main__:_register_audio_from_base64:436 - Dynamic voice cache hit: spk_6d715482
2026-07-13 11:10:24.581 | INFO     | __main__:trim_audio_array:230 - Trimmed audio: 10.46s -> 8.71s (removed 1.75s)
2026-07-13 11:10:24.581 | INFO     | __main__:_speech_response_from_payload:1393 - TTS completed: 70 chars, queue=0.00s, infer=12.63s, format: wav
2026-07-13 11:10:34.232 | WARNING  | __main__:_extract_params:515 - Unsafe parameter combination detected: do_sample=True & num_beams=3. This can cause issues under DeepSpeed inference. Automatically setting num_beams=1 (preserving sampling mode). For beam search, explicitly pass do_sample=False.
2026-07-13 11:10:34.233 | INFO     | __main__:_register_audio_from_base64:436 - Dynamic voice cache hit: spk_6d715482
2026-07-13 11:10:53.750 | INFO     | __main__:trim_audio_array:230 - Trimmed audio: 16.93s -> 16.67s (removed 0.26s)
2026-07-13 11:10:53.750 | INFO     | __main__:_speech_response_from_payload:1393 - TTS completed: 143 chars, queue=0.00s, infer=19.48s, format: wav
2026-07-13 11:11:09.533 | WARNING  | __main__:_extract_params:515 - Unsafe parameter combination detected: do_sample=True & num_beams=3. This can cause issues under DeepSpeed inference. Automatically setting num_beams=1 (preserving sampling mode). For beam search, explicitly pass do_sample=False.
2026-07-13 11:11:09.534 | INFO     | __main__:_register_audio_from_base64:436 - Dynamic voice cache hit: spk_6d715482
2026-07-13 11:11:30.742 | INFO     | __main__:trim_audio_array:230 - Trimmed audio: 18.01s -> 16.76s (removed 1.24s)
2026-07-13 11:11:30.742 | INFO     | __main__:_speech_response_from_payload:1393 - TTS completed: 145 chars, queue=0.00s, infer=21.17s, format: wav
2026-07-13 11:12:29.424 | WARNING  | __main__:_extract_params:515 - Unsafe parameter combination detected: do_sample=True & num_beams=3. This can cause issues under DeepSpeed inference. Automatically setting num_beams=1 (preserving sampling mode). For beam search, explicitly pass do_sample=False.
2026-07-13 11:12:29.425 | INFO     | __main__:_register_audio_from_base64:436 - Dynamic voice cache hit: spk_6d715482
2026-07-13 11:12:51.008 | INFO     | __main__:trim_audio_array:230 - Trimmed audio: 18.87s -> 16.84s (removed 2.03s)
2026-07-13 11:12:51.008 | INFO     | __main__:_speech_response_from_payload:1393 - TTS completed: 140 chars, queue=0.00s, infer=21.55s, format: wav
2026-07-13 11:13:25.382 | WARNING  | __main__:_extract_params:515 - Unsafe parameter combination detected: do_sample=True & num_beams=3. This can cause issues under DeepSpeed inference. Automatically setting num_beams=1 (preserving sampling mode). For beam search, explicitly pass do_sample=False.
2026-07-13 11:13:25.383 | INFO     | __main__:_register_audio_from_base64:436 - Dynamic voice cache hit: spk_6d715482
2026-07-13 11:13:45.005 | INFO     | __main__:trim_audio_array:230 - Trimmed audio: 17.01s -> 15.27s (removed 1.74s)
2026-07-13 11:13:45.005 | INFO     | __main__:_speech_response_from_payload:1393 - TTS completed: 124 chars, queue=0.00s, infer=19.59s, format: wav
2026-07-13 11:14:26.321 | WARNING  | __main__:_extract_params:515 - Unsafe parameter combination detected: do_sample=True & num_beams=3. This can cause issues under DeepSpeed inference. Automatically setting num_beams=1 (preserving sampling mode). For beam search, explicitly pass do_sample=False.
2026-07-13 11:14:26.322 | INFO     | __main__:_register_audio_from_base64:436 - Dynamic voice cache hit: spk_6d715482
2026-07-13 11:14:48.089 | INFO     | __main__:trim_audio_array:230 - Trimmed audio: 18.56s -> 18.48s (removed 0.08s)
2026-07-13 11:14:48.090 | INFO     | __main__:_speech_response_from_payload:1393 - TTS completed: 178 chars, queue=0.00s, infer=21.73s, format: wav
2026-07-13 11:15:38.164 | WARNING  | __main__:_extract_params:515 - Unsafe parameter combination detected: do_sample=True & num_beams=3. This can cause issues under DeepSpeed inference. Automatically setting num_beams=1 (preserving sampling mode). For beam search, explicitly pass do_sample=False.
2026-07-13 11:15:38.165 | INFO     | __main__:_register_audio_from_base64:436 - Dynamic voice cache hit: spk_6d715482
2026-07-13 11:15:53.246 | INFO     | __main__:trim_audio_array:230 - Trimmed audio: 12.74s -> 10.70s (removed 2.03s)
2026-07-13 11:15:53.246 | INFO     | __main__:_speech_response_from_payload:1393 - TTS completed: 104 chars, queue=0.00s, infer=15.06s, format: wav
2026-07-13 11:16:00.509 | WARNING  | __main__:_extract_params:515 - Unsafe parameter combination detected: do_sample=True & num_beams=3. This can cause issues under DeepSpeed inference. Automatically setting num_beams=1 (preserving sampling mode). For beam search, explicitly pass do_sample=False.
2026-07-13 11:16:00.510 | INFO     | __main__:_register_audio_from_base64:436 - Dynamic voice cache hit: spk_6d715482
2026-07-13 11:16:19.686 | INFO     | __main__:trim_audio_array:230 - Trimmed audio: 16.79s -> 15.39s (removed 1.39s)
2026-07-13 11:16:19.687 | INFO     | __main__:_speech_response_from_payload:1393 - TTS completed: 151 chars, queue=0.00s, infer=19.14s, format: wav
2026-07-13 11:18:11.550 | WARNING  | __main__:_extract_params:515 - Unsafe parameter combination detected: do_sample=True & num_beams=3. This can cause issues under DeepSpeed inference. Automatically setting num_beams=1 (preserving sampling mode). For beam search, explicitly pass do_sample=False.
2026-07-13 11:18:11.551 | INFO     | __main__:_register_audio_from_base64:436 - Dynamic voice cache hit: spk_6d715482
2026-07-13 11:18:30.939 | INFO     | __main__:trim_audio_array:230 - Trimmed audio: 16.68s -> 15.28s (removed 1.41s)
2026-07-13 11:18:30.939 | INFO     | __main__:_speech_response_from_payload:1393 - TTS completed: 118 chars, queue=0.00s, infer=19.35s, format: wav
2026-07-13 11:18:58.810 | WARNING  | __main__:_extract_params:515 - Unsafe parameter combination detected: do_sample=True & num_beams=3. This can cause issues under DeepSpeed inference. Automatically setting num_beams=1 (preserving sampling mode). For beam search, explicitly pass do_sample=False.
2026-07-13 11:18:58.811 | INFO     | __main__:_register_audio_from_base64:436 - Dynamic voice cache hit: spk_6d715482
2026-07-13 11:19:16.238 | INFO     | __main__:trim_audio_array:230 - Trimmed audio: 14.71s -> 12.96s (removed 1.75s)
2026-07-13 11:19:16.239 | INFO     | __main__:_speech_response_from_payload:1393 - TTS completed: 120 chars, queue=0.00s, infer=17.40s, format: wav
2026-07-13 11:21:18.551 | WARNING  | __main__:_extract_params:515 - Unsafe parameter combination detected: do_sample=True & num_beams=3. This can cause issues under DeepSpeed inference. Automatically setting num_beams=1 (preserving sampling mode). For beam search, explicitly pass do_sample=False.
2026-07-13 11:21:18.552 | INFO     | __main__:_register_audio_from_base64:436 - Dynamic voice cache hit: spk_6d715482
2026-07-13 11:21:38.167 | INFO     | __main__:trim_audio_array:230 - Trimmed audio: 16.71s -> 14.95s (removed 1.75s)
2026-07-13 11:21:38.168 | INFO     | __main__:_speech_response_from_payload:1393 - TTS completed: 132 chars, queue=0.00s, infer=19.56s, format: wav
2026-07-13 11:21:44.698 | WARNING  | __main__:_extract_params:515 - Unsafe parameter combination detected: do_sample=True & num_beams=3. This can cause issues under DeepSpeed inference. Automatically setting num_beams=1 (preserving sampling mode). For beam search, explicitly pass do_sample=False.
2026-07-13 11:21:44.700 | INFO     | __main__:_register_audio_from_base64:436 - Dynamic voice cache hit: spk_6d715482
2026-07-13 11:22:03.348 | INFO     | __main__:trim_audio_array:230 - Trimmed audio: 16.03s -> 14.19s (removed 1.84s)
2026-07-13 11:22:03.349 | INFO     | __main__:_speech_response_from_payload:1393 - TTS completed: 129 chars, queue=0.00s, infer=18.62s, format: wav
2026-07-13 11:23:41.117 | WARNING  | __main__:_extract_params:515 - Unsafe parameter combination detected: do_sample=True & num_beams=3. This can cause issues under DeepSpeed inference. Automatically setting num_beams=1 (preserving sampling mode). For beam search, explicitly pass do_sample=False.
2026-07-13 11:23:41.119 | INFO     | __main__:_register_audio_from_base64:436 - Dynamic voice cache hit: spk_6d715482
2026-07-13 11:23:51.568 | INFO     | __main__:trim_audio_array:230 - Trimmed audio: 8.27s -> 5.11s (removed 3.16s)
2026-07-13 11:23:51.569 | INFO     | __main__:_speech_response_from_payload:1393 - TTS completed: 44 chars, queue=0.00s, infer=10.44s, format: wav
2026-07-13 11:24:03.462 | WARNING  | __main__:_extract_params:515 - Unsafe parameter combination detected: do_sample=True & num_beams=3. This can cause issues under DeepSpeed inference. Automatically setting num_beams=1 (preserving sampling mode). For beam search, explicitly pass do_sample=False.
2026-07-13 11:24:03.464 | INFO     | __main__:_register_audio_from_base64:436 - Dynamic voice cache hit: spk_6d715482
2026-07-13 11:24:21.812 | INFO     | __main__:trim_audio_array:230 - Trimmed audio: 15.63s -> 13.33s (removed 2.29s)
2026-07-13 11:24:21.812 | INFO     | __main__:_speech_response_from_payload:1393 - TTS completed: 121 chars, queue=0.00s, infer=18.31s, format: wav
2026-07-13 11:27:04.091 | WARNING  | __main__:_extract_params:515 - Unsafe parameter combination detected: do_sample=True & num_beams=3. This can cause issues under DeepSpeed inference. Automatically setting num_beams=1 (preserving sampling mode). For beam search, explicitly pass do_sample=False.
2026-07-13 11:27:04.092 | INFO     | __main__:_register_audio_from_base64:436 - Dynamic voice cache hit: spk_6d715482
2026-07-13 11:27:25.603 | INFO     | __main__:trim_audio_array:230 - Trimmed audio: 18.59s -> 17.25s (removed 1.34s)
2026-07-13 11:27:25.603 | INFO     | __main__:_speech_response_from_payload:1393 - TTS completed: 146 chars, queue=0.00s, infer=21.47s, format: wav
2026-07-13 11:32:55.207 | WARNING  | __main__:_extract_params:515 - Unsafe parameter combination detected: do_sample=True & num_beams=3. This can cause issues under DeepSpeed inference. Automatically setting num_beams=1 (preserving sampling mode). For beam search, explicitly pass do_sample=False.
2026-07-13 11:32:55.208 | INFO     | __main__:_register_audio_from_base64:436 - Dynamic voice cache hit: spk_6d715482
2026-07-13 11:33:09.442 | INFO     | __main__:trim_audio_array:230 - Trimmed audio: 11.91s -> 10.05s (removed 1.86s)
2026-07-13 11:33:09.442 | INFO     | __main__:_speech_response_from_payload:1393 - TTS completed: 98 chars, queue=0.00s, infer=14.21s, format: wav
2026-07-13 11:34:14.606 | WARNING  | __main__:_extract_params:515 - Unsafe parameter combination detected: do_sample=True & num_beams=3. This can cause issues under DeepSpeed inference. Automatically setting num_beams=1 (preserving sampling mode). For beam search, explicitly pass do_sample=False.
2026-07-13 11:34:14.607 | INFO     | __main__:_register_audio_from_base64:436 - Dynamic voice cache hit: spk_6d715482
2026-07-13 11:34:34.282 | INFO     | __main__:trim_audio_array:230 - Trimmed audio: 17.09s -> 15.38s (removed 1.71s)
2026-07-13 11:34:34.282 | INFO     | __main__:_speech_response_from_payload:1393 - TTS completed: 139 chars, queue=0.00s, infer=19.64s, format: wav
2026-07-13 11:34:42.803 | WARNING  | __main__:_extract_params:515 - Unsafe parameter combination detected: do_sample=True & num_beams=3. This can cause issues under DeepSpeed inference. Automatically setting num_beams=1 (preserving sampling mode). For beam search, explicitly pass do_sample=False.
2026-07-13 11:34:42.805 | INFO     | __main__:_register_audio_from_base64:436 - Dynamic voice cache hit: spk_6d715482
2026-07-13 11:35:02.547 | INFO     | __main__:trim_audio_array:230 - Trimmed audio: 16.87s -> 16.21s (removed 0.66s)
2026-07-13 11:35:02.548 | INFO     | __main__:_speech_response_from_payload:1393 - TTS completed: 136 chars, queue=0.00s, infer=19.69s, format: wav
2026-07-13 11:37:19.175 | WARNING  | __main__:_extract_params:515 - Unsafe parameter combination detected: do_sample=True & num_beams=3. This can cause issues under DeepSpeed inference. Automatically setting num_beams=1 (preserving sampling mode). For beam search, explicitly pass do_sample=False.
2026-07-13 11:37:19.176 | INFO     | __main__:_register_audio_from_base64:436 - Dynamic voice cache hit: spk_6d715482
2026-07-13 11:37:32.087 | INFO     | __main__:trim_audio_array:230 - Trimmed audio: 10.62s -> 8.88s (removed 1.74s)
2026-07-13 11:37:32.088 | INFO     | __main__:_speech_response_from_payload:1393 - TTS completed: 85 chars, queue=0.00s, infer=12.87s, format: wav
2026-07-13 11:38:40.688 | WARNING  | __main__:_extract_params:515 - Unsafe parameter combination detected: do_sample=True & num_beams=3. This can cause issues under DeepSpeed inference. Automatically setting num_beams=1 (preserving sampling mode). For beam search, explicitly pass do_sample=False.
2026-07-13 11:38:40.690 | INFO     | __main__:_register_audio_from_base64:436 - Dynamic voice cache hit: spk_6d715482
2026-07-13 11:38:52.917 | INFO     | __main__:trim_audio_array:230 - Trimmed audio: 10.18s -> 8.42s (removed 1.76s)
2026-07-13 11:38:52.918 | INFO     | __main__:_speech_response_from_payload:1393 - TTS completed: 87 chars, queue=0.00s, infer=12.21s, format: wav
2026-07-13 11:39:05.116 | WARNING  | __main__:_extract_params:515 - Unsafe parameter combination detected: do_sample=True & num_beams=3. This can cause issues under DeepSpeed inference. Automatically setting num_beams=1 (preserving sampling mode). For beam search, explicitly pass do_sample=False.
2026-07-13 11:39:05.117 | INFO     | __main__:_register_audio_from_base64:436 - Dynamic voice cache hit: spk_6d715482
2026-07-13 11:39:24.705 | INFO     | __main__:trim_audio_array:230 - Trimmed audio: 16.75s -> 15.08s (removed 1.67s)
2026-07-13 11:39:24.706 | INFO     | __main__:_speech_response_from_payload:1393 - TTS completed: 123 chars, queue=0.00s, infer=19.56s, format: wav
2026-07-13 11:41:47.224 | WARNING  | __main__:_extract_params:515 - Unsafe parameter combination detected: do_sample=True & num_beams=3. This can cause issues under DeepSpeed inference. Automatically setting num_beams=1 (preserving sampling mode). For beam search, explicitly pass do_sample=False.
2026-07-13 11:41:47.225 | INFO     | __main__:_register_audio_from_base64:436 - Dynamic voice cache hit: spk_6d715482
2026-07-13 11:42:06.124 | INFO     | __main__:trim_audio_array:230 - Trimmed audio: 16.23s -> 14.77s (removed 1.46s)
2026-07-13 11:42:06.125 | INFO     | __main__:_speech_response_from_payload:1393 - TTS completed: 145 chars, queue=0.00s, infer=18.87s, format: wav
2026-07-13 11:44:06.693 | WARNING  | __main__:_extract_params:515 - Unsafe parameter combination detected: do_sample=True & num_beams=3. This can cause issues under DeepSpeed inference. Automatically setting num_beams=1 (preserving sampling mode). For beam search, explicitly pass do_sample=False.
2026-07-13 11:44:06.694 | INFO     | __main__:_register_audio_from_base64:436 - Dynamic voice cache hit: spk_6d715482
2026-07-13 11:44:20.990 | INFO     | __main__:trim_audio_array:230 - Trimmed audio: 11.76s -> 10.30s (removed 1.46s)
2026-07-13 11:44:20.990 | INFO     | __main__:_speech_response_from_payload:1393 - TTS completed: 91 chars, queue=0.00s, infer=14.27s, format: wav
2026-07-13 11:44:44.557 | WARNING  | __main__:_extract_params:515 - Unsafe parameter combination detected: do_sample=True & num_beams=3. This can cause issues under DeepSpeed inference. Automatically setting num_beams=1 (preserving sampling mode). For beam search, explicitly pass do_sample=False.
2026-07-13 11:44:44.559 | INFO     | __main__:_register_audio_from_base64:436 - Dynamic voice cache hit: spk_6d715482
2026-07-13 11:45:07.806 | INFO     | __main__:trim_audio_array:230 - Trimmed audio: 19.92s -> 18.60s (removed 1.32s)
2026-07-13 11:45:07.807 | INFO     | __main__:_speech_response_from_payload:1393 - TTS completed: 151 chars, queue=0.00s, infer=23.21s, format: wav
2026-07-13 11:45:49.934 | WARNING  | __main__:_extract_params:515 - Unsafe parameter combination detected: do_sample=True & num_beams=3. This can cause issues under DeepSpeed inference. Automatically setting num_beams=1 (preserving sampling mode). For beam search, explicitly pass do_sample=False.
2026-07-13 11:45:49.936 | INFO     | __main__:_register_audio_from_base64:436 - Dynamic voice cache hit: spk_6d715482
2026-07-13 11:46:06.725 | INFO     | __main__:_speech_response_from_payload:1393 - TTS completed: 133 chars, queue=0.00s, infer=16.76s, format: wav
2026-07-13 11:46:44.972 | WARNING  | __main__:_extract_params:515 - Unsafe parameter combination detected: do_sample=True & num_beams=3. This can cause issues under DeepSpeed inference. Automatically setting num_beams=1 (preserving sampling mode). For beam search, explicitly pass do_sample=False.
2026-07-13 11:46:44.973 | INFO     | __main__:_register_audio_from_base64:436 - Dynamic voice cache hit: spk_6d715482
2026-07-13 11:47:04.898 | INFO     | __main__:trim_audio_array:230 - Trimmed audio: 17.09s -> 15.50s (removed 1.59s)
2026-07-13 11:47:04.898 | INFO     | __main__:_speech_response_from_payload:1393 - TTS completed: 136 chars, queue=0.00s, infer=19.89s, format: wav
2026-07-13 11:47:12.519 | WARNING  | __main__:_extract_params:515 - Unsafe parameter combination detected: do_sample=True & num_beams=3. This can cause issues under DeepSpeed inference. Automatically setting num_beams=1 (preserving sampling mode). For beam search, explicitly pass do_sample=False.
2026-07-13 11:47:12.521 | INFO     | __main__:_register_audio_from_base64:436 - Dynamic voice cache hit: spk_6d715482
2026-07-13 11:47:20.682 | INFO     | __main__:trim_audio_array:230 - Trimmed audio: 6.28s -> 3.00s (removed 3.29s)
2026-07-13 11:47:20.683 | INFO     | __main__:_speech_response_from_payload:1393 - TTS completed: 30 chars, queue=0.00s, infer=8.15s, format: wav
2026-07-13 11:52:53.951 | WARNING  | __main__:_extract_params:515 - Unsafe parameter combination detected: do_sample=True & num_beams=3. This can cause issues under DeepSpeed inference. Automatically setting num_beams=1 (preserving sampling mode). For beam search, explicitly pass do_sample=False.
2026-07-13 11:52:53.952 | INFO     | __main__:_register_audio_from_base64:436 - Dynamic voice cache hit: spk_6d715482
2026-07-13 11:53:13.297 | INFO     | __main__:trim_audio_array:230 - Trimmed audio: 16.79s -> 15.42s (removed 1.37s)
2026-07-13 11:53:13.298 | INFO     | __main__:_speech_response_from_payload:1393 - TTS completed: 144 chars, queue=0.00s, infer=19.31s, format: wav
2026-07-13 11:54:28.076 | WARNING  | __main__:_extract_params:515 - Unsafe parameter combination detected: do_sample=True & num_beams=3. This can cause issues under DeepSpeed inference. Automatically setting num_beams=1 (preserving sampling mode). For beam search, explicitly pass do_sample=False.
2026-07-13 11:54:28.078 | INFO     | __main__:_register_audio_from_base64:436 - Dynamic voice cache hit: spk_6d715482
2026-07-13 11:54:47.719 | INFO     | __main__:trim_audio_array:230 - Trimmed audio: 16.99s -> 15.49s (removed 1.50s)
2026-07-13 11:54:47.719 | INFO     | __main__:_speech_response_from_payload:1393 - TTS completed: 122 chars, queue=0.00s, infer=19.61s, format: wav
2026-07-13 11:55:23.050 | WARNING  | __main__:_extract_params:515 - Unsafe parameter combination detected: do_sample=True & num_beams=3. This can cause issues under DeepSpeed inference. Automatically setting num_beams=1 (preserving sampling mode). For beam search, explicitly pass do_sample=False.
2026-07-13 11:55:23.051 | INFO     | __main__:_register_audio_from_base64:436 - Dynamic voice cache hit: spk_6d715482
2026-07-13 11:55:30.768 | INFO     | __main__:trim_audio_array:230 - Trimmed audio: 5.83s -> 3.27s (removed 2.56s)
2026-07-13 11:55:30.768 | INFO     | __main__:_speech_response_from_payload:1393 - TTS completed: 30 chars, queue=0.00s, infer=7.71s, format: wav
2026-07-13 11:59:17.492 | WARNING  | __main__:_extract_params:515 - Unsafe parameter combination detected: do_sample=True & num_beams=3. This can cause issues under DeepSpeed inference. Automatically setting num_beams=1 (preserving sampling mode). For beam search, explicitly pass do_sample=False.
2026-07-13 11:59:17.494 | INFO     | __main__:_register_audio_from_base64:436 - Dynamic voice cache hit: spk_6d715482
2026-07-13 11:59:33.808 | INFO     | __main__:trim_audio_array:230 - Trimmed audio: 13.91s -> 13.03s (removed 0.88s)
2026-07-13 11:59:33.809 | INFO     | __main__:_speech_response_from_payload:1393 - TTS completed: 114 chars, queue=0.00s, infer=16.29s, format: wav
2026-07-13 11:59:52.902 | WARNING  | __main__:_extract_params:515 - Unsafe parameter combination detected: do_sample=True & num_beams=3. This can cause issues under DeepSpeed inference. Automatically setting num_beams=1 (preserving sampling mode). For beam search, explicitly pass do_sample=False.
2026-07-13 11:59:52.903 | INFO     | __main__:_register_audio_from_base64:436 - Dynamic voice cache hit: spk_6d715482
2026-07-13 12:00:08.773 | INFO     | __main__:trim_audio_array:230 - Trimmed audio: 13.29s -> 11.35s (removed 1.94s)
2026-07-13 12:00:08.774 | INFO     | __main__:_speech_response_from_payload:1393 - TTS completed: 114 chars, queue=0.00s, infer=15.85s, format: wav
2026-07-13 12:05:32.555 | WARNING  | __main__:_extract_params:515 - Unsafe parameter combination detected: do_sample=True & num_beams=3. This can cause issues under DeepSpeed inference. Automatically setting num_beams=1 (preserving sampling mode). For beam search, explicitly pass do_sample=False.
2026-07-13 12:05:32.563 | INFO     | __main__:_register_audio_from_base64:436 - Dynamic voice cache hit: spk_a3a74a36
2026-07-13 12:05:52.100 | INFO     | __main__:trim_audio_array:230 - Trimmed audio: 16.39s -> 16.28s (removed 0.12s)
2026-07-13 12:05:52.101 | INFO     | __main__:_speech_response_from_payload:1393 - TTS completed: 117 chars, queue=0.00s, infer=19.50s, format: wav
2026-07-13 12:06:33.273 | WARNING  | __main__:_extract_params:515 - Unsafe parameter combination detected: do_sample=True & num_beams=3. This can cause issues under DeepSpeed inference. Automatically setting num_beams=1 (preserving sampling mode). For beam search, explicitly pass do_sample=False.
2026-07-13 12:06:33.281 | INFO     | __main__:_register_audio_from_base64:436 - Dynamic voice cache hit: spk_a3a74a36
2026-07-13 12:06:55.550 | INFO     | __main__:trim_audio_array:230 - Trimmed audio: 19.18s -> 17.44s (removed 1.74s)
2026-07-13 12:06:55.551 | INFO     | __main__:_speech_response_from_payload:1393 - TTS completed: 117 chars, queue=0.00s, infer=22.23s, format: wav
2026-07-13 12:07:49.814 | WARNING  | __main__:_extract_params:515 - Unsafe parameter combination detected: do_sample=True & num_beams=3. This can cause issues under DeepSpeed inference. Automatically setting num_beams=1 (preserving sampling mode). For beam search, explicitly pass do_sample=False.
2026-07-13 12:07:49.822 | INFO     | __main__:_register_audio_from_base64:436 - Dynamic voice cache hit: spk_a3a74a36
2026-07-13 12:08:07.589 | INFO     | __main__:trim_audio_array:230 - Trimmed audio: 14.81s -> 13.70s (removed 1.11s)
2026-07-13 12:08:07.589 | INFO     | __main__:_speech_response_from_payload:1393 - TTS completed: 117 chars, queue=0.00s, infer=17.74s, format: wav
2026-07-13 12:08:36.202 | WARNING  | __main__:_extract_params:515 - Unsafe parameter combination detected: do_sample=True & num_beams=3. This can cause issues under DeepSpeed inference. Automatically setting num_beams=1 (preserving sampling mode). For beam search, explicitly pass do_sample=False.
2026-07-13 12:08:36.210 | INFO     | __main__:_register_audio_from_base64:436 - Dynamic voice cache hit: spk_a3a74a36
2026-07-13 12:09:04.088 | INFO     | __main__:trim_audio_array:230 - Trimmed audio: 24.00s -> 21.82s (removed 2.17s)
2026-07-13 12:09:04.089 | INFO     | __main__:_speech_response_from_payload:1393 - TTS completed: 151 chars, queue=0.00s, infer=27.83s, format: wav
2026-07-13 12:09:24.379 | WARNING  | __main__:_extract_params:515 - Unsafe parameter combination detected: do_sample=True & num_beams=3. This can cause issues under DeepSpeed inference. Automatically setting num_beams=1 (preserving sampling mode). For beam search, explicitly pass do_sample=False.
2026-07-13 12:09:24.386 | INFO     | __main__:_register_audio_from_base64:436 - Dynamic voice cache hit: spk_a3a74a36
2026-07-13 12:09:40.223 | INFO     | __main__:trim_audio_array:230 - Trimmed audio: 13.26s -> 10.50s (removed 2.76s)
2026-07-13 12:09:40.223 | INFO     | __main__:_speech_response_from_payload:1393 - TTS completed: 92 chars, queue=0.00s, infer=15.81s, format: wav
2026-07-13 12:09:59.628 | WARNING  | __main__:_extract_params:515 - Unsafe parameter combination detected: do_sample=True & num_beams=3. This can cause issues under DeepSpeed inference. Automatically setting num_beams=1 (preserving sampling mode). For beam search, explicitly pass do_sample=False.
2026-07-13 12:09:59.635 | INFO     | __main__:_register_audio_from_base64:436 - Dynamic voice cache hit: spk_a3a74a36
2026-07-13 12:10:26.410 | INFO     | __main__:trim_audio_array:230 - Trimmed audio: 23.08s -> 21.83s (removed 1.25s)
2026-07-13 12:10:26.410 | INFO     | __main__:_speech_response_from_payload:1393 - TTS completed: 128 chars, queue=0.00s, infer=26.73s, format: wav
2026-07-13 12:10:45.626 | WARNING  | __main__:_extract_params:515 - Unsafe parameter combination detected: do_sample=True & num_beams=3. This can cause issues under DeepSpeed inference. Automatically setting num_beams=1 (preserving sampling mode). For beam search, explicitly pass do_sample=False.
2026-07-13 12:10:45.633 | INFO     | __main__:_register_audio_from_base64:436 - Dynamic voice cache hit: spk_a3a74a36
2026-07-13 12:11:07.984 | INFO     | __main__:trim_audio_array:230 - Trimmed audio: 19.14s -> 16.56s (removed 2.58s)
2026-07-13 12:11:07.985 | INFO     | __main__:_speech_response_from_payload:1393 - TTS completed: 125 chars, queue=0.00s, infer=22.31s, format: wav
2026-07-13 12:11:26.406 | WARNING  | __main__:_extract_params:515 - Unsafe parameter combination detected: do_sample=True & num_beams=3. This can cause issues under DeepSpeed inference. Automatically setting num_beams=1 (preserving sampling mode). For beam search, explicitly pass do_sample=False.
2026-07-13 12:11:26.414 | INFO     | __main__:_register_audio_from_base64:436 - Dynamic voice cache hit: spk_a3a74a36
2026-07-13 12:11:38.561 | INFO     | __main__:trim_audio_array:230 - Trimmed audio: 9.80s -> 7.52s (removed 2.28s)
2026-07-13 12:11:38.562 | INFO     | __main__:_speech_response_from_payload:1393 - TTS completed: 66 chars, queue=0.00s, infer=12.13s, format: wav
2026-07-13 12:12:03.224 | WARNING  | __main__:_extract_params:515 - Unsafe parameter combination detected: do_sample=True & num_beams=3. This can cause issues under DeepSpeed inference. Automatically setting num_beams=1 (preserving sampling mode). For beam search, explicitly pass do_sample=False.
2026-07-13 12:12:03.232 | INFO     | __main__:_register_audio_from_base64:436 - Dynamic voice cache hit: spk_a3a74a36
2026-07-13 12:12:25.041 | INFO     | __main__:trim_audio_array:230 - Trimmed audio: 18.87s -> 18.41s (removed 0.45s)
2026-07-13 12:12:25.041 | INFO     | __main__:_speech_response_from_payload:1393 - TTS completed: 132 chars, queue=0.00s, infer=21.77s, format: wav
2026-07-13 12:12:52.059 | WARNING  | __main__:_extract_params:515 - Unsafe parameter combination detected: do_sample=True & num_beams=3. This can cause issues under DeepSpeed inference. Automatically setting num_beams=1 (preserving sampling mode). For beam search, explicitly pass do_sample=False.
2026-07-13 12:12:52.067 | INFO     | __main__:_register_audio_from_base64:436 - Dynamic voice cache hit: spk_a3a74a36
2026-07-13 12:13:17.035 | INFO     | __main__:trim_audio_array:230 - Trimmed audio: 21.66s -> 20.67s (removed 0.99s)
2026-07-13 12:13:17.036 | INFO     | __main__:_speech_response_from_payload:1393 - TTS completed: 141 chars, queue=0.00s, infer=24.92s, format: wav
2026-07-13 12:13:36.538 | WARNING  | __main__:_extract_params:515 - Unsafe parameter combination detected: do_sample=True & num_beams=3. This can cause issues under DeepSpeed inference. Automatically setting num_beams=1 (preserving sampling mode). For beam search, explicitly pass do_sample=False.
2026-07-13 12:13:36.546 | INFO     | __main__:_register_audio_from_base64:436 - Dynamic voice cache hit: spk_a3a74a36
2026-07-13 12:13:57.974 | INFO     | __main__:trim_audio_array:230 - Trimmed audio: 18.45s -> 16.87s (removed 1.57s)
2026-07-13 12:13:57.974 | INFO     | __main__:_speech_response_from_payload:1393 - TTS completed: 131 chars, queue=0.00s, infer=21.39s, format: wav
2026-07-13 12:14:15.445 | WARNING  | __main__:_extract_params:515 - Unsafe parameter combination detected: do_sample=True & num_beams=3. This can cause issues under DeepSpeed inference. Automatically setting num_beams=1 (preserving sampling mode). For beam search, explicitly pass do_sample=False.
2026-07-13 12:14:15.453 | INFO     | __main__:_register_audio_from_base64:436 - Dynamic voice cache hit: spk_a3a74a36
2026-07-13 12:14:36.530 | INFO     | __main__:trim_audio_array:230 - Trimmed audio: 18.03s -> 17.76s (removed 0.27s)
2026-07-13 12:14:36.531 | INFO     | __main__:_speech_response_from_payload:1393 - TTS completed: 121 chars, queue=0.00s, infer=21.04s, format: wav
2026-07-13 12:15:15.160 | WARNING  | __main__:_extract_params:515 - Unsafe parameter combination detected: do_sample=True & num_beams=3. This can cause issues under DeepSpeed inference. Automatically setting num_beams=1 (preserving sampling mode). For beam search, explicitly pass do_sample=False.
2026-07-13 12:15:15.167 | INFO     | __main__:_register_audio_from_base64:436 - Dynamic voice cache hit: spk_a3a74a36
2026-07-13 12:15:40.538 | INFO     | __main__:trim_audio_array:230 - Trimmed audio: 21.70s -> 20.84s (removed 0.86s)
2026-07-13 12:15:40.538 | INFO     | __main__:_speech_response_from_payload:1393 - TTS completed: 156 chars, queue=0.00s, infer=25.33s, format: wav
2026-07-13 12:16:03.782 | WARNING  | __main__:_extract_params:515 - Unsafe parameter combination detected: do_sample=True & num_beams=3. This can cause issues under DeepSpeed inference. Automatically setting num_beams=1 (preserving sampling mode). For beam search, explicitly pass do_sample=False.
2026-07-13 12:16:03.790 | INFO     | __main__:_register_audio_from_base64:436 - Dynamic voice cache hit: spk_a3a74a36
2026-07-13 12:16:21.005 | INFO     | __main__:trim_audio_array:230 - Trimmed audio: 14.77s -> 13.56s (removed 1.21s)
2026-07-13 12:16:21.006 | INFO     | __main__:_speech_response_from_payload:1393 - TTS completed: 98 chars, queue=0.00s, infer=17.19s, format: wav
2026-07-13 12:16:39.232 | WARNING  | __main__:_extract_params:515 - Unsafe parameter combination detected: do_sample=True & num_beams=3. This can cause issues under DeepSpeed inference. Automatically setting num_beams=1 (preserving sampling mode). For beam search, explicitly pass do_sample=False.
2026-07-13 12:16:39.240 | INFO     | __main__:_register_audio_from_base64:436 - Dynamic voice cache hit: spk_a3a74a36
2026-07-13 12:17:03.456 | INFO     | __main__:trim_audio_array:230 - Trimmed audio: 20.76s -> 20.62s (removed 0.14s)
2026-07-13 12:17:03.457 | INFO     | __main__:_speech_response_from_payload:1393 - TTS completed: 139 chars, queue=0.00s, infer=24.18s, format: wav
2026-07-13 12:17:23.426 | WARNING  | __main__:_extract_params:515 - Unsafe parameter combination detected: do_sample=True & num_beams=3. This can cause issues under DeepSpeed inference. Automatically setting num_beams=1 (preserving sampling mode). For beam search, explicitly pass do_sample=False.
2026-07-13 12:17:23.434 | INFO     | __main__:_register_audio_from_base64:436 - Dynamic voice cache hit: spk_a3a74a36
2026-07-13 12:17:45.107 | INFO     | __main__:trim_audio_array:230 - Trimmed audio: 18.84s -> 17.58s (removed 1.27s)
2026-07-13 12:17:45.108 | INFO     | __main__:_speech_response_from_payload:1393 - TTS completed: 128 chars, queue=0.00s, infer=21.64s, format: wav
2026-07-13 12:17:59.725 | WARNING  | __main__:_extract_params:515 - Unsafe parameter combination detected: do_sample=True & num_beams=3. This can cause issues under DeepSpeed inference. Automatically setting num_beams=1 (preserving sampling mode). For beam search, explicitly pass do_sample=False.
2026-07-13 12:17:59.733 | INFO     | __main__:_register_audio_from_base64:436 - Dynamic voice cache hit: spk_a3a74a36
2026-07-13 12:18:21.289 | INFO     | __main__:trim_audio_array:230 - Trimmed audio: 18.61s -> 17.48s (removed 1.13s)
2026-07-13 12:18:21.289 | INFO     | __main__:_speech_response_from_payload:1393 - TTS completed: 120 chars, queue=0.00s, infer=21.52s, format: wav
2026-07-13 12:18:47.305 | WARNING  | __main__:_extract_params:515 - Unsafe parameter combination detected: do_sample=True & num_beams=3. This can cause issues under DeepSpeed inference. Automatically setting num_beams=1 (preserving sampling mode). For beam search, explicitly pass do_sample=False.
2026-07-13 12:18:47.312 | INFO     | __main__:_register_audio_from_base64:436 - Dynamic voice cache hit: spk_a3a74a36
2026-07-13 12:19:11.622 | INFO     | __main__:trim_audio_array:230 - Trimmed audio: 21.06s -> 19.60s (removed 1.46s)
2026-07-13 12:19:11.623 | INFO     | __main__:_speech_response_from_payload:1393 - TTS completed: 130 chars, queue=0.00s, infer=24.27s, format: wav
2026-07-13 12:19:36.375 | WARNING  | __main__:_extract_params:515 - Unsafe parameter combination detected: do_sample=True & num_beams=3. This can cause issues under DeepSpeed inference. Automatically setting num_beams=1 (preserving sampling mode). For beam search, explicitly pass do_sample=False.
2026-07-13 12:19:36.383 | INFO     | __main__:_register_audio_from_base64:436 - Dynamic voice cache hit: spk_a3a74a36
2026-07-13 12:20:00.977 | INFO     | __main__:trim_audio_array:230 - Trimmed audio: 21.03s -> 19.32s (removed 1.70s)
2026-07-13 12:20:00.978 | INFO     | __main__:_speech_response_from_payload:1393 - TTS completed: 133 chars, queue=0.00s, infer=24.55s, format: wav
2026-07-13 12:20:20.119 | WARNING  | __main__:_extract_params:515 - Unsafe parameter combination detected: do_sample=True & num_beams=3. This can cause issues under DeepSpeed inference. Automatically setting num_beams=1 (preserving sampling mode). For beam search, explicitly pass do_sample=False.
2026-07-13 12:20:20.126 | INFO     | __main__:_register_audio_from_base64:436 - Dynamic voice cache hit: spk_a3a74a36
2026-07-13 12:20:33.609 | INFO     | __main__:trim_audio_array:230 - Trimmed audio: 11.24s -> 8.96s (removed 2.28s)
2026-07-13 12:20:33.610 | INFO     | __main__:_speech_response_from_payload:1393 - TTS completed: 75 chars, queue=0.00s, infer=13.46s, format: wav
2026-07-13 12:20:50.532 | WARNING  | __main__:_extract_params:515 - Unsafe parameter combination detected: do_sample=True & num_beams=3. This can cause issues under DeepSpeed inference. Automatically setting num_beams=1 (preserving sampling mode). For beam search, explicitly pass do_sample=False.
2026-07-13 12:20:50.540 | INFO     | __main__:_register_audio_from_base64:436 - Dynamic voice cache hit: spk_a3a74a36
2026-07-13 12:21:12.993 | INFO     | __main__:trim_audio_array:230 - Trimmed audio: 19.56s -> 18.17s (removed 1.39s)
2026-07-13 12:21:12.994 | INFO     | __main__:_speech_response_from_payload:1393 - TTS completed: 111 chars, queue=0.00s, infer=22.41s, format: wav
2026-07-13 12:21:34.778 | WARNING  | __main__:_extract_params:515 - Unsafe parameter combination detected: do_sample=True & num_beams=3. This can cause issues under DeepSpeed inference. Automatically setting num_beams=1 (preserving sampling mode). For beam search, explicitly pass do_sample=False.
2026-07-13 12:21:34.786 | INFO     | __main__:_register_audio_from_base64:436 - Dynamic voice cache hit: spk_a3a74a36
2026-07-13 12:22:00.071 | INFO     | __main__:trim_audio_array:230 - Trimmed audio: 21.90s -> 21.80s (removed 0.09s)
2026-07-13 12:22:00.071 | INFO     | __main__:_speech_response_from_payload:1393 - TTS completed: 153 chars, queue=0.00s, infer=25.24s, format: wav
2026-07-13 12:22:19.875 | WARNING  | __main__:_extract_params:515 - Unsafe parameter combination detected: do_sample=True & num_beams=3. This can cause issues under DeepSpeed inference. Automatically setting num_beams=1 (preserving sampling mode). For beam search, explicitly pass do_sample=False.
2026-07-13 12:22:19.883 | INFO     | __main__:_register_audio_from_base64:436 - Dynamic voice cache hit: spk_a3a74a36
2026-07-13 12:22:37.030 | INFO     | __main__:trim_audio_array:230 - Trimmed audio: 14.49s -> 12.73s (removed 1.76s)
2026-07-13 12:22:37.031 | INFO     | __main__:_speech_response_from_payload:1393 - TTS completed: 85 chars, queue=0.00s, infer=17.12s, format: wav
2026-07-13 12:22:54.145 | WARNING  | __main__:_extract_params:515 - Unsafe parameter combination detected: do_sample=True & num_beams=3. This can cause issues under DeepSpeed inference. Automatically setting num_beams=1 (preserving sampling mode). For beam search, explicitly pass do_sample=False.
2026-07-13 12:22:54.153 | INFO     | __main__:_register_audio_from_base64:436 - Dynamic voice cache hit: spk_a3a74a36
2026-07-13 12:23:11.885 | INFO     | __main__:trim_audio_array:230 - Trimmed audio: 15.23s -> 14.98s (removed 0.26s)
2026-07-13 12:23:11.886 | INFO     | __main__:_speech_response_from_payload:1393 - TTS completed: 113 chars, queue=0.00s, infer=17.70s, format: wav
2026-07-13 12:23:39.461 | WARNING  | __main__:_extract_params:515 - Unsafe parameter combination detected: do_sample=True & num_beams=3. This can cause issues under DeepSpeed inference. Automatically setting num_beams=1 (preserving sampling mode). For beam search, explicitly pass do_sample=False.
2026-07-13 12:23:39.468 | INFO     | __main__:_register_audio_from_base64:436 - Dynamic voice cache hit: spk_a3a74a36
2026-07-13 12:24:02.677 | INFO     | __main__:trim_audio_array:230 - Trimmed audio: 20.14s -> 18.27s (removed 1.87s)
2026-07-13 12:24:02.678 | INFO     | __main__:_speech_response_from_payload:1393 - TTS completed: 139 chars, queue=0.00s, infer=23.17s, format: wav
2026-07-13 12:24:25.353 | WARNING  | __main__:_extract_params:515 - Unsafe parameter combination detected: do_sample=True & num_beams=3. This can cause issues under DeepSpeed inference. Automatically setting num_beams=1 (preserving sampling mode). For beam search, explicitly pass do_sample=False.
2026-07-13 12:24:25.360 | INFO     | __main__:_register_audio_from_base64:436 - Dynamic voice cache hit: spk_a3a74a36
2026-07-13 12:24:45.371 | INFO     | __main__:trim_audio_array:230 - Trimmed audio: 17.07s -> 16.76s (removed 0.30s)
2026-07-13 12:24:45.372 | INFO     | __main__:_speech_response_from_payload:1393 - TTS completed: 126 chars, queue=0.00s, infer=19.98s, format: wav
2026-07-13 12:25:02.332 | WARNING  | __main__:_extract_params:515 - Unsafe parameter combination detected: do_sample=True & num_beams=3. This can cause issues under DeepSpeed inference. Automatically setting num_beams=1 (preserving sampling mode). For beam search, explicitly pass do_sample=False.
2026-07-13 12:25:02.340 | INFO     | __main__:_register_audio_from_base64:436 - Dynamic voice cache hit: spk_a3a74a36
2026-07-13 12:25:23.827 | INFO     | __main__:trim_audio_array:230 - Trimmed audio: 18.67s -> 17.85s (removed 0.82s)
2026-07-13 12:25:23.827 | INFO     | __main__:_speech_response_from_payload:1393 - TTS completed: 108 chars, queue=0.00s, infer=21.45s, format: wav
2026-07-13 12:26:24.667 | WARNING  | __main__:_extract_params:515 - Unsafe parameter combination detected: do_sample=True & num_beams=3. This can cause issues under DeepSpeed inference. Automatically setting num_beams=1 (preserving sampling mode). For beam search, explicitly pass do_sample=False.
2026-07-13 12:26:24.674 | INFO     | __main__:_register_audio_from_base64:436 - Dynamic voice cache hit: spk_a3a74a36
2026-07-13 12:26:41.735 | INFO     | __main__:trim_audio_array:230 - Trimmed audio: 14.48s -> 14.26s (removed 0.22s)
2026-07-13 12:26:41.735 | INFO     | __main__:_speech_response_from_payload:1393 - TTS completed: 84 chars, queue=0.00s, infer=17.03s, format: wav
2026-07-13 12:26:59.763 | WARNING  | __main__:_extract_params:515 - Unsafe parameter combination detected: do_sample=True & num_beams=3. This can cause issues under DeepSpeed inference. Automatically setting num_beams=1 (preserving sampling mode). For beam search, explicitly pass do_sample=False.
2026-07-13 12:26:59.771 | INFO     | __main__:_register_audio_from_base64:436 - Dynamic voice cache hit: spk_a3a74a36
2026-07-13 12:27:25.079 | INFO     | __main__:trim_audio_array:230 - Trimmed audio: 21.68s -> 19.79s (removed 1.89s)
2026-07-13 12:27:25.080 | INFO     | __main__:_speech_response_from_payload:1393 - TTS completed: 128 chars, queue=0.00s, infer=25.24s, format: wav
2026-07-13 12:27:42.796 | WARNING  | __main__:_extract_params:515 - Unsafe parameter combination detected: do_sample=True & num_beams=3. This can cause issues under DeepSpeed inference. Automatically setting num_beams=1 (preserving sampling mode). For beam search, explicitly pass do_sample=False.
2026-07-13 12:27:42.804 | INFO     | __main__:_register_audio_from_base64:436 - Dynamic voice cache hit: spk_a3a74a36
2026-07-13 12:28:04.469 | INFO     | __main__:trim_audio_array:230 - Trimmed audio: 18.67s -> 17.32s (removed 1.35s)
2026-07-13 12:28:04.470 | INFO     | __main__:_speech_response_from_payload:1393 - TTS completed: 128 chars, queue=0.00s, infer=21.63s, format: wav
2026-07-13 12:28:24.432 | WARNING  | __main__:_extract_params:515 - Unsafe parameter combination detected: do_sample=True & num_beams=3. This can cause issues under DeepSpeed inference. Automatically setting num_beams=1 (preserving sampling mode). For beam search, explicitly pass do_sample=False.
2026-07-13 12:28:24.439 | INFO     | __main__:_register_audio_from_base64:436 - Dynamic voice cache hit: spk_a3a74a36
2026-07-13 12:28:40.569 | INFO     | __main__:trim_audio_array:230 - Trimmed audio: 13.65s -> 13.58s (removed 0.07s)
2026-07-13 12:28:40.570 | INFO     | __main__:_speech_response_from_payload:1393 - TTS completed: 86 chars, queue=0.00s, infer=16.10s, format: wav
2026-07-13 12:28:58.599 | WARNING  | __main__:_extract_params:515 - Unsafe parameter combination detected: do_sample=True & num_beams=3. This can cause issues under DeepSpeed inference. Automatically setting num_beams=1 (preserving sampling mode). For beam search, explicitly pass do_sample=False.
2026-07-13 12:28:58.606 | INFO     | __main__:_register_audio_from_base64:436 - Dynamic voice cache hit: spk_a3a74a36
2026-07-13 12:29:24.880 | INFO     | __main__:trim_audio_array:230 - Trimmed audio: 22.92s -> 20.87s (removed 2.04s)
2026-07-13 12:29:24.881 | INFO     | __main__:_speech_response_from_payload:1393 - TTS completed: 160 chars, queue=0.00s, infer=26.23s, format: wav
2026-07-13 12:30:10.002 | WARNING  | __main__:_extract_params:515 - Unsafe parameter combination detected: do_sample=True & num_beams=3. This can cause issues under DeepSpeed inference. Automatically setting num_beams=1 (preserving sampling mode). For beam search, explicitly pass do_sample=False.
2026-07-13 12:30:10.009 | INFO     | __main__:_register_audio_from_base64:436 - Dynamic voice cache hit: spk_a3a74a36
2026-07-13 12:30:33.947 | INFO     | __main__:trim_audio_array:230 - Trimmed audio: 20.61s -> 18.67s (removed 1.94s)
2026-07-13 12:30:33.948 | INFO     | __main__:_speech_response_from_payload:1393 - TTS completed: 139 chars, queue=0.00s, infer=23.90s, format: wav
2026-07-13 12:30:50.180 | WARNING  | __main__:_extract_params:515 - Unsafe parameter combination detected: do_sample=True & num_beams=3. This can cause issues under DeepSpeed inference. Automatically setting num_beams=1 (preserving sampling mode). For beam search, explicitly pass do_sample=False.
2026-07-13 12:30:50.188 | INFO     | __main__:_register_audio_from_base64:436 - Dynamic voice cache hit: spk_a3a74a36
2026-07-13 12:31:13.878 | INFO     | __main__:_speech_response_from_payload:1393 - TTS completed: 142 chars, queue=0.00s, infer=23.65s, format: wav
2026-07-13 12:31:29.025 | WARNING  | __main__:_extract_params:515 - Unsafe parameter combination detected: do_sample=True & num_beams=3. This can cause issues under DeepSpeed inference. Automatically setting num_beams=1 (preserving sampling mode). For beam search, explicitly pass do_sample=False.
2026-07-13 12:31:29.032 | INFO     | __main__:_register_audio_from_base64:436 - Dynamic voice cache hit: spk_a3a74a36
2026-07-13 12:31:37.724 | INFO     | __main__:trim_audio_array:230 - Trimmed audio: 7.06s -> 5.11s (removed 1.95s)
2026-07-13 12:31:37.724 | INFO     | __main__:_speech_response_from_payload:1393 - TTS completed: 31 chars, queue=0.00s, infer=8.68s, format: wav
2026-07-13 12:38:05.065 | INFO     | __main__:lifespan:1045 - Shutting down...
2026-07-14 12:15:25.785 | INFO     | __main__:<module>:1639 - IndexTTS2 API Server - http://0.0.0.0:8002
2026-07-14 12:15:25.786 | INFO     | __main__:<module>:1640 -   WebUI: http://0.0.0.0:8002/
2026-07-14 12:15:25.786 | INFO     | __main__:<module>:1641 -   API:   http://0.0.0.0:8002/docs
2026-07-14 12:15:25.786 | INFO     | __main__:<module>:1642 - Device: auto, FP16: True
2026-07-14 12:15:25.890 | INFO     | __main__:lifespan:1016 - Initializing IndexTTS2...
2026-07-14 12:15:25.891 | INFO     | __main__:lifespan:1022 - IndexTTS2 initialized successfully (reusing instance from webui_enhanced)
2026-07-14 12:15:25.893 | INFO     | __main__:lifespan:1042 - Loaded 20 voices
2026-07-14 13:31:37.613 | INFO     | __main__:lifespan:1045 - Shutting down...
2026-07-14 13:33:39.910 | INFO     | __main__:<module>:1639 - IndexTTS2 API Server - http://0.0.0.0:8002
2026-07-14 13:33:39.910 | INFO     | __main__:<module>:1640 -   WebUI: http://0.0.0.0:8002/
2026-07-14 13:33:39.911 | INFO     | __main__:<module>:1641 -   API:   http://0.0.0.0:8002/docs
2026-07-14 13:33:39.911 | INFO     | __main__:<module>:1642 - Device: auto, FP16: True
2026-07-14 13:33:39.973 | INFO     | __main__:lifespan:1016 - Initializing IndexTTS2...
2026-07-14 13:33:39.973 | INFO     | __main__:lifespan:1022 - IndexTTS2 initialized successfully (reusing instance from webui_enhanced)
2026-07-14 13:33:39.974 | INFO     | __main__:lifespan:1042 - Loaded 20 voices
2026-07-14 13:35:06.273 | WARNING  | __main__:_extract_params:515 - Unsafe parameter combination detected: do_sample=True & num_beams=3. This can cause issues under DeepSpeed inference. Automatically setting num_beams=1 (preserving sampling mode). For beam search, explicitly pass do_sample=False.
2026-07-14 13:35:06.288 | INFO     | __main__:_register_audio_from_base64:462 - Registered dynamic voice from base64: spk_8ca2915b
2026-07-14 13:35:09.600 | ERROR    | __main__:_speech_response_from_payload:1420 - TTS failed: [Errno 2] No such file or directory: 'C:\\Users\\HPOMNI~1\\AppData\\Local\\Temp\\dubstudio_voice_refs\\ref_seg1_vid_1784030948414_0.00_14.42.wav'
2026-07-14 13:35:18.887 | WARNING  | __main__:_extract_params:515 - Unsafe parameter combination detected: do_sample=True & num_beams=3. This can cause issues under DeepSpeed inference. Automatically setting num_beams=1 (preserving sampling mode). For beam search, explicitly pass do_sample=False.
2026-07-14 13:35:18.892 | INFO     | __main__:_register_audio_from_base64:436 - Dynamic voice cache hit: spk_8ca2915b
2026-07-14 13:35:18.894 | ERROR    | __main__:_speech_response_from_payload:1420 - TTS failed: [Errno 2] No such file or directory: 'C:\\Users\\HPOMNI~1\\AppData\\Local\\Temp\\dubstudio_voice_refs\\ref_seg1_vid_1784030948414_0.00_14.42.wav'
2026-07-14 13:35:36.141 | WARNING  | __main__:_extract_params:515 - Unsafe parameter combination detected: do_sample=True & num_beams=3. This can cause issues under DeepSpeed inference. Automatically setting num_beams=1 (preserving sampling mode). For beam search, explicitly pass do_sample=False.
2026-07-14 13:35:36.146 | INFO     | __main__:_register_audio_from_base64:436 - Dynamic voice cache hit: spk_8ca2915b
2026-07-14 13:35:36.147 | ERROR    | __main__:_speech_response_from_payload:1420 - TTS failed: [Errno 2] No such file or directory: 'C:\\Users\\HPOMNI~1\\AppData\\Local\\Temp\\dubstudio_voice_refs\\ref_seg1_vid_1784030948414_0.00_14.42.wav'
2026-07-14 13:35:58.455 | WARNING  | __main__:_extract_params:515 - Unsafe parameter combination detected: do_sample=True & num_beams=3. This can cause issues under DeepSpeed inference. Automatically setting num_beams=1 (preserving sampling mode). For beam search, explicitly pass do_sample=False.
2026-07-14 13:35:58.468 | INFO     | __main__:_register_audio_from_base64:462 - Registered dynamic voice from base64: spk_8a20036b
2026-07-14 13:35:58.935 | ERROR    | __main__:_speech_response_from_payload:1420 - TTS failed: [Errno 2] No such file or directory: 'C:\\Users\\HPOMNI~1\\AppData\\Local\\Temp\\dubstudio_voice_refs\\ref_seg2_vid_1784030948414_15.54_22.70.wav'
2026-07-14 13:36:03.216 | WARNING  | __main__:_extract_params:515 - Unsafe parameter combination detected: do_sample=True & num_beams=3. This can cause issues under DeepSpeed inference. Automatically setting num_beams=1 (preserving sampling mode). For beam search, explicitly pass do_sample=False.
2026-07-14 13:36:03.219 | INFO     | __main__:_register_audio_from_base64:436 - Dynamic voice cache hit: spk_8a20036b
2026-07-14 13:36:03.222 | ERROR    | __main__:_speech_response_from_payload:1420 - TTS failed: [Errno 2] No such file or directory: 'C:\\Users\\HPOMNI~1\\AppData\\Local\\Temp\\dubstudio_voice_refs\\ref_seg2_vid_1784030948414_15.54_22.70.wav'
2026-07-14 13:36:09.062 | WARNING  | __main__:_extract_params:515 - Unsafe parameter combination detected: do_sample=True & num_beams=3. This can cause issues under DeepSpeed inference. Automatically setting num_beams=1 (preserving sampling mode). For beam search, explicitly pass do_sample=False.
2026-07-14 13:36:09.067 | INFO     | __main__:_register_audio_from_base64:436 - Dynamic voice cache hit: spk_8a20036b
2026-07-14 13:36:09.068 | ERROR    | __main__:_speech_response_from_payload:1420 - TTS failed: [Errno 2] No such file or directory: 'C:\\Users\\HPOMNI~1\\AppData\\Local\\Temp\\dubstudio_voice_refs\\ref_seg2_vid_1784030948414_15.54_22.70.wav'
2026-07-14 13:36:16.839 | WARNING  | __main__:_extract_params:515 - Unsafe parameter combination detected: do_sample=True & num_beams=3. This can cause issues under DeepSpeed inference. Automatically setting num_beams=1 (preserving sampling mode). For beam search, explicitly pass do_sample=False.
2026-07-14 13:36:16.849 | INFO     | __main__:_register_audio_from_base64:462 - Registered dynamic voice from base64: spk_8ca5243d
2026-07-14 13:36:17.264 | ERROR    | __main__:_speech_response_from_payload:1420 - TTS failed: [Errno 2] No such file or directory: 'C:\\Users\\HPOMNI~1\\AppData\\Local\\Temp\\dubstudio_voice_refs\\ref_seg3_vid_1784030948414_23.40_30.34.wav'
2026-07-14 13:36:36.136 | WARNING  | __main__:_extract_params:515 - Unsafe parameter combination detected: do_sample=True & num_beams=3. This can cause issues under DeepSpeed inference. Automatically setting num_beams=1 (preserving sampling mode). For beam search, explicitly pass do_sample=False.
2026-07-14 13:36:36.139 | INFO     | __main__:_register_audio_from_base64:436 - Dynamic voice cache hit: spk_8ca5243d
2026-07-14 13:36:36.141 | ERROR    | __main__:_speech_response_from_payload:1420 - TTS failed: [Errno 2] No such file or directory: 'C:\\Users\\HPOMNI~1\\AppData\\Local\\Temp\\dubstudio_voice_refs\\ref_seg3_vid_1784030948414_23.40_30.34.wav'
2026-07-14 13:36:46.608 | WARNING  | __main__:_extract_params:515 - Unsafe parameter combination detected: do_sample=True & num_beams=3. This can cause issues under DeepSpeed inference. Automatically setting num_beams=1 (preserving sampling mode). For beam search, explicitly pass do_sample=False.
2026-07-14 13:36:46.617 | INFO     | __main__:_register_audio_from_base64:462 - Registered dynamic voice from base64: spk_a47679b0
2026-07-14 13:36:47.017 | ERROR    | __main__:_speech_response_from_payload:1420 - TTS failed: [Errno 2] No such file or directory: 'C:\\Users\\HPOMNI~1\\AppData\\Local\\Temp\\dubstudio_voice_refs\\ref_seg4_vid_1784030948414_31.66_39.72.wav'
2026-07-14 13:36:55.850 | WARNING  | __main__:_extract_params:515 - Unsafe parameter combination detected: do_sample=True & num_beams=3. This can cause issues under DeepSpeed inference. Automatically setting num_beams=1 (preserving sampling mode). For beam search, explicitly pass do_sample=False.
2026-07-14 13:36:55.853 | INFO     | __main__:_register_audio_from_base64:436 - Dynamic voice cache hit: spk_a47679b0
2026-07-14 13:36:55.854 | ERROR    | __main__:_speech_response_from_payload:1420 - TTS failed: [Errno 2] No such file or directory: 'C:\\Users\\HPOMNI~1\\AppData\\Local\\Temp\\dubstudio_voice_refs\\ref_seg4_vid_1784030948414_31.66_39.72.wav'
2026-07-14 13:37:00.815 | WARNING  | __main__:_extract_params:515 - Unsafe parameter combination detected: do_sample=True & num_beams=3. This can cause issues under DeepSpeed inference. Automatically setting num_beams=1 (preserving sampling mode). For beam search, explicitly pass do_sample=False.
2026-07-14 13:37:00.839 | INFO     | __main__:_register_audio_from_base64:436 - Dynamic voice cache hit: spk_a47679b0
2026-07-14 13:37:00.841 | ERROR    | __main__:_speech_response_from_payload:1420 - TTS failed: [Errno 2] No such file or directory: 'C:\\Users\\HPOMNI~1\\AppData\\Local\\Temp\\dubstudio_voice_refs\\ref_seg4_vid_1784030948414_31.66_39.72.wav'
2026-07-14 13:37:12.821 | WARNING  | __main__:_extract_params:515 - Unsafe parameter combination detected: do_sample=True & num_beams=3. This can cause issues under DeepSpeed inference. Automatically setting num_beams=1 (preserving sampling mode). For beam search, explicitly pass do_sample=False.
2026-07-14 13:37:12.842 | INFO     | __main__:_register_audio_from_base64:462 - Registered dynamic voice from base64: spk_94e6af64
2026-07-14 13:37:13.286 | ERROR    | __main__:_speech_response_from_payload:1420 - TTS failed: [Errno 2] No such file or directory: 'C:\\Users\\HPOMNI~1\\AppData\\Local\\Temp\\dubstudio_voice_refs\\ref_seg5_vid_1784030948414_40.42_49.84.wav'
2026-07-14 13:37:16.721 | WARNING  | __main__:_extract_params:515 - Unsafe parameter combination detected: do_sample=True & num_beams=3. This can cause issues under DeepSpeed inference. Automatically setting num_beams=1 (preserving sampling mode). For beam search, explicitly pass do_sample=False.
2026-07-14 13:37:16.723 | INFO     | __main__:_register_audio_from_base64:436 - Dynamic voice cache hit: spk_94e6af64
2026-07-14 13:37:16.725 | ERROR    | __main__:_speech_response_from_payload:1420 - TTS failed: [Errno 2] No such file or directory: 'C:\\Users\\HPOMNI~1\\AppData\\Local\\Temp\\dubstudio_voice_refs\\ref_seg5_vid_1784030948414_40.42_49.84.wav'
2026-07-14 13:37:21.882 | WARNING  | __main__:_extract_params:515 - Unsafe parameter combination detected: do_sample=True & num_beams=3. This can cause issues under DeepSpeed inference. Automatically setting num_beams=1 (preserving sampling mode). For beam search, explicitly pass do_sample=False.
2026-07-14 13:37:21.885 | INFO     | __main__:_register_audio_from_base64:436 - Dynamic voice cache hit: spk_94e6af64
2026-07-14 13:37:21.886 | ERROR    | __main__:_speech_response_from_payload:1420 - TTS failed: [Errno 2] No such file or directory: 'C:\\Users\\HPOMNI~1\\AppData\\Local\\Temp\\dubstudio_voice_refs\\ref_seg5_vid_1784030948414_40.42_49.84.wav'
2026-07-14 13:37:36.539 | WARNING  | __main__:_extract_params:515 - Unsafe parameter combination detected: do_sample=True & num_beams=3. This can cause issues under DeepSpeed inference. Automatically setting num_beams=1 (preserving sampling mode). For beam search, explicitly pass do_sample=False.
2026-07-14 13:37:36.553 | INFO     | __main__:_register_audio_from_base64:462 - Registered dynamic voice from base64: spk_7eae43e8
2026-07-14 13:37:36.946 | ERROR    | __main__:_speech_response_from_payload:1420 - TTS failed: [Errno 2] No such file or directory: 'C:\\Users\\HPOMNI~1\\AppData\\Local\\Temp\\dubstudio_voice_refs\\ref_seg6_vid_1784030948414_50.92_59.26.wav'
2026-07-14 13:38:05.739 | WARNING  | __main__:_extract_params:515 - Unsafe parameter combination detected: do_sample=True & num_beams=3. This can cause issues under DeepSpeed inference. Automatically setting num_beams=1 (preserving sampling mode). For beam search, explicitly pass do_sample=False.
2026-07-14 13:38:05.743 | INFO     | __main__:_register_audio_from_base64:436 - Dynamic voice cache hit: spk_7eae43e8
2026-07-14 13:38:05.747 | ERROR    | __main__:_speech_response_from_payload:1420 - TTS failed: [Errno 2] No such file or directory: 'C:\\Users\\HPOMNI~1\\AppData\\Local\\Temp\\dubstudio_voice_refs\\ref_seg6_vid_1784030948414_50.92_59.26.wav'
2026-07-14 13:38:16.319 | WARNING  | __main__:_extract_params:515 - Unsafe parameter combination detected: do_sample=True & num_beams=3. This can cause issues under DeepSpeed inference. Automatically setting num_beams=1 (preserving sampling mode). For beam search, explicitly pass do_sample=False.
2026-07-14 13:38:16.340 | INFO     | __main__:_register_audio_from_base64:462 - Registered dynamic voice from base64: spk_aeadda88
2026-07-14 13:38:16.644 | ERROR    | __main__:_speech_response_from_payload:1420 - TTS failed: [Errno 2] No such file or directory: 'C:\\Users\\HPOMNI~1\\AppData\\Local\\Temp\\dubstudio_voice_refs\\ref_seg7_vid_1784030948414_59.68_62.94.wav'
2026-07-14 13:38:19.647 | WARNING  | __main__:_extract_params:515 - Unsafe parameter combination detected: do_sample=True & num_beams=3. This can cause issues under DeepSpeed inference. Automatically setting num_beams=1 (preserving sampling mode). For beam search, explicitly pass do_sample=False.
2026-07-14 13:38:19.649 | INFO     | __main__:_register_audio_from_base64:436 - Dynamic voice cache hit: spk_aeadda88
2026-07-14 13:38:19.650 | ERROR    | __main__:_speech_response_from_payload:1420 - TTS failed: [Errno 2] No such file or directory: 'C:\\Users\\HPOMNI~1\\AppData\\Local\\Temp\\dubstudio_voice_refs\\ref_seg7_vid_1784030948414_59.68_62.94.wav'
2026-07-14 13:38:24.260 | WARNING  | __main__:_extract_params:515 - Unsafe parameter combination detected: do_sample=True & num_beams=3. This can cause issues under DeepSpeed inference. Automatically setting num_beams=1 (preserving sampling mode). For beam search, explicitly pass do_sample=False.
2026-07-14 13:38:24.261 | INFO     | __main__:_register_audio_from_base64:436 - Dynamic voice cache hit: spk_aeadda88
2026-07-14 13:38:24.266 | ERROR    | __main__:_speech_response_from_payload:1420 - TTS failed: [Errno 2] No such file or directory: 'C:\\Users\\HPOMNI~1\\AppData\\Local\\Temp\\dubstudio_voice_refs\\ref_seg7_vid_1784030948414_59.68_62.94.wav'
2026-07-14 13:38:58.631 | WARNING  | __main__:_extract_params:515 - Unsafe parameter combination detected: do_sample=True & num_beams=3. This can cause issues under DeepSpeed inference. Automatically setting num_beams=1 (preserving sampling mode). For beam search, explicitly pass do_sample=False.
2026-07-14 13:38:58.640 | INFO     | __main__:_register_audio_from_base64:462 - Registered dynamic voice from base64: spk_6d37de33
2026-07-14 13:38:59.011 | ERROR    | __main__:_speech_response_from_payload:1420 - TTS failed: [Errno 2] No such file or directory: 'C:\\Users\\HPOMNI~1\\AppData\\Local\\Temp\\dubstudio_voice_refs\\ref_seg8_vid_1784030948414_63.62_71.04.wav'
2026-07-14 13:39:24.888 | WARNING  | __main__:_extract_params:515 - Unsafe parameter combination detected: do_sample=True & num_beams=3. This can cause issues under DeepSpeed inference. Automatically setting num_beams=1 (preserving sampling mode). For beam search, explicitly pass do_sample=False.
2026-07-14 13:39:24.899 | INFO     | __main__:_register_audio_from_base64:462 - Registered dynamic voice from base64: spk_1262a5dc
2026-07-14 13:39:25.261 | ERROR    | __main__:_speech_response_from_payload:1420 - TTS failed: [Errno 2] No such file or directory: 'C:\\Users\\HPOMNI~1\\AppData\\Local\\Temp\\dubstudio_voice_refs\\ref_seg9_vid_1784030948414_71.88_79.18.wav'
2026-07-14 13:39:29.892 | WARNING  | __main__:_extract_params:515 - Unsafe parameter combination detected: do_sample=True & num_beams=3. This can cause issues under DeepSpeed inference. Automatically setting num_beams=1 (preserving sampling mode). For beam search, explicitly pass do_sample=False.
2026-07-14 13:39:29.896 | INFO     | __main__:_register_audio_from_base64:436 - Dynamic voice cache hit: spk_1262a5dc
2026-07-14 13:39:29.899 | ERROR    | __main__:_speech_response_from_payload:1420 - TTS failed: [Errno 2] No such file or directory: 'C:\\Users\\HPOMNI~1\\AppData\\Local\\Temp\\dubstudio_voice_refs\\ref_seg9_vid_1784030948414_71.88_79.18.wav'
2026-07-14 13:39:35.694 | WARNING  | __main__:_extract_params:515 - Unsafe parameter combination detected: do_sample=True & num_beams=3. This can cause issues under DeepSpeed inference. Automatically setting num_beams=1 (preserving sampling mode). For beam search, explicitly pass do_sample=False.
2026-07-14 13:39:35.696 | INFO     | __main__:_register_audio_from_base64:436 - Dynamic voice cache hit: spk_1262a5dc
2026-07-14 13:39:35.698 | ERROR    | __main__:_speech_response_from_payload:1420 - TTS failed: [Errno 2] No such file or directory: 'C:\\Users\\HPOMNI~1\\AppData\\Local\\Temp\\dubstudio_voice_refs\\ref_seg9_vid_1784030948414_71.88_79.18.wav'
2026-07-14 13:39:47.379 | WARNING  | __main__:_extract_params:515 - Unsafe parameter combination detected: do_sample=True & num_beams=3. This can cause issues under DeepSpeed inference. Automatically setting num_beams=1 (preserving sampling mode). For beam search, explicitly pass do_sample=False.
2026-07-14 13:39:47.389 | INFO     | __main__:_register_audio_from_base64:462 - Registered dynamic voice from base64: spk_4cf171ea
2026-07-14 13:39:47.673 | ERROR    | __main__:_speech_response_from_payload:1420 - TTS failed: [Errno 2] No such file or directory: 'C:\\Users\\HPOMNI~1\\AppData\\Local\\Temp\\dubstudio_voice_refs\\ref_seg10_vid_1784030948414_79.18_83.30.wav'
2026-07-14 13:39:50.836 | WARNING  | __main__:_extract_params:515 - Unsafe parameter combination detected: do_sample=True & num_beams=3. This can cause issues under DeepSpeed inference. Automatically setting num_beams=1 (preserving sampling mode). For beam search, explicitly pass do_sample=False.
2026-07-14 13:39:50.842 | INFO     | __main__:_register_audio_from_base64:436 - Dynamic voice cache hit: spk_4cf171ea
2026-07-14 13:39:50.843 | ERROR    | __main__:_speech_response_from_payload:1420 - TTS failed: [Errno 2] No such file or directory: 'C:\\Users\\HPOMNI~1\\AppData\\Local\\Temp\\dubstudio_voice_refs\\ref_seg10_vid_1784030948414_79.18_83.30.wav'
2026-07-14 13:39:55.680 | WARNING  | __main__:_extract_params:515 - Unsafe parameter combination detected: do_sample=True & num_beams=3. This can cause issues under DeepSpeed inference. Automatically setting num_beams=1 (preserving sampling mode). For beam search, explicitly pass do_sample=False.
2026-07-14 13:39:55.682 | INFO     | __main__:_register_audio_from_base64:436 - Dynamic voice cache hit: spk_4cf171ea
2026-07-14 13:39:55.685 | ERROR    | __main__:_speech_response_from_payload:1420 - TTS failed: [Errno 2] No such file or directory: 'C:\\Users\\HPOMNI~1\\AppData\\Local\\Temp\\dubstudio_voice_refs\\ref_seg10_vid_1784030948414_79.18_83.30.wav'
2026-07-14 13:40:08.897 | WARNING  | __main__:_extract_params:515 - Unsafe parameter combination detected: do_sample=True & num_beams=3. This can cause issues under DeepSpeed inference. Automatically setting num_beams=1 (preserving sampling mode). For beam search, explicitly pass do_sample=False.
2026-07-14 13:40:08.940 | INFO     | __main__:_register_audio_from_base64:462 - Registered dynamic voice from base64: spk_192a26d6
2026-07-14 13:40:09.264 | ERROR    | __main__:_speech_response_from_payload:1420 - TTS failed: [Errno 2] No such file or directory: 'C:\\Users\\HPOMNI~1\\AppData\\Local\\Temp\\dubstudio_voice_refs\\ref_seg11_vid_1784030948414_84.46_90.68.wav'
2026-07-14 13:40:13.897 | WARNING  | __main__:_extract_params:515 - Unsafe parameter combination detected: do_sample=True & num_beams=3. This can cause issues under DeepSpeed inference. Automatically setting num_beams=1 (preserving sampling mode). For beam search, explicitly pass do_sample=False.
2026-07-14 13:40:13.933 | INFO     | __main__:_register_audio_from_base64:436 - Dynamic voice cache hit: spk_192a26d6
2026-07-14 13:40:13.935 | ERROR    | __main__:_speech_response_from_payload:1420 - TTS failed: [Errno 2] No such file or directory: 'C:\\Users\\HPOMNI~1\\AppData\\Local\\Temp\\dubstudio_voice_refs\\ref_seg11_vid_1784030948414_84.46_90.68.wav'
2026-07-14 13:40:19.392 | WARNING  | __main__:_extract_params:515 - Unsafe parameter combination detected: do_sample=True & num_beams=3. This can cause issues under DeepSpeed inference. Automatically setting num_beams=1 (preserving sampling mode). For beam search, explicitly pass do_sample=False.
2026-07-14 13:40:19.395 | INFO     | __main__:_register_audio_from_base64:436 - Dynamic voice cache hit: spk_192a26d6
2026-07-14 13:40:19.400 | ERROR    | __main__:_speech_response_from_payload:1420 - TTS failed: [Errno 2] No such file or directory: 'C:\\Users\\HPOMNI~1\\AppData\\Local\\Temp\\dubstudio_voice_refs\\ref_seg11_vid_1784030948414_84.46_90.68.wav'
2026-07-14 13:40:30.949 | WARNING  | __main__:_extract_params:515 - Unsafe parameter combination detected: do_sample=True & num_beams=3. This can cause issues under DeepSpeed inference. Automatically setting num_beams=1 (preserving sampling mode). For beam search, explicitly pass do_sample=False.
2026-07-14 13:40:30.958 | INFO     | __main__:_register_audio_from_base64:462 - Registered dynamic voice from base64: spk_6321a341
2026-07-14 13:40:31.334 | ERROR    | __main__:_speech_response_from_payload:1420 - TTS failed: [Errno 2] No such file or directory: 'C:\\Users\\HPOMNI~1\\AppData\\Local\\Temp\\dubstudio_voice_refs\\ref_seg12_vid_1784030948414_91.38_98.06.wav'
2026-07-14 13:40:36.489 | WARNING  | __main__:_extract_params:515 - Unsafe parameter combination detected: do_sample=True & num_beams=3. This can cause issues under DeepSpeed inference. Automatically setting num_beams=1 (preserving sampling mode). For beam search, explicitly pass do_sample=False.
2026-07-14 13:40:36.491 | INFO     | __main__:_register_audio_from_base64:436 - Dynamic voice cache hit: spk_6321a341
2026-07-14 13:40:36.494 | ERROR    | __main__:_speech_response_from_payload:1420 - TTS failed: [Errno 2] No such file or directory: 'C:\\Users\\HPOMNI~1\\AppData\\Local\\Temp\\dubstudio_voice_refs\\ref_seg12_vid_1784030948414_91.38_98.06.wav'
2026-07-14 13:40:41.201 | WARNING  | __main__:_extract_params:515 - Unsafe parameter combination detected: do_sample=True & num_beams=3. This can cause issues under DeepSpeed inference. Automatically setting num_beams=1 (preserving sampling mode). For beam search, explicitly pass do_sample=False.
2026-07-14 13:40:41.236 | INFO     | __main__:_register_audio_from_base64:436 - Dynamic voice cache hit: spk_6321a341
2026-07-14 13:40:41.238 | ERROR    | __main__:_speech_response_from_payload:1420 - TTS failed: [Errno 2] No such file or directory: 'C:\\Users\\HPOMNI~1\\AppData\\Local\\Temp\\dubstudio_voice_refs\\ref_seg12_vid_1784030948414_91.38_98.06.wav'
2026-07-14 13:40:52.009 | WARNING  | __main__:_extract_params:515 - Unsafe parameter combination detected: do_sample=True & num_beams=3. This can cause issues under DeepSpeed inference. Automatically setting num_beams=1 (preserving sampling mode). For beam search, explicitly pass do_sample=False.
2026-07-14 13:40:52.044 | INFO     | __main__:_register_audio_from_base64:462 - Registered dynamic voice from base64: spk_d19645da
2026-07-14 13:40:52.340 | ERROR    | __main__:_speech_response_from_payload:1420 - TTS failed: [Errno 2] No such file or directory: 'C:\\Users\\HPOMNI~1\\AppData\\Local\\Temp\\dubstudio_voice_refs\\ref_seg13_vid_1784030948414_99.11_103.27.wav'
2026-07-14 13:40:57.677 | WARNING  | __main__:_extract_params:515 - Unsafe parameter combination detected: do_sample=True & num_beams=3. This can cause issues under DeepSpeed inference. Automatically setting num_beams=1 (preserving sampling mode). For beam search, explicitly pass do_sample=False.
2026-07-14 13:40:57.680 | INFO     | __main__:_register_audio_from_base64:436 - Dynamic voice cache hit: spk_d19645da
2026-07-14 13:40:57.682 | ERROR    | __main__:_speech_response_from_payload:1420 - TTS failed: [Errno 2] No such file or directory: 'C:\\Users\\HPOMNI~1\\AppData\\Local\\Temp\\dubstudio_voice_refs\\ref_seg13_vid_1784030948414_99.11_103.27.wav'
2026-07-14 13:41:02.327 | WARNING  | __main__:_extract_params:515 - Unsafe parameter combination detected: do_sample=True & num_beams=3. This can cause issues under DeepSpeed inference. Automatically setting num_beams=1 (preserving sampling mode). For beam search, explicitly pass do_sample=False.
2026-07-14 13:41:02.334 | INFO     | __main__:_register_audio_from_base64:436 - Dynamic voice cache hit: spk_d19645da
2026-07-14 13:41:02.336 | ERROR    | __main__:_speech_response_from_payload:1420 - TTS failed: [Errno 2] No such file or directory: 'C:\\Users\\HPOMNI~1\\AppData\\Local\\Temp\\dubstudio_voice_refs\\ref_seg13_vid_1784030948414_99.11_103.27.wav'
2026-07-14 13:41:13.572 | WARNING  | __main__:_extract_params:515 - Unsafe parameter combination detected: do_sample=True & num_beams=3. This can cause issues under DeepSpeed inference. Automatically setting num_beams=1 (preserving sampling mode). For beam search, explicitly pass do_sample=False.
2026-07-14 13:41:13.581 | INFO     | __main__:_register_audio_from_base64:462 - Registered dynamic voice from base64: spk_bece75d0
2026-07-14 13:41:13.900 | ERROR    | __main__:_speech_response_from_payload:1420 - TTS failed: [Errno 2] No such file or directory: 'C:\\Users\\HPOMNI~1\\AppData\\Local\\Temp\\dubstudio_voice_refs\\ref_seg14_vid_1784030948414_103.99_109.83.wav'
2026-07-14 13:41:17.807 | WARNING  | __main__:_extract_params:515 - Unsafe parameter combination detected: do_sample=True & num_beams=3. This can cause issues under DeepSpeed inference. Automatically setting num_beams=1 (preserving sampling mode). For beam search, explicitly pass do_sample=False.
2026-07-14 13:41:17.834 | INFO     | __main__:_register_audio_from_base64:436 - Dynamic voice cache hit: spk_bece75d0
2026-07-14 13:41:17.836 | ERROR    | __main__:_speech_response_from_payload:1420 - TTS failed: [Errno 2] No such file or directory: 'C:\\Users\\HPOMNI~1\\AppData\\Local\\Temp\\dubstudio_voice_refs\\ref_seg14_vid_1784030948414_103.99_109.83.wav'
2026-07-14 13:41:23.102 | WARNING  | __main__:_extract_params:515 - Unsafe parameter combination detected: do_sample=True & num_beams=3. This can cause issues under DeepSpeed inference. Automatically setting num_beams=1 (preserving sampling mode). For beam search, explicitly pass do_sample=False.
2026-07-14 13:41:23.104 | INFO     | __main__:_register_audio_from_base64:436 - Dynamic voice cache hit: spk_bece75d0
2026-07-14 13:41:23.105 | ERROR    | __main__:_speech_response_from_payload:1420 - TTS failed: [Errno 2] No such file or directory: 'C:\\Users\\HPOMNI~1\\AppData\\Local\\Temp\\dubstudio_voice_refs\\ref_seg14_vid_1784030948414_103.99_109.83.wav'
2026-07-14 13:41:34.391 | WARNING  | __main__:_extract_params:515 - Unsafe parameter combination detected: do_sample=True & num_beams=3. This can cause issues under DeepSpeed inference. Automatically setting num_beams=1 (preserving sampling mode). For beam search, explicitly pass do_sample=False.
2026-07-14 13:41:34.444 | INFO     | __main__:_register_audio_from_base64:462 - Registered dynamic voice from base64: spk_e7df34ec
2026-07-14 13:41:34.771 | ERROR    | __main__:_speech_response_from_payload:1420 - TTS failed: [Errno 2] No such file or directory: 'C:\\Users\\HPOMNI~1\\AppData\\Local\\Temp\\dubstudio_voice_refs\\ref_seg15_vid_1784030948414_110.75_116.57.wav'
2026-07-14 13:41:38.964 | WARNING  | __main__:_extract_params:515 - Unsafe parameter combination detected: do_sample=True & num_beams=3. This can cause issues under DeepSpeed inference. Automatically setting num_beams=1 (preserving sampling mode). For beam search, explicitly pass do_sample=False.
2026-07-14 13:41:38.968 | INFO     | __main__:_register_audio_from_base64:436 - Dynamic voice cache hit: spk_e7df34ec
2026-07-14 13:41:38.969 | ERROR    | __main__:_speech_response_from_payload:1420 - TTS failed: [Errno 2] No such file or directory: 'C:\\Users\\HPOMNI~1\\AppData\\Local\\Temp\\dubstudio_voice_refs\\ref_seg15_vid_1784030948414_110.75_116.57.wav'
2026-07-14 13:41:43.170 | WARNING  | __main__:_extract_params:515 - Unsafe parameter combination detected: do_sample=True & num_beams=3. This can cause issues under DeepSpeed inference. Automatically setting num_beams=1 (preserving sampling mode). For beam search, explicitly pass do_sample=False.
2026-07-14 13:41:43.173 | INFO     | __main__:_register_audio_from_base64:436 - Dynamic voice cache hit: spk_e7df34ec
2026-07-14 13:41:43.174 | ERROR    | __main__:_speech_response_from_payload:1420 - TTS failed: [Errno 2] No such file or directory: 'C:\\Users\\HPOMNI~1\\AppData\\Local\\Temp\\dubstudio_voice_refs\\ref_seg15_vid_1784030948414_110.75_116.57.wav'
2026-07-14 13:41:53.588 | WARNING  | __main__:_extract_params:515 - Unsafe parameter combination detected: do_sample=True & num_beams=3. This can cause issues under DeepSpeed inference. Automatically setting num_beams=1 (preserving sampling mode). For beam search, explicitly pass do_sample=False.
2026-07-14 13:41:53.599 | INFO     | __main__:_register_audio_from_base64:462 - Registered dynamic voice from base64: spk_9d98c0f4
2026-07-14 13:41:53.985 | ERROR    | __main__:_speech_response_from_payload:1420 - TTS failed: [Errno 2] No such file or directory: 'C:\\Users\\HPOMNI~1\\AppData\\Local\\Temp\\dubstudio_voice_refs\\ref_seg16_vid_1784030948414_117.29_124.39.wav'
2026-07-14 13:41:57.521 | WARNING  | __main__:_extract_params:515 - Unsafe parameter combination detected: do_sample=True & num_beams=3. This can cause issues under DeepSpeed inference. Automatically setting num_beams=1 (preserving sampling mode). For beam search, explicitly pass do_sample=False.
2026-07-14 13:41:57.522 | INFO     | __main__:_register_audio_from_base64:436 - Dynamic voice cache hit: spk_9d98c0f4
2026-07-14 13:41:57.524 | ERROR    | __main__:_speech_response_from_payload:1420 - TTS failed: [Errno 2] No such file or directory: 'C:\\Users\\HPOMNI~1\\AppData\\Local\\Temp\\dubstudio_voice_refs\\ref_seg16_vid_1784030948414_117.29_124.39.wav'
2026-07-14 13:42:01.986 | WARNING  | __main__:_extract_params:515 - Unsafe parameter combination detected: do_sample=True & num_beams=3. This can cause issues under DeepSpeed inference. Automatically setting num_beams=1 (preserving sampling mode). For beam search, explicitly pass do_sample=False.
2026-07-14 13:42:01.989 | INFO     | __main__:_register_audio_from_base64:436 - Dynamic voice cache hit: spk_9d98c0f4
2026-07-14 13:42:01.991 | ERROR    | __main__:_speech_response_from_payload:1420 - TTS failed: [Errno 2] No such file or directory: 'C:\\Users\\HPOMNI~1\\AppData\\Local\\Temp\\dubstudio_voice_refs\\ref_seg16_vid_1784030948414_117.29_124.39.wav'
2026-07-14 13:42:14.116 | WARNING  | __main__:_extract_params:515 - Unsafe parameter combination detected: do_sample=True & num_beams=3. This can cause issues under DeepSpeed inference. Automatically setting num_beams=1 (preserving sampling mode). For beam search, explicitly pass do_sample=False.
2026-07-14 13:42:14.147 | INFO     | __main__:_register_audio_from_base64:462 - Registered dynamic voice from base64: spk_7aaf6df9
2026-07-14 13:42:14.683 | ERROR    | __main__:_speech_response_from_payload:1420 - TTS failed: [Errno 2] No such file or directory: 'C:\\Users\\HPOMNI~1\\AppData\\Local\\Temp\\dubstudio_voice_refs\\ref_seg17_vid_1784030948414_125.09_137.85.wav'
2026-07-14 13:42:18.462 | WARNING  | __main__:_extract_params:515 - Unsafe parameter combination detected: do_sample=True & num_beams=3. This can cause issues under DeepSpeed inference. Automatically setting num_beams=1 (preserving sampling mode). For beam search, explicitly pass do_sample=False.
2026-07-14 13:42:18.467 | INFO     | __main__:_register_audio_from_base64:436 - Dynamic voice cache hit: spk_7aaf6df9
2026-07-14 13:42:18.470 | ERROR    | __main__:_speech_response_from_payload:1420 - TTS failed: [Errno 2] No such file or directory: 'C:\\Users\\HPOMNI~1\\AppData\\Local\\Temp\\dubstudio_voice_refs\\ref_seg17_vid_1784030948414_125.09_137.85.wav'
2026-07-14 13:42:24.616 | WARNING  | __main__:_extract_params:515 - Unsafe parameter combination detected: do_sample=True & num_beams=3. This can cause issues under DeepSpeed inference. Automatically setting num_beams=1 (preserving sampling mode). For beam search, explicitly pass do_sample=False.
2026-07-14 13:42:24.619 | INFO     | __main__:_register_audio_from_base64:436 - Dynamic voice cache hit: spk_7aaf6df9
2026-07-14 13:42:24.620 | ERROR    | __main__:_speech_response_from_payload:1420 - TTS failed: [Errno 2] No such file or directory: 'C:\\Users\\HPOMNI~1\\AppData\\Local\\Temp\\dubstudio_voice_refs\\ref_seg17_vid_1784030948414_125.09_137.85.wav'
2026-07-14 13:42:35.221 | WARNING  | __main__:_extract_params:515 - Unsafe parameter combination detected: do_sample=True & num_beams=3. This can cause issues under DeepSpeed inference. Automatically setting num_beams=1 (preserving sampling mode). For beam search, explicitly pass do_sample=False.
2026-07-14 13:42:35.242 | INFO     | __main__:_register_audio_from_base64:462 - Registered dynamic voice from base64: spk_6d39e4c2
2026-07-14 13:42:35.550 | ERROR    | __main__:_speech_response_from_payload:1420 - TTS failed: [Errno 2] No such file or directory: 'C:\\Users\\HPOMNI~1\\AppData\\Local\\Temp\\dubstudio_voice_refs\\ref_seg18_vid_1784030948414_138.61_142.65.wav'
2026-07-14 13:42:39.680 | WARNING  | __main__:_extract_params:515 - Unsafe parameter combination detected: do_sample=True & num_beams=3. This can cause issues under DeepSpeed inference. Automatically setting num_beams=1 (preserving sampling mode). For beam search, explicitly pass do_sample=False.
2026-07-14 13:42:39.683 | INFO     | __main__:_register_audio_from_base64:436 - Dynamic voice cache hit: spk_6d39e4c2
2026-07-14 13:42:39.684 | ERROR    | __main__:_speech_response_from_payload:1420 - TTS failed: [Errno 2] No such file or directory: 'C:\\Users\\HPOMNI~1\\AppData\\Local\\Temp\\dubstudio_voice_refs\\ref_seg18_vid_1784030948414_138.61_142.65.wav'
2026-07-14 13:42:44.084 | WARNING  | __main__:_extract_params:515 - Unsafe parameter combination detected: do_sample=True & num_beams=3. This can cause issues under DeepSpeed inference. Automatically setting num_beams=1 (preserving sampling mode). For beam search, explicitly pass do_sample=False.
2026-07-14 13:42:44.086 | INFO     | __main__:_register_audio_from_base64:436 - Dynamic voice cache hit: spk_6d39e4c2
2026-07-14 13:42:44.088 | ERROR    | __main__:_speech_response_from_payload:1420 - TTS failed: [Errno 2] No such file or directory: 'C:\\Users\\HPOMNI~1\\AppData\\Local\\Temp\\dubstudio_voice_refs\\ref_seg18_vid_1784030948414_138.61_142.65.wav'
2026-07-14 13:42:55.843 | WARNING  | __main__:_extract_params:515 - Unsafe parameter combination detected: do_sample=True & num_beams=3. This can cause issues under DeepSpeed inference. Automatically setting num_beams=1 (preserving sampling mode). For beam search, explicitly pass do_sample=False.
2026-07-14 13:42:55.853 | INFO     | __main__:_register_audio_from_base64:462 - Registered dynamic voice from base64: spk_51bece2f
2026-07-14 13:42:56.136 | ERROR    | __main__:_speech_response_from_payload:1420 - TTS failed: [Errno 2] No such file or directory: 'C:\\Users\\HPOMNI~1\\AppData\\Local\\Temp\\dubstudio_voice_refs\\ref_seg19_vid_1784030948414_143.07_146.91.wav'
2026-07-14 13:42:59.487 | WARNING  | __main__:_extract_params:515 - Unsafe parameter combination detected: do_sample=True & num_beams=3. This can cause issues under DeepSpeed inference. Automatically setting num_beams=1 (preserving sampling mode). For beam search, explicitly pass do_sample=False.
2026-07-14 13:42:59.535 | INFO     | __main__:_register_audio_from_base64:436 - Dynamic voice cache hit: spk_51bece2f
2026-07-14 13:42:59.537 | ERROR    | __main__:_speech_response_from_payload:1420 - TTS failed: [Errno 2] No such file or directory: 'C:\\Users\\HPOMNI~1\\AppData\\Local\\Temp\\dubstudio_voice_refs\\ref_seg19_vid_1784030948414_143.07_146.91.wav'
2026-07-14 13:43:03.304 | WARNING  | __main__:_extract_params:515 - Unsafe parameter combination detected: do_sample=True & num_beams=3. This can cause issues under DeepSpeed inference. Automatically setting num_beams=1 (preserving sampling mode). For beam search, explicitly pass do_sample=False.
2026-07-14 13:43:03.338 | INFO     | __main__:_register_audio_from_base64:436 - Dynamic voice cache hit: spk_51bece2f
2026-07-14 13:43:03.340 | ERROR    | __main__:_speech_response_from_payload:1420 - TTS failed: [Errno 2] No such file or directory: 'C:\\Users\\HPOMNI~1\\AppData\\Local\\Temp\\dubstudio_voice_refs\\ref_seg19_vid_1784030948414_143.07_146.91.wav'
2026-07-14 13:43:14.590 | WARNING  | __main__:_extract_params:515 - Unsafe parameter combination detected: do_sample=True & num_beams=3. This can cause issues under DeepSpeed inference. Automatically setting num_beams=1 (preserving sampling mode). For beam search, explicitly pass do_sample=False.
2026-07-14 13:43:14.599 | INFO     | __main__:_register_audio_from_base64:462 - Registered dynamic voice from base64: spk_5d32e123
2026-07-14 13:43:14.890 | ERROR    | __main__:_speech_response_from_payload:1420 - TTS failed: [Errno 2] No such file or directory: 'C:\\Users\\HPOMNI~1\\AppData\\Local\\Temp\\dubstudio_voice_refs\\ref_seg20_vid_1784030948414_146.91_152.23.wav'
2026-07-14 13:43:18.963 | WARNING  | __main__:_extract_params:515 - Unsafe parameter combination detected: do_sample=True & num_beams=3. This can cause issues under DeepSpeed inference. Automatically setting num_beams=1 (preserving sampling mode). For beam search, explicitly pass do_sample=False.
2026-07-14 13:43:18.965 | INFO     | __main__:_register_audio_from_base64:436 - Dynamic voice cache hit: spk_5d32e123
2026-07-14 13:43:18.967 | ERROR    | __main__:_speech_response_from_payload:1420 - TTS failed: [Errno 2] No such file or directory: 'C:\\Users\\HPOMNI~1\\AppData\\Local\\Temp\\dubstudio_voice_refs\\ref_seg20_vid_1784030948414_146.91_152.23.wav'
2026-07-14 13:43:25.246 | WARNING  | __main__:_extract_params:515 - Unsafe parameter combination detected: do_sample=True & num_beams=3. This can cause issues under DeepSpeed inference. Automatically setting num_beams=1 (preserving sampling mode). For beam search, explicitly pass do_sample=False.
2026-07-14 13:43:25.249 | INFO     | __main__:_register_audio_from_base64:436 - Dynamic voice cache hit: spk_5d32e123
2026-07-14 13:43:25.252 | ERROR    | __main__:_speech_response_from_payload:1420 - TTS failed: [Errno 2] No such file or directory: 'C:\\Users\\HPOMNI~1\\AppData\\Local\\Temp\\dubstudio_voice_refs\\ref_seg20_vid_1784030948414_146.91_152.23.wav'
2026-07-14 13:43:37.587 | WARNING  | __main__:_extract_params:515 - Unsafe parameter combination detected: do_sample=True & num_beams=3. This can cause issues under DeepSpeed inference. Automatically setting num_beams=1 (preserving sampling mode). For beam search, explicitly pass do_sample=False.
2026-07-14 13:43:37.601 | INFO     | __main__:_register_audio_from_base64:462 - Registered dynamic voice from base64: spk_2b5495f7
2026-07-14 13:43:37.901 | ERROR    | __main__:_speech_response_from_payload:1420 - TTS failed: [Errno 2] No such file or directory: 'C:\\Users\\HPOMNI~1\\AppData\\Local\\Temp\\dubstudio_voice_refs\\ref_seg21_vid_1784030948414_153.47_158.61.wav'
2026-07-14 13:43:49.108 | WARNING  | __main__:_extract_params:515 - Unsafe parameter combination detected: do_sample=True & num_beams=3. This can cause issues under DeepSpeed inference. Automatically setting num_beams=1 (preserving sampling mode). For beam search, explicitly pass do_sample=False.
2026-07-14 13:43:49.134 | INFO     | __main__:_register_audio_from_base64:436 - Dynamic voice cache hit: spk_2b5495f7
2026-07-14 13:43:49.136 | ERROR    | __main__:_speech_response_from_payload:1420 - TTS failed: [Errno 2] No such file or directory: 'C:\\Users\\HPOMNI~1\\AppData\\Local\\Temp\\dubstudio_voice_refs\\ref_seg21_vid_1784030948414_153.47_158.61.wav'
2026-07-14 13:43:59.623 | WARNING  | __main__:_extract_params:515 - Unsafe parameter combination detected: do_sample=True & num_beams=3. This can cause issues under DeepSpeed inference. Automatically setting num_beams=1 (preserving sampling mode). For beam search, explicitly pass do_sample=False.
2026-07-14 13:43:59.635 | INFO     | __main__:_register_audio_from_base64:462 - Registered dynamic voice from base64: spk_5e920306
2026-07-14 13:43:59.960 | ERROR    | __main__:_speech_response_from_payload:1420 - TTS failed: [Errno 2] No such file or directory: 'C:\\Users\\HPOMNI~1\\AppData\\Local\\Temp\\dubstudio_voice_refs\\ref_seg22_vid_1784030948414_158.61_161.63.wav'
2026-07-14 13:44:03.802 | WARNING  | __main__:_extract_params:515 - Unsafe parameter combination detected: do_sample=True & num_beams=3. This can cause issues under DeepSpeed inference. Automatically setting num_beams=1 (preserving sampling mode). For beam search, explicitly pass do_sample=False.
2026-07-14 13:44:03.803 | INFO     | __main__:_register_audio_from_base64:436 - Dynamic voice cache hit: spk_5e920306
2026-07-14 13:44:03.806 | ERROR    | __main__:_speech_response_from_payload:1420 - TTS failed: [Errno 2] No such file or directory: 'C:\\Users\\HPOMNI~1\\AppData\\Local\\Temp\\dubstudio_voice_refs\\ref_seg22_vid_1784030948414_158.61_161.63.wav'
2026-07-14 13:44:07.624 | WARNING  | __main__:_extract_params:515 - Unsafe parameter combination detected: do_sample=True & num_beams=3. This can cause issues under DeepSpeed inference. Automatically setting num_beams=1 (preserving sampling mode). For beam search, explicitly pass do_sample=False.
2026-07-14 13:44:07.626 | INFO     | __main__:_register_audio_from_base64:436 - Dynamic voice cache hit: spk_5e920306
2026-07-14 13:44:07.627 | ERROR    | __main__:_speech_response_from_payload:1420 - TTS failed: [Errno 2] No such file or directory: 'C:\\Users\\HPOMNI~1\\AppData\\Local\\Temp\\dubstudio_voice_refs\\ref_seg22_vid_1784030948414_158.61_161.63.wav'
2026-07-14 13:44:14.111 | INFO     | __main__:lifespan:1045 - Shutting down...
2026-07-15 17:04:11.812 | INFO     | __main__:<module>:1639 - IndexTTS2 API Server - http://0.0.0.0:8002
2026-07-15 17:04:11.813 | INFO     | __main__:<module>:1640 -   WebUI: http://0.0.0.0:8002/
2026-07-15 17:04:11.813 | INFO     | __main__:<module>:1641 -   API:   http://0.0.0.0:8002/docs
2026-07-15 17:04:11.813 | INFO     | __main__:<module>:1642 - Device: auto, FP16: True
2026-07-15 17:04:11.885 | INFO     | __main__:lifespan:1016 - Initializing IndexTTS2...
2026-07-15 17:04:11.886 | INFO     | __main__:lifespan:1022 - IndexTTS2 initialized successfully (reusing instance from webui_enhanced)
2026-07-15 17:04:11.887 | INFO     | __main__:lifespan:1042 - Loaded 42 voices
2026-07-15 17:13:04.300 | INFO     | __main__:lifespan:1045 - Shutting down...
2026-07-15 17:14:45.961 | INFO     | __main__:<module>:1773 - IndexTTS2 API Server - http://0.0.0.0:8002
2026-07-15 17:14:45.962 | INFO     | __main__:<module>:1774 -   WebUI: http://0.0.0.0:8002/
2026-07-15 17:14:45.962 | INFO     | __main__:<module>:1775 -   API:   http://0.0.0.0:8002/docs
2026-07-15 17:14:45.962 | INFO     | __main__:<module>:1776 - Device: auto, FP16: True
2026-07-15 17:14:45.987 | INFO     | __main__:lifespan:822 - Initializing IndexTTS2...
2026-07-15 17:14:45.987 | INFO     | __main__:lifespan:828 - IndexTTS2 initialized successfully (reusing instance from webui_enhanced)
2026-07-15 17:14:45.988 | INFO     | __main__:lifespan:848 - Loaded 42 voices
2026-07-15 17:37:24.201 | INFO     | __main__:lifespan:861 - Shutting down...
2026-07-16 07:24:45.052 | INFO     | __main__:<module>:1773 - IndexTTS2 API Server - http://0.0.0.0:8002
2026-07-16 07:24:45.053 | INFO     | __main__:<module>:1774 -   WebUI: http://0.0.0.0:8002/
2026-07-16 07:24:45.053 | INFO     | __main__:<module>:1775 -   API:   http://0.0.0.0:8002/docs
2026-07-16 07:24:45.053 | INFO     | __main__:<module>:1776 - Device: auto, FP16: False
2026-07-16 07:24:45.141 | INFO     | __main__:lifespan:822 - Initializing IndexTTS2...
2026-07-16 07:24:45.141 | INFO     | __main__:lifespan:828 - IndexTTS2 initialized successfully (reusing instance from webui_enhanced)
2026-07-16 07:24:45.142 | INFO     | __main__:lifespan:848 - Loaded 45 voices
2026-07-16 07:29:54.967 | WARNING  | __main__:_extract_params:518 - Unsafe parameter combination detected: do_sample=True & num_beams=3. This can cause issues under DeepSpeed inference. Automatically setting num_beams=1 (preserving sampling mode). For beam search, explicitly pass do_sample=False.
2026-07-16 07:29:55.023 | INFO     | __main__:_register_audio_from_base64:465 - Registered dynamic voice from base64: spk_f80b03fb
2026-07-16 07:30:31.026 | INFO     | __main__:trim_audio_array:258 - Trimmed audio: 17.76s -> 13.45s (removed 4.31s)
2026-07-16 07:30:31.029 | INFO     | __main__:_speech_response_from_payload:1220 - TTS completed: 101 chars, queue=0.00s, infer=34.29s, format: wav
2026-07-16 07:31:09.967 | WARNING  | __main__:_extract_params:518 - Unsafe parameter combination detected: do_sample=True & num_beams=3. This can cause issues under DeepSpeed inference. Automatically setting num_beams=1 (preserving sampling mode). For beam search, explicitly pass do_sample=False.
2026-07-16 07:31:09.971 | INFO     | __main__:_register_audio_from_base64:439 - Dynamic voice cache hit: spk_f80b03fb
2026-07-16 07:31:32.427 | INFO     | __main__:trim_audio_array:258 - Trimmed audio: 13.73s -> 12.17s (removed 1.56s)
2026-07-16 07:31:32.428 | INFO     | __main__:_speech_response_from_payload:1220 - TTS completed: 101 chars, queue=0.00s, infer=22.33s, format: wav
2026-07-16 07:33:08.404 | WARNING  | __main__:_extract_params:518 - Unsafe parameter combination detected: do_sample=True & num_beams=4. This can cause issues under DeepSpeed inference. Automatically setting num_beams=1 (preserving sampling mode). For beam search, explicitly pass do_sample=False.
2026-07-16 07:33:08.436 | INFO     | __main__:_register_audio_from_base64:465 - Registered dynamic voice from base64: spk_fee2f5db
2026-07-16 07:33:35.604 | INFO     | __main__:trim_audio_array:258 - Trimmed audio: 16.54s -> 15.07s (removed 1.47s)
2026-07-16 07:33:35.605 | INFO     | __main__:_speech_response_from_payload:1220 - TTS completed: 101 chars, queue=0.00s, infer=27.02s, format: wav
2026-07-16 07:34:43.501 | WARNING  | __main__:_extract_params:518 - Unsafe parameter combination detected: do_sample=True & num_beams=4. This can cause issues under DeepSpeed inference. Automatically setting num_beams=1 (preserving sampling mode). For beam search, explicitly pass do_sample=False.
2026-07-16 07:34:43.503 | INFO     | __main__:_register_audio_from_base64:439 - Dynamic voice cache hit: spk_fee2f5db
2026-07-16 07:35:11.653 | INFO     | __main__:trim_audio_array:258 - Trimmed audio: 17.76s -> 16.80s (removed 0.96s)
2026-07-16 07:35:11.655 | INFO     | __main__:_speech_response_from_payload:1220 - TTS completed: 101 chars, queue=0.00s, infer=27.99s, format: wav
2026-07-16 07:37:27.141 | WARNING  | __main__:_extract_params:518 - Unsafe parameter combination detected: do_sample=True & num_beams=4. This can cause issues under DeepSpeed inference. Automatically setting num_beams=1 (preserving sampling mode). For beam search, explicitly pass do_sample=False.
2026-07-16 07:37:27.144 | INFO     | __main__:_register_audio_from_base64:439 - Dynamic voice cache hit: spk_f80b03fb
2026-07-16 07:37:56.710 | INFO     | __main__:trim_audio_array:258 - Trimmed audio: 17.76s -> 15.73s (removed 2.03s)
2026-07-16 07:37:56.711 | INFO     | __main__:_speech_response_from_payload:1220 - TTS completed: 101 chars, queue=0.00s, infer=29.40s, format: wav
2026-07-16 07:38:54.636 | WARNING  | __main__:_extract_params:518 - Unsafe parameter combination detected: do_sample=True & num_beams=4. This can cause issues under DeepSpeed inference. Automatically setting num_beams=1 (preserving sampling mode). For beam search, explicitly pass do_sample=False.
2026-07-16 07:38:54.639 | INFO     | __main__:_register_audio_from_base64:439 - Dynamic voice cache hit: spk_f80b03fb
2026-07-16 07:39:22.781 | INFO     | __main__:trim_audio_array:258 - Trimmed audio: 17.76s -> 15.96s (removed 1.81s)
2026-07-16 07:39:22.783 | INFO     | __main__:_speech_response_from_payload:1220 - TTS completed: 101 chars, queue=0.00s, infer=27.98s, format: wav
2026-07-16 07:40:50.499 | WARNING  | __main__:_extract_params:518 - Unsafe parameter combination detected: do_sample=True & num_beams=4. This can cause issues under DeepSpeed inference. Automatically setting num_beams=1 (preserving sampling mode). For beam search, explicitly pass do_sample=False.
2026-07-16 07:40:50.531 | INFO     | __main__:_register_audio_from_base64:465 - Registered dynamic voice from base64: spk_bbb99b41
2026-07-16 07:41:15.791 | INFO     | __main__:trim_audio_array:258 - Trimmed audio: 14.98s -> 13.56s (removed 1.42s)
2026-07-16 07:41:15.793 | INFO     | __main__:_speech_response_from_payload:1220 - TTS completed: 101 chars, queue=0.00s, infer=25.12s, format: wav
2026-07-16 07:41:46.739 | WARNING  | __main__:_extract_params:518 - Unsafe parameter combination detected: do_sample=True & num_beams=4. This can cause issues under DeepSpeed inference. Automatically setting num_beams=1 (preserving sampling mode). For beam search, explicitly pass do_sample=False.
2026-07-16 07:41:46.741 | INFO     | __main__:_register_audio_from_base64:439 - Dynamic voice cache hit: spk_bbb99b41
2026-07-16 07:42:10.889 | INFO     | __main__:trim_audio_array:258 - Trimmed audio: 14.68s -> 11.94s (removed 2.73s)
2026-07-16 07:42:10.891 | INFO     | __main__:_speech_response_from_payload:1220 - TTS completed: 88 chars, queue=0.00s, infer=24.00s, format: wav
2026-07-16 07:42:18.830 | WARNING  | __main__:_extract_params:518 - Unsafe parameter combination detected: do_sample=True & num_beams=4. This can cause issues under DeepSpeed inference. Automatically setting num_beams=1 (preserving sampling mode). For beam search, explicitly pass do_sample=False.
2026-07-16 07:42:18.837 | INFO     | __main__:_register_audio_from_base64:439 - Dynamic voice cache hit: spk_bbb99b41
2026-07-16 07:42:48.187 | INFO     | __main__:trim_audio_array:258 - Trimmed audio: 17.73s -> 15.97s (removed 1.76s)
2026-07-16 07:42:48.188 | INFO     | __main__:_speech_response_from_payload:1220 - TTS completed: 123 chars, queue=0.00s, infer=29.18s, format: wav
2026-07-16 07:43:06.971 | WARNING  | __main__:_extract_params:518 - Unsafe parameter combination detected: do_sample=True & num_beams=4. This can cause issues under DeepSpeed inference. Automatically setting num_beams=1 (preserving sampling mode). For beam search, explicitly pass do_sample=False.
2026-07-16 07:43:06.975 | INFO     | __main__:_register_audio_from_base64:439 - Dynamic voice cache hit: spk_bbb99b41
2026-07-16 07:43:42.478 | INFO     | __main__:trim_audio_array:258 - Trimmed audio: 21.90s -> 19.07s (removed 2.83s)
2026-07-16 07:43:42.480 | INFO     | __main__:_speech_response_from_payload:1220 - TTS completed: 145 chars, queue=0.00s, infer=35.31s, format: wav
2026-07-16 07:43:56.738 | WARNING  | __main__:_extract_params:518 - Unsafe parameter combination detected: do_sample=True & num_beams=4. This can cause issues under DeepSpeed inference. Automatically setting num_beams=1 (preserving sampling mode). For beam search, explicitly pass do_sample=False.
2026-07-16 07:43:56.741 | INFO     | __main__:_register_audio_from_base64:439 - Dynamic voice cache hit: spk_bbb99b41
2026-07-16 07:44:12.322 | INFO     | __main__:trim_audio_array:258 - Trimmed audio: 9.08s -> 7.23s (removed 1.85s)
2026-07-16 07:44:12.323 | INFO     | __main__:_speech_response_from_payload:1220 - TTS completed: 38 chars, queue=0.00s, infer=15.50s, format: wav
2026-07-16 07:44:25.311 | WARNING  | __main__:_extract_params:518 - Unsafe parameter combination detected: do_sample=True & num_beams=4. This can cause issues under DeepSpeed inference. Automatically setting num_beams=1 (preserving sampling mode). For beam search, explicitly pass do_sample=False.
2026-07-16 07:44:25.313 | INFO     | __main__:_register_audio_from_base64:439 - Dynamic voice cache hit: spk_bbb99b41
2026-07-16 07:45:01.194 | INFO     | __main__:trim_audio_array:258 - Trimmed audio: 21.97s -> 21.01s (removed 0.95s)
2026-07-16 07:45:01.195 | INFO     | __main__:_speech_response_from_payload:1220 - TTS completed: 156 chars, queue=0.00s, infer=35.64s, format: wav
2026-07-16 07:45:34.828 | WARNING  | __main__:_extract_params:518 - Unsafe parameter combination detected: do_sample=True & num_beams=4. This can cause issues under DeepSpeed inference. Automatically setting num_beams=1 (preserving sampling mode). For beam search, explicitly pass do_sample=False.
2026-07-16 07:45:34.832 | INFO     | __main__:_register_audio_from_base64:439 - Dynamic voice cache hit: spk_bbb99b41
2026-07-16 07:45:55.579 | INFO     | __main__:trim_audio_array:258 - Trimmed audio: 12.68s -> 11.31s (removed 1.37s)
2026-07-16 07:45:55.580 | INFO     | __main__:_speech_response_from_payload:1220 - TTS completed: 71 chars, queue=0.00s, infer=20.61s, format: wav
2026-07-16 07:46:08.058 | WARNING  | __main__:_extract_params:518 - Unsafe parameter combination detected: do_sample=True & num_beams=4. This can cause issues under DeepSpeed inference. Automatically setting num_beams=1 (preserving sampling mode). For beam search, explicitly pass do_sample=False.
2026-07-16 07:46:08.063 | INFO     | __main__:_register_audio_from_base64:439 - Dynamic voice cache hit: spk_bbb99b41
2026-07-16 07:46:41.368 | INFO     | __main__:trim_audio_array:258 - Trimmed audio: 20.48s -> 18.31s (removed 2.17s)
2026-07-16 07:46:41.370 | INFO     | __main__:_speech_response_from_payload:1220 - TTS completed: 140 chars, queue=0.00s, infer=33.12s, format: wav
2026-07-16 07:47:00.675 | WARNING  | __main__:_extract_params:518 - Unsafe parameter combination detected: do_sample=True & num_beams=4. This can cause issues under DeepSpeed inference. Automatically setting num_beams=1 (preserving sampling mode). For beam search, explicitly pass do_sample=False.
2026-07-16 07:47:00.679 | INFO     | __main__:_register_audio_from_base64:439 - Dynamic voice cache hit: spk_bbb99b41
2026-07-16 07:47:24.273 | INFO     | __main__:trim_audio_array:258 - Trimmed audio: 14.27s -> 11.38s (removed 2.89s)
2026-07-16 07:47:24.274 | INFO     | __main__:_speech_response_from_payload:1220 - TTS completed: 76 chars, queue=0.00s, infer=23.47s, format: wav
2026-07-16 07:47:32.282 | WARNING  | __main__:_extract_params:518 - Unsafe parameter combination detected: do_sample=True & num_beams=4. This can cause issues under DeepSpeed inference. Automatically setting num_beams=1 (preserving sampling mode). For beam search, explicitly pass do_sample=False.
2026-07-16 07:47:32.286 | INFO     | __main__:_register_audio_from_base64:439 - Dynamic voice cache hit: spk_bbb99b41
2026-07-16 07:47:43.534 | INFO     | __main__:trim_audio_array:258 - Trimmed audio: 6.34s -> 4.85s (removed 1.49s)
2026-07-16 07:47:43.535 | INFO     | __main__:_speech_response_from_payload:1220 - TTS completed: 44 chars, queue=0.00s, infer=11.20s, format: wav
2026-07-16 07:47:49.952 | WARNING  | __main__:_extract_params:518 - Unsafe parameter combination detected: do_sample=True & num_beams=4. This can cause issues under DeepSpeed inference. Automatically setting num_beams=1 (preserving sampling mode). For beam search, explicitly pass do_sample=False.
2026-07-16 07:47:49.955 | INFO     | __main__:_register_audio_from_base64:439 - Dynamic voice cache hit: spk_bbb99b41
2026-07-16 07:48:02.226 | INFO     | __main__:trim_audio_array:258 - Trimmed audio: 7.02s -> 5.25s (removed 1.77s)
2026-07-16 07:48:02.226 | INFO     | __main__:_speech_response_from_payload:1220 - TTS completed: 37 chars, queue=0.00s, infer=12.22s, format: wav
2026-07-16 07:48:07.202 | WARNING  | __main__:_extract_params:518 - Unsafe parameter combination detected: do_sample=True & num_beams=4. This can cause issues under DeepSpeed inference. Automatically setting num_beams=1 (preserving sampling mode). For beam search, explicitly pass do_sample=False.
2026-07-16 07:48:07.237 | INFO     | __main__:_register_audio_from_base64:439 - Dynamic voice cache hit: spk_bbb99b41
2026-07-16 07:48:41.015 | INFO     | __main__:trim_audio_array:258 - Trimmed audio: 20.47s -> 19.16s (removed 1.31s)
2026-07-16 07:48:41.017 | INFO     | __main__:_speech_response_from_payload:1220 - TTS completed: 149 chars, queue=0.00s, infer=33.57s, format: wav
2026-07-16 07:48:53.741 | WARNING  | __main__:_extract_params:518 - Unsafe parameter combination detected: do_sample=True & num_beams=4. This can cause issues under DeepSpeed inference. Automatically setting num_beams=1 (preserving sampling mode). For beam search, explicitly pass do_sample=False.
2026-07-16 07:48:53.744 | INFO     | __main__:_register_audio_from_base64:439 - Dynamic voice cache hit: spk_bbb99b41
2026-07-16 07:49:14.798 | INFO     | __main__:trim_audio_array:258 - Trimmed audio: 12.43s -> 10.52s (removed 1.92s)
2026-07-16 07:49:14.799 | INFO     | __main__:_speech_response_from_payload:1220 - TTS completed: 95 chars, queue=0.00s, infer=20.94s, format: wav
2026-07-16 07:49:24.492 | WARNING  | __main__:_extract_params:518 - Unsafe parameter combination detected: do_sample=True & num_beams=4. This can cause issues under DeepSpeed inference. Automatically setting num_beams=1 (preserving sampling mode). For beam search, explicitly pass do_sample=False.
2026-07-16 07:49:24.537 | INFO     | __main__:_register_audio_from_base64:439 - Dynamic voice cache hit: spk_bbb99b41
2026-07-16 07:49:47.152 | INFO     | __main__:trim_audio_array:258 - Trimmed audio: 13.71s -> 11.73s (removed 1.99s)
2026-07-16 07:49:47.153 | INFO     | __main__:_speech_response_from_payload:1220 - TTS completed: 95 chars, queue=0.00s, infer=22.50s, format: wav
2026-07-16 07:49:56.047 | WARNING  | __main__:_extract_params:518 - Unsafe parameter combination detected: do_sample=True & num_beams=4. This can cause issues under DeepSpeed inference. Automatically setting num_beams=1 (preserving sampling mode). For beam search, explicitly pass do_sample=False.
2026-07-16 07:49:56.050 | INFO     | __main__:_register_audio_from_base64:439 - Dynamic voice cache hit: spk_bbb99b41
2026-07-16 07:50:36.368 | INFO     | __main__:trim_audio_array:258 - Trimmed audio: 24.78s -> 21.56s (removed 3.21s)
2026-07-16 07:50:36.369 | INFO     | __main__:_speech_response_from_payload:1220 - TTS completed: 170 chars, queue=0.00s, infer=40.10s, format: wav
2026-07-16 07:51:03.114 | INFO     | __main__:lifespan:861 - Shutting down...
2026-07-17 14:16:56.600 | INFO     | __main__:<module>:1773 - IndexTTS2 API Server - http://0.0.0.0:8002
2026-07-17 14:16:56.600 | INFO     | __main__:<module>:1774 -   WebUI: http://0.0.0.0:8002/
2026-07-17 14:16:56.600 | INFO     | __main__:<module>:1775 -   API:   http://0.0.0.0:8002/docs
2026-07-17 14:16:56.601 | INFO     | __main__:<module>:1776 - Device: auto, FP16: False
2026-07-17 14:16:56.623 | INFO     | __main__:lifespan:822 - Initializing IndexTTS2...
2026-07-17 14:16:56.623 | INFO     | __main__:lifespan:828 - IndexTTS2 initialized successfully (reusing instance from webui_enhanced)
2026-07-17 14:16:56.624 | INFO     | __main__:lifespan:848 - Loaded 55 voices
2026-07-17 14:17:10.266 | WARNING  | __main__:_extract_params:518 - Unsafe parameter combination detected: do_sample=True & num_beams=3. This can cause issues under DeepSpeed inference. Automatically setting num_beams=1 (preserving sampling mode). For beam search, explicitly pass do_sample=False.
2026-07-17 14:17:10.267 | WARNING  | __main__:_extract_params:534 - DeepSpeed is enabled, which pre-allocates KV cache for max 1024 total tokens. Capping max_mel_tokens from 2400 to 880 to prevent CUDA illegal memory access.
2026-07-17 14:17:10.270 | INFO     | __main__:_register_audio_from_base64:439 - Dynamic voice cache hit: spk_6a086b4a
2026-07-17 14:17:25.310 | INFO     | __main__:trim_audio_array:258 - Trimmed audio: 8.92s -> 6.04s (removed 2.88s)
2026-07-17 14:17:25.311 | INFO     | __main__:_speech_response_from_payload:1220 - TTS completed: 56 chars, queue=0.00s, infer=14.82s, format: wav
2026-07-17 14:17:45.294 | WARNING  | __main__:_extract_params:518 - Unsafe parameter combination detected: do_sample=True & num_beams=3. This can cause issues under DeepSpeed inference. Automatically setting num_beams=1 (preserving sampling mode). For beam search, explicitly pass do_sample=False.
2026-07-17 14:17:45.294 | WARNING  | __main__:_extract_params:534 - DeepSpeed is enabled, which pre-allocates KV cache for max 1024 total tokens. Capping max_mel_tokens from 2400 to 880 to prevent CUDA illegal memory access.
2026-07-17 14:17:45.297 | INFO     | __main__:_register_audio_from_base64:439 - Dynamic voice cache hit: spk_6a086b4a
2026-07-17 14:17:58.348 | INFO     | __main__:trim_audio_array:258 - Trimmed audio: 9.49s -> 7.25s (removed 2.24s)
2026-07-17 14:17:58.349 | INFO     | __main__:_speech_response_from_payload:1220 - TTS completed: 63 chars, queue=0.00s, infer=12.97s, format: wav
2026-07-17 14:18:03.759 | WARNING  | __main__:_extract_params:518 - Unsafe parameter combination detected: do_sample=True & num_beams=3. This can cause issues under DeepSpeed inference. Automatically setting num_beams=1 (preserving sampling mode). For beam search, explicitly pass do_sample=False.
2026-07-17 14:18:03.760 | WARNING  | __main__:_extract_params:534 - DeepSpeed is enabled, which pre-allocates KV cache for max 1024 total tokens. Capping max_mel_tokens from 2400 to 880 to prevent CUDA illegal memory access.
2026-07-17 14:18:03.786 | INFO     | __main__:_register_audio_from_base64:439 - Dynamic voice cache hit: spk_6a086b4a
2026-07-17 14:18:27.001 | INFO     | __main__:trim_audio_array:258 - Trimmed audio: 13.55s -> 11.47s (removed 2.07s)
2026-07-17 14:18:27.003 | INFO     | __main__:_speech_response_from_payload:1220 - TTS completed: 103 chars, queue=0.00s, infer=23.09s, format: wav
2026-07-17 14:18:45.574 | WARNING  | __main__:_extract_params:518 - Unsafe parameter combination detected: do_sample=True & num_beams=3. This can cause issues under DeepSpeed inference. Automatically setting num_beams=1 (preserving sampling mode). For beam search, explicitly pass do_sample=False.
2026-07-17 14:18:45.574 | WARNING  | __main__:_extract_params:534 - DeepSpeed is enabled, which pre-allocates KV cache for max 1024 total tokens. Capping max_mel_tokens from 2400 to 880 to prevent CUDA illegal memory access.
2026-07-17 14:18:45.584 | INFO     | __main__:_register_audio_from_base64:439 - Dynamic voice cache hit: spk_6a086b4a
2026-07-17 14:19:04.794 | INFO     | __main__:trim_audio_array:258 - Trimmed audio: 12.26s -> 9.67s (removed 2.59s)
2026-07-17 14:19:04.796 | INFO     | __main__:_speech_response_from_payload:1220 - TTS completed: 68 chars, queue=0.00s, infer=19.11s, format: wav
2026-07-17 14:19:10.367 | WARNING  | __main__:_extract_params:518 - Unsafe parameter combination detected: do_sample=True & num_beams=3. This can cause issues under DeepSpeed inference. Automatically setting num_beams=1 (preserving sampling mode). For beam search, explicitly pass do_sample=False.
2026-07-17 14:19:10.368 | WARNING  | __main__:_extract_params:534 - DeepSpeed is enabled, which pre-allocates KV cache for max 1024 total tokens. Capping max_mel_tokens from 2400 to 880 to prevent CUDA illegal memory access.
2026-07-17 14:19:10.371 | INFO     | __main__:_register_audio_from_base64:439 - Dynamic voice cache hit: spk_6a086b4a
2026-07-17 14:19:49.857 | INFO     | __main__:trim_audio_array:258 - Trimmed audio: 17.57s -> 17.09s (removed 0.48s)
2026-07-17 14:19:49.858 | INFO     | __main__:_speech_response_from_payload:1220 - TTS completed: 213 chars, queue=0.00s, infer=39.30s, format: wav
2026-07-17 14:19:53.798 | WARNING  | __main__:_extract_params:518 - Unsafe parameter combination detected: do_sample=True & num_beams=3. This can cause issues under DeepSpeed inference. Automatically setting num_beams=1 (preserving sampling mode). For beam search, explicitly pass do_sample=False.
2026-07-17 14:19:53.798 | WARNING  | __main__:_extract_params:534 - DeepSpeed is enabled, which pre-allocates KV cache for max 1024 total tokens. Capping max_mel_tokens from 2400 to 880 to prevent CUDA illegal memory access.
2026-07-17 14:19:53.802 | INFO     | __main__:_register_audio_from_base64:439 - Dynamic voice cache hit: spk_6a086b4a
2026-07-17 14:20:08.871 | INFO     | __main__:trim_audio_array:258 - Trimmed audio: 10.27s -> 9.14s (removed 1.13s)
2026-07-17 14:20:08.872 | INFO     | __main__:_speech_response_from_payload:1220 - TTS completed: 73 chars, queue=0.00s, infer=14.98s, format: wav
2026-07-17 14:20:12.680 | WARNING  | __main__:_extract_params:518 - Unsafe parameter combination detected: do_sample=True & num_beams=3. This can cause issues under DeepSpeed inference. Automatically setting num_beams=1 (preserving sampling mode). For beam search, explicitly pass do_sample=False.
2026-07-17 14:20:12.680 | WARNING  | __main__:_extract_params:534 - DeepSpeed is enabled, which pre-allocates KV cache for max 1024 total tokens. Capping max_mel_tokens from 2400 to 880 to prevent CUDA illegal memory access.
2026-07-17 14:20:12.688 | INFO     | __main__:_register_audio_from_base64:439 - Dynamic voice cache hit: spk_6a086b4a
2026-07-17 14:20:33.814 | INFO     | __main__:trim_audio_array:258 - Trimmed audio: 12.88s -> 12.31s (removed 0.57s)
2026-07-17 14:20:33.816 | INFO     | __main__:_speech_response_from_payload:1220 - TTS completed: 72 chars, queue=0.00s, infer=21.00s, format: wav
2026-07-17 14:21:06.379 | WARNING  | __main__:_extract_params:518 - Unsafe parameter combination detected: do_sample=True & num_beams=3. This can cause issues under DeepSpeed inference. Automatically setting num_beams=1 (preserving sampling mode). For beam search, explicitly pass do_sample=False.
2026-07-17 14:21:06.379 | WARNING  | __main__:_extract_params:534 - DeepSpeed is enabled, which pre-allocates KV cache for max 1024 total tokens. Capping max_mel_tokens from 2400 to 880 to prevent CUDA illegal memory access.
2026-07-17 14:21:06.382 | INFO     | __main__:_register_audio_from_base64:439 - Dynamic voice cache hit: spk_6a086b4a
2026-07-17 14:21:22.128 | INFO     | __main__:trim_audio_array:258 - Trimmed audio: 10.58s -> 8.56s (removed 2.02s)
2026-07-17 14:21:22.129 | INFO     | __main__:_speech_response_from_payload:1220 - TTS completed: 88 chars, queue=0.00s, infer=15.66s, format: wav
2026-07-17 14:21:25.506 | WARNING  | __main__:_extract_params:518 - Unsafe parameter combination detected: do_sample=True & num_beams=3. This can cause issues under DeepSpeed inference. Automatically setting num_beams=1 (preserving sampling mode). For beam search, explicitly pass do_sample=False.
2026-07-17 14:21:25.507 | WARNING  | __main__:_extract_params:534 - DeepSpeed is enabled, which pre-allocates KV cache for max 1024 total tokens. Capping max_mel_tokens from 2400 to 880 to prevent CUDA illegal memory access.
2026-07-17 14:21:25.511 | INFO     | __main__:_register_audio_from_base64:439 - Dynamic voice cache hit: spk_6a086b4a
2026-07-17 14:21:42.827 | INFO     | __main__:trim_audio_array:258 - Trimmed audio: 11.24s -> 9.36s (removed 1.88s)
2026-07-17 14:21:42.828 | INFO     | __main__:_speech_response_from_payload:1220 - TTS completed: 92 chars, queue=0.00s, infer=17.20s, format: wav
2026-07-17 14:21:46.489 | WARNING  | __main__:_extract_params:518 - Unsafe parameter combination detected: do_sample=True & num_beams=3. This can cause issues under DeepSpeed inference. Automatically setting num_beams=1 (preserving sampling mode). For beam search, explicitly pass do_sample=False.
2026-07-17 14:21:46.490 | WARNING  | __main__:_extract_params:534 - DeepSpeed is enabled, which pre-allocates KV cache for max 1024 total tokens. Capping max_mel_tokens from 2400 to 880 to prevent CUDA illegal memory access.
2026-07-17 14:21:46.495 | INFO     | __main__:_register_audio_from_base64:439 - Dynamic voice cache hit: spk_6a086b4a
2026-07-17 14:21:58.317 | INFO     | __main__:trim_audio_array:258 - Trimmed audio: 8.70s -> 7.31s (removed 1.39s)
2026-07-17 14:21:58.318 | INFO     | __main__:_speech_response_from_payload:1220 - TTS completed: 65 chars, queue=0.00s, infer=11.74s, format: wav
2026-07-17 14:22:07.349 | WARNING  | __main__:_extract_params:518 - Unsafe parameter combination detected: do_sample=True & num_beams=3. This can cause issues under DeepSpeed inference. Automatically setting num_beams=1 (preserving sampling mode). For beam search, explicitly pass do_sample=False.
2026-07-17 14:22:07.350 | WARNING  | __main__:_extract_params:534 - DeepSpeed is enabled, which pre-allocates KV cache for max 1024 total tokens. Capping max_mel_tokens from 2400 to 880 to prevent CUDA illegal memory access.
2026-07-17 14:22:07.353 | INFO     | __main__:_register_audio_from_base64:439 - Dynamic voice cache hit: spk_6a086b4a
2026-07-17 14:22:18.885 | INFO     | __main__:trim_audio_array:258 - Trimmed audio: 8.56s -> 6.59s (removed 1.96s)
2026-07-17 14:22:18.886 | INFO     | __main__:_speech_response_from_payload:1220 - TTS completed: 62 chars, queue=0.00s, infer=11.43s, format: wav
2026-07-17 14:37:52.833 | INFO     | __main__:<module>:2048 - IndexTTS2 API Server - http://0.0.0.0:8002
2026-07-17 14:37:52.834 | INFO     | __main__:<module>:2049 -   WebUI: http://0.0.0.0:8002/
2026-07-17 14:37:52.834 | INFO     | __main__:<module>:2050 -   API:   http://0.0.0.0:8002/docs
2026-07-17 14:37:52.834 | INFO     | __main__:<module>:2051 - Device: auto, FP16: False, DeepSpeed: True
2026-07-17 14:37:52.834 | INFO     | __main__:<module>:2053 -   DeepSpeed KV cache: 1024 total tokens, max_mel_tokens will be capped to ~880
2026-07-17 14:37:52.859 | INFO     | __main__:lifespan:1052 - Initializing IndexTTS2...
2026-07-17 14:37:52.859 | INFO     | __main__:lifespan:1054 - DeepSpeed requested. Constraints: beam search disabled (num_beams forced to 1), max_mel_tokens capped to fit 1024-token KV cache. Sampling mode is used for quality output.
2026-07-17 14:37:52.859 | INFO     | __main__:lifespan:1065 - IndexTTS2 initialized successfully (reusing instance from webui_enhanced, DeepSpeed: disabled)
2026-07-17 14:37:52.860 | INFO     | __main__:lifespan:1086 - Loaded 55 voices
2026-07-17 14:46:25.255 | WARNING  | __main__:_extract_params:751 - do_sample=True with num_beams=3 is unstable. Setting num_beams=1 (preserving sampling mode). For beam search, explicitly pass do_sample=False.
2026-07-17 14:46:25.256 | INFO     | __main__:_normalize_for_deepspeed:669 - DeepSpeed parameter normalisation:
2026-07-17 14:46:25.256 | INFO     | __main__:_normalize_for_deepspeed:671 -   • max_mel_tokens: 1700→880 (DeepSpeed KV cache: 1024 total - 120 text - 24 buffer = 880 max mel)
2026-07-17 14:46:25.292 | INFO     | __main__:_register_audio_from_base64:563 - Registered dynamic voice from base64: spk_c4c69905
2026-07-17 14:46:27.677 | ERROR    | __main__:_speech_response_from_payload:1506 - TTS failed: The following `model_kwargs` are not used by the model: ['diffusion_steps', 'inference_cfg_rate'] (note: typos in the generate arguments will also show up in this list)
2026-07-17 14:46:34.262 | WARNING  | __main__:_extract_params:751 - do_sample=True with num_beams=3 is unstable. Setting num_beams=1 (preserving sampling mode). For beam search, explicitly pass do_sample=False.
2026-07-17 14:46:34.263 | INFO     | __main__:_normalize_for_deepspeed:669 - DeepSpeed parameter normalisation:
2026-07-17 14:46:34.263 | INFO     | __main__:_normalize_for_deepspeed:671 -   • max_mel_tokens: 1700→880 (DeepSpeed KV cache: 1024 total - 120 text - 24 buffer = 880 max mel)
2026-07-17 14:46:34.286 | INFO     | __main__:_register_audio_from_base64:537 - Dynamic voice cache hit: spk_c4c69905
2026-07-17 14:46:34.447 | ERROR    | __main__:_speech_response_from_payload:1506 - TTS failed: The following `model_kwargs` are not used by the model: ['diffusion_steps', 'inference_cfg_rate'] (note: typos in the generate arguments will also show up in this list)
2026-07-17 14:46:41.338 | WARNING  | __main__:_extract_params:751 - do_sample=True with num_beams=3 is unstable. Setting num_beams=1 (preserving sampling mode). For beam search, explicitly pass do_sample=False.
2026-07-17 14:46:41.338 | INFO     | __main__:_normalize_for_deepspeed:669 - DeepSpeed parameter normalisation:
2026-07-17 14:46:41.338 | INFO     | __main__:_normalize_for_deepspeed:671 -   • max_mel_tokens: 1700→880 (DeepSpeed KV cache: 1024 total - 120 text - 24 buffer = 880 max mel)
2026-07-17 14:46:41.385 | INFO     | __main__:_register_audio_from_base64:537 - Dynamic voice cache hit: spk_c4c69905
2026-07-17 14:46:41.558 | ERROR    | __main__:_speech_response_from_payload:1506 - TTS failed: The following `model_kwargs` are not used by the model: ['diffusion_steps', 'inference_cfg_rate'] (note: typos in the generate arguments will also show up in this list)
2026-07-17 14:51:29.573 | INFO     | __main__:lifespan:1099 - Shutting down...
2026-07-17 14:53:11.489 | INFO     | __main__:<module>:1610 - IndexTTS2 API Server - http://0.0.0.0:8002
2026-07-17 14:53:11.489 | INFO     | __main__:<module>:1611 -   WebUI: http://0.0.0.0:8002/
2026-07-17 14:53:11.490 | INFO     | __main__:<module>:1612 -   API:   http://0.0.0.0:8002/docs
2026-07-17 14:53:11.490 | INFO     | __main__:<module>:1613 - Device: auto, FP16: False, DeepSpeed: True
2026-07-17 14:53:11.490 | INFO     | __main__:<module>:1615 -   DeepSpeed KV cache: 1024 total tokens, max_mel_tokens will be capped to ~880
2026-07-17 14:53:11.524 | INFO     | __main__:lifespan:869 - Initializing IndexTTS2...
2026-07-17 14:53:11.524 | INFO     | __main__:lifespan:871 - DeepSpeed requested. Constraints: beam search disabled (num_beams forced to 1), max_mel_tokens capped to fit 1024-token KV cache. Sampling mode is used for quality output.
2026-07-17 14:53:11.525 | INFO     | __main__:lifespan:888 - IndexTTS2 initialized successfully (reusing instance from webui_enhanced, DeepSpeed: enabled)
2026-07-17 14:53:11.525 | INFO     | __main__:lifespan:923 - Patched GPT generate() to filter out vocoder kwargs (diffusion_steps, inference_cfg_rate)
2026-07-17 14:53:11.526 | INFO     | __main__:lifespan:926 - Loaded 56 voices
2026-07-17 14:56:46.550 | WARNING  | __main__:_extract_params:604 - do_sample=True with num_beams=3 is unstable. Setting num_beams=1 (preserving sampling mode). For beam search, explicitly pass do_sample=False.
2026-07-17 14:56:46.550 | INFO     | __main__:_normalize_for_deepspeed:546 - DeepSpeed parameter normalisation:
2026-07-17 14:56:46.550 | INFO     | __main__:_normalize_for_deepspeed:548 -   • max_mel_tokens: 1700→880 (DeepSpeed KV cache: 1024 total - 120 text - 24 buffer = 880 max mel)
2026-07-17 14:56:46.554 | INFO     | __main__:_register_audio_from_base64:457 - Dynamic voice cache hit: spk_6a086b4a
2026-07-17 14:57:07.734 | INFO     | __main__:trim_audio_array:326 - Trimmed audio: 12.07s -> 10.15s (removed 1.93s)
2026-07-17 14:57:07.735 | INFO     | __main__:_speech_response_from_payload:1217 - TTS completed: 99 chars, queue=0.00s, infer=20.93s, format: wav
2026-07-17 14:58:21.517 | WARNING  | __main__:_extract_params:604 - do_sample=True with num_beams=3 is unstable. Setting num_beams=1 (preserving sampling mode). For beam search, explicitly pass do_sample=False.
2026-07-17 14:58:21.517 | INFO     | __main__:_normalize_for_deepspeed:546 - DeepSpeed parameter normalisation:
2026-07-17 14:58:21.518 | INFO     | __main__:_normalize_for_deepspeed:548 -   • max_mel_tokens: 1700→880 (DeepSpeed KV cache: 1024 total - 120 text - 24 buffer = 880 max mel)
2026-07-17 14:58:21.521 | INFO     | __main__:_register_audio_from_base64:457 - Dynamic voice cache hit: spk_d4a03cd5
2026-07-17 14:58:43.707 | INFO     | __main__:trim_audio_array:326 - Trimmed audio: 13.21s -> 11.42s (removed 1.79s)
2026-07-17 14:58:43.708 | INFO     | __main__:_speech_response_from_payload:1217 - TTS completed: 99 chars, queue=0.00s, infer=22.07s, format: wav
2026-07-17 14:59:08.057 | WARNING  | __main__:_extract_params:604 - do_sample=True with num_beams=3 is unstable. Setting num_beams=1 (preserving sampling mode). For beam search, explicitly pass do_sample=False.
2026-07-17 14:59:08.058 | INFO     | __main__:_normalize_for_deepspeed:546 - DeepSpeed parameter normalisation:
2026-07-17 14:59:08.058 | INFO     | __main__:_normalize_for_deepspeed:548 -   • max_mel_tokens: 1700→880 (DeepSpeed KV cache: 1024 total - 120 text - 24 buffer = 880 max mel)
2026-07-17 14:59:08.062 | INFO     | __main__:_register_audio_from_base64:457 - Dynamic voice cache hit: spk_d4a03cd5
2026-07-17 14:59:29.694 | INFO     | __main__:trim_audio_array:326 - Trimmed audio: 13.13s -> 10.38s (removed 2.75s)
2026-07-17 14:59:29.695 | INFO     | __main__:_speech_response_from_payload:1217 - TTS completed: 99 chars, queue=0.00s, infer=21.53s, format: wav
2026-07-17 15:00:11.684 | WARNING  | __main__:_extract_params:604 - do_sample=True with num_beams=3 is unstable. Setting num_beams=1 (preserving sampling mode). For beam search, explicitly pass do_sample=False.
2026-07-17 15:00:11.685 | INFO     | __main__:_normalize_for_deepspeed:546 - DeepSpeed parameter normalisation:
2026-07-17 15:00:11.685 | INFO     | __main__:_normalize_for_deepspeed:548 -   • max_mel_tokens: 1700→880 (DeepSpeed KV cache: 1024 total - 120 text - 24 buffer = 880 max mel)
2026-07-17 15:00:11.688 | INFO     | __main__:_register_audio_from_base64:457 - Dynamic voice cache hit: spk_d4a03cd5
2026-07-17 15:00:23.256 | INFO     | __main__:trim_audio_array:326 - Trimmed audio: 8.70s -> 6.76s (removed 1.94s)
2026-07-17 15:00:23.257 | INFO     | __main__:_speech_response_from_payload:1217 - TTS completed: 67 chars, queue=0.00s, infer=11.50s, format: wav
2026-07-17 15:00:41.383 | WARNING  | __main__:_extract_params:604 - do_sample=True with num_beams=3 is unstable. Setting num_beams=1 (preserving sampling mode). For beam search, explicitly pass do_sample=False.
2026-07-17 15:00:41.384 | INFO     | __main__:_normalize_for_deepspeed:546 - DeepSpeed parameter normalisation:
2026-07-17 15:00:41.385 | INFO     | __main__:_normalize_for_deepspeed:548 -   • max_mel_tokens: 1700→880 (DeepSpeed KV cache: 1024 total - 120 text - 24 buffer = 880 max mel)
2026-07-17 15:00:41.390 | INFO     | __main__:_register_audio_from_base64:457 - Dynamic voice cache hit: spk_d4a03cd5
2026-07-17 15:01:19.038 | INFO     | __main__:trim_audio_array:326 - Trimmed audio: 17.57s -> 17.35s (removed 0.22s)
2026-07-17 15:01:19.040 | INFO     | __main__:_speech_response_from_payload:1217 - TTS completed: 168 chars, queue=0.00s, infer=37.49s, format: wav
2026-07-17 15:01:31.345 | WARNING  | __main__:_extract_params:604 - do_sample=True with num_beams=3 is unstable. Setting num_beams=1 (preserving sampling mode). For beam search, explicitly pass do_sample=False.
2026-07-17 15:01:31.346 | INFO     | __main__:_normalize_for_deepspeed:546 - DeepSpeed parameter normalisation:
2026-07-17 15:01:31.346 | INFO     | __main__:_normalize_for_deepspeed:548 -   • max_mel_tokens: 1700→880 (DeepSpeed KV cache: 1024 total - 120 text - 24 buffer = 880 max mel)
2026-07-17 15:01:31.349 | INFO     | __main__:_register_audio_from_base64:457 - Dynamic voice cache hit: spk_d4a03cd5
2026-07-17 15:01:39.821 | INFO     | __main__:trim_audio_array:326 - Trimmed audio: 6.58s -> 4.76s (removed 1.82s)
2026-07-17 15:01:39.822 | INFO     | __main__:_speech_response_from_payload:1217 - TTS completed: 44 chars, queue=0.00s, infer=8.37s, format: wav
2026-07-17 15:01:57.538 | WARNING  | __main__:_extract_params:604 - do_sample=True with num_beams=3 is unstable. Setting num_beams=1 (preserving sampling mode). For beam search, explicitly pass do_sample=False.
2026-07-17 15:01:57.539 | INFO     | __main__:_normalize_for_deepspeed:546 - DeepSpeed parameter normalisation:
2026-07-17 15:01:57.539 | INFO     | __main__:_normalize_for_deepspeed:548 -   • max_mel_tokens: 1700→880 (DeepSpeed KV cache: 1024 total - 120 text - 24 buffer = 880 max mel)
2026-07-17 15:01:57.584 | INFO     | __main__:_register_audio_from_base64:457 - Dynamic voice cache hit: spk_d4a03cd5
2026-07-17 15:02:13.316 | INFO     | __main__:trim_audio_array:326 - Trimmed audio: 10.58s -> 8.63s (removed 1.95s)
2026-07-17 15:02:13.317 | INFO     | __main__:_speech_response_from_payload:1217 - TTS completed: 74 chars, queue=0.00s, infer=15.63s, format: wav
2026-07-17 15:02:37.787 | WARNING  | __main__:_extract_params:604 - do_sample=True with num_beams=3 is unstable. Setting num_beams=1 (preserving sampling mode). For beam search, explicitly pass do_sample=False.
2026-07-17 15:02:37.787 | INFO     | __main__:_normalize_for_deepspeed:546 - DeepSpeed parameter normalisation:
2026-07-17 15:02:37.788 | INFO     | __main__:_normalize_for_deepspeed:548 -   • max_mel_tokens: 1700→880 (DeepSpeed KV cache: 1024 total - 120 text - 24 buffer = 880 max mel)
2026-07-17 15:02:37.793 | INFO     | __main__:_register_audio_from_base64:457 - Dynamic voice cache hit: spk_d4a03cd5
2026-07-17 15:02:45.696 | INFO     | __main__:trim_audio_array:326 - Trimmed audio: 6.36s -> 4.32s (removed 2.05s)
2026-07-17 15:02:45.697 | INFO     | __main__:_speech_response_from_payload:1217 - TTS completed: 37 chars, queue=0.00s, infer=7.85s, format: wav
2026-07-17 15:02:52.695 | WARNING  | __main__:_extract_params:604 - do_sample=True with num_beams=3 is unstable. Setting num_beams=1 (preserving sampling mode). For beam search, explicitly pass do_sample=False.
2026-07-17 15:02:52.695 | INFO     | __main__:_normalize_for_deepspeed:546 - DeepSpeed parameter normalisation:
2026-07-17 15:02:52.696 | INFO     | __main__:_normalize_for_deepspeed:548 -   • max_mel_tokens: 1700→880 (DeepSpeed KV cache: 1024 total - 120 text - 24 buffer = 880 max mel)
2026-07-17 15:02:52.701 | INFO     | __main__:_register_audio_from_base64:457 - Dynamic voice cache hit: spk_d4a03cd5
2026-07-17 15:03:11.585 | INFO     | __main__:trim_audio_array:326 - Trimmed audio: 11.90s -> 9.94s (removed 1.96s)
2026-07-17 15:03:11.586 | INFO     | __main__:_speech_response_from_payload:1217 - TTS completed: 94 chars, queue=0.00s, infer=18.79s, format: wav
2026-07-17 15:03:18.266 | WARNING  | __main__:_extract_params:604 - do_sample=True with num_beams=3 is unstable. Setting num_beams=1 (preserving sampling mode). For beam search, explicitly pass do_sample=False.
2026-07-17 15:03:18.266 | INFO     | __main__:_normalize_for_deepspeed:546 - DeepSpeed parameter normalisation:
2026-07-17 15:03:18.267 | INFO     | __main__:_normalize_for_deepspeed:548 -   • max_mel_tokens: 1700→880 (DeepSpeed KV cache: 1024 total - 120 text - 24 buffer = 880 max mel)
2026-07-17 15:03:18.286 | INFO     | __main__:_register_audio_from_base64:457 - Dynamic voice cache hit: spk_d4a03cd5
2026-07-17 15:03:28.932 | INFO     | __main__:trim_audio_array:326 - Trimmed audio: 8.06s -> 6.01s (removed 2.04s)
2026-07-17 15:03:28.933 | INFO     | __main__:_speech_response_from_payload:1217 - TTS completed: 57 chars, queue=0.00s, infer=10.58s, format: wav
2026-07-17 15:03:38.478 | WARNING  | __main__:_extract_params:604 - do_sample=True with num_beams=3 is unstable. Setting num_beams=1 (preserving sampling mode). For beam search, explicitly pass do_sample=False.
2026-07-17 15:03:38.479 | INFO     | __main__:_normalize_for_deepspeed:546 - DeepSpeed parameter normalisation:
2026-07-17 15:03:38.479 | INFO     | __main__:_normalize_for_deepspeed:548 -   • max_mel_tokens: 1700→880 (DeepSpeed KV cache: 1024 total - 120 text - 24 buffer = 880 max mel)
2026-07-17 15:03:38.484 | INFO     | __main__:_register_audio_from_base64:457 - Dynamic voice cache hit: spk_d4a03cd5
2026-07-17 15:03:50.074 | INFO     | __main__:trim_audio_array:326 - Trimmed audio: 8.66s -> 6.83s (removed 1.83s)
2026-07-17 15:03:50.074 | INFO     | __main__:_speech_response_from_payload:1217 - TTS completed: 59 chars, queue=0.00s, infer=11.52s, format: wav
2026-07-17 15:04:00.446 | WARNING  | __main__:_extract_params:604 - do_sample=True with num_beams=3 is unstable. Setting num_beams=1 (preserving sampling mode). For beam search, explicitly pass do_sample=False.
2026-07-17 15:04:00.446 | INFO     | __main__:_normalize_for_deepspeed:546 - DeepSpeed parameter normalisation:
2026-07-17 15:04:00.447 | INFO     | __main__:_normalize_for_deepspeed:548 -   • max_mel_tokens: 1700→880 (DeepSpeed KV cache: 1024 total - 120 text - 24 buffer = 880 max mel)
2026-07-17 15:04:00.451 | INFO     | __main__:_register_audio_from_base64:457 - Dynamic voice cache hit: spk_d4a03cd5
2026-07-17 15:04:12.391 | INFO     | __main__:trim_audio_array:326 - Trimmed audio: 8.82s -> 6.49s (removed 2.34s)
2026-07-17 15:04:12.392 | INFO     | __main__:_speech_response_from_payload:1217 - TTS completed: 55 chars, queue=0.00s, infer=11.87s, format: wav
2026-07-17 15:04:27.466 | WARNING  | __main__:_extract_params:604 - do_sample=True with num_beams=3 is unstable. Setting num_beams=1 (preserving sampling mode). For beam search, explicitly pass do_sample=False.
2026-07-17 15:04:27.467 | INFO     | __main__:_normalize_for_deepspeed:546 - DeepSpeed parameter normalisation:
2026-07-17 15:04:27.467 | INFO     | __main__:_normalize_for_deepspeed:548 -   • max_mel_tokens: 1700→880 (DeepSpeed KV cache: 1024 total - 120 text - 24 buffer = 880 max mel)
2026-07-17 15:04:27.485 | INFO     | __main__:_register_audio_from_base64:457 - Dynamic voice cache hit: spk_d4a03cd5
2026-07-17 15:04:36.446 | INFO     | __main__:trim_audio_array:326 - Trimmed audio: 6.92s -> 5.26s (removed 1.66s)
2026-07-17 15:04:36.446 | INFO     | __main__:_speech_response_from_payload:1217 - TTS completed: 48 chars, queue=0.00s, infer=8.90s, format: wav
2026-07-17 15:04:56.937 | WARNING  | __main__:_extract_params:604 - do_sample=True with num_beams=3 is unstable. Setting num_beams=1 (preserving sampling mode). For beam search, explicitly pass do_sample=False.
2026-07-17 15:04:56.938 | INFO     | __main__:_normalize_for_deepspeed:546 - DeepSpeed parameter normalisation:
2026-07-17 15:04:56.938 | INFO     | __main__:_normalize_for_deepspeed:548 -   • max_mel_tokens: 1700→880 (DeepSpeed KV cache: 1024 total - 120 text - 24 buffer = 880 max mel)
2026-07-17 15:04:56.943 | INFO     | __main__:_register_audio_from_base64:457 - Dynamic voice cache hit: spk_d4a03cd5
2026-07-17 15:05:06.656 | INFO     | __main__:trim_audio_array:326 - Trimmed audio: 7.49s -> 4.88s (removed 2.61s)
2026-07-17 15:05:06.656 | INFO     | __main__:_speech_response_from_payload:1217 - TTS completed: 47 chars, queue=0.00s, infer=9.66s, format: wav
2026-07-17 15:05:13.036 | WARNING  | __main__:_extract_params:604 - do_sample=True with num_beams=3 is unstable. Setting num_beams=1 (preserving sampling mode). For beam search, explicitly pass do_sample=False.
2026-07-17 15:05:13.036 | INFO     | __main__:_normalize_for_deepspeed:546 - DeepSpeed parameter normalisation:
2026-07-17 15:05:13.037 | INFO     | __main__:_normalize_for_deepspeed:548 -   • max_mel_tokens: 1700→880 (DeepSpeed KV cache: 1024 total - 120 text - 24 buffer = 880 max mel)
2026-07-17 15:05:13.084 | INFO     | __main__:_register_audio_from_base64:457 - Dynamic voice cache hit: spk_d4a03cd5
2026-07-17 15:05:28.097 | INFO     | __main__:trim_audio_array:326 - Trimmed audio: 10.19s -> 8.15s (removed 2.04s)
2026-07-17 15:05:28.099 | INFO     | __main__:_speech_response_from_payload:1217 - TTS completed: 70 chars, queue=0.00s, infer=14.92s, format: wav
2026-07-17 15:05:36.240 | WARNING  | __main__:_extract_params:604 - do_sample=True with num_beams=3 is unstable. Setting num_beams=1 (preserving sampling mode). For beam search, explicitly pass do_sample=False.
2026-07-17 15:05:36.240 | INFO     | __main__:_normalize_for_deepspeed:546 - DeepSpeed parameter normalisation:
2026-07-17 15:05:36.240 | INFO     | __main__:_normalize_for_deepspeed:548 -   • max_mel_tokens: 1700→880 (DeepSpeed KV cache: 1024 total - 120 text - 24 buffer = 880 max mel)
2026-07-17 15:05:36.244 | INFO     | __main__:_register_audio_from_base64:457 - Dynamic voice cache hit: spk_d4a03cd5
2026-07-17 15:06:14.758 | INFO     | __main__:trim_audio_array:326 - Trimmed audio: 17.57s -> 17.22s (removed 0.35s)
2026-07-17 15:06:14.759 | INFO     | __main__:_speech_response_from_payload:1217 - TTS completed: 156 chars, queue=0.00s, infer=38.30s, format: wav
2026-07-17 15:07:00.351 | WARNING  | __main__:_extract_params:604 - do_sample=True with num_beams=3 is unstable. Setting num_beams=1 (preserving sampling mode). For beam search, explicitly pass do_sample=False.
2026-07-17 15:07:00.352 | INFO     | __main__:_normalize_for_deepspeed:546 - DeepSpeed parameter normalisation:
2026-07-17 15:07:00.352 | INFO     | __main__:_normalize_for_deepspeed:548 -   • max_mel_tokens: 1700→880 (DeepSpeed KV cache: 1024 total - 120 text - 24 buffer = 880 max mel)
2026-07-17 15:07:00.355 | INFO     | __main__:_register_audio_from_base64:457 - Dynamic voice cache hit: spk_d4a03cd5
2026-07-17 15:07:16.888 | INFO     | __main__:trim_audio_array:326 - Trimmed audio: 10.96s -> 8.24s (removed 2.72s)
2026-07-17 15:07:16.889 | INFO     | __main__:_speech_response_from_payload:1217 - TTS completed: 77 chars, queue=0.00s, infer=16.44s, format: wav
2026-07-17 15:07:36.066 | WARNING  | __main__:_extract_params:604 - do_sample=True with num_beams=3 is unstable. Setting num_beams=1 (preserving sampling mode). For beam search, explicitly pass do_sample=False.
2026-07-17 15:07:36.067 | INFO     | __main__:_normalize_for_deepspeed:546 - DeepSpeed parameter normalisation:
2026-07-17 15:07:36.067 | INFO     | __main__:_normalize_for_deepspeed:548 -   • max_mel_tokens: 1700→880 (DeepSpeed KV cache: 1024 total - 120 text - 24 buffer = 880 max mel)
2026-07-17 15:07:36.070 | INFO     | __main__:_register_audio_from_base64:457 - Dynamic voice cache hit: spk_d4a03cd5
2026-07-17 15:07:47.975 | INFO     | __main__:trim_audio_array:326 - Trimmed audio: 8.92s -> 6.57s (removed 2.35s)
2026-07-17 15:07:47.976 | INFO     | __main__:_speech_response_from_payload:1217 - TTS completed: 61 chars, queue=0.00s, infer=11.84s, format: wav
2026-07-17 15:07:53.468 | WARNING  | __main__:_extract_params:604 - do_sample=True with num_beams=3 is unstable. Setting num_beams=1 (preserving sampling mode). For beam search, explicitly pass do_sample=False.
2026-07-17 15:07:53.468 | INFO     | __main__:_normalize_for_deepspeed:546 - DeepSpeed parameter normalisation:
2026-07-17 15:07:53.469 | INFO     | __main__:_normalize_for_deepspeed:548 -   • max_mel_tokens: 1700→880 (DeepSpeed KV cache: 1024 total - 120 text - 24 buffer = 880 max mel)
2026-07-17 15:07:53.484 | INFO     | __main__:_register_audio_from_base64:457 - Dynamic voice cache hit: spk_d4a03cd5
2026-07-17 15:08:03.790 | INFO     | __main__:trim_audio_array:326 - Trimmed audio: 7.84s -> 6.37s (removed 1.46s)
2026-07-17 15:08:03.791 | INFO     | __main__:_speech_response_from_payload:1217 - TTS completed: 54 chars, queue=0.00s, infer=10.24s, format: wav
2026-07-17 15:08:18.355 | WARNING  | __main__:_extract_params:604 - do_sample=True with num_beams=3 is unstable. Setting num_beams=1 (preserving sampling mode). For beam search, explicitly pass do_sample=False.
2026-07-17 15:08:18.356 | INFO     | __main__:_normalize_for_deepspeed:546 - DeepSpeed parameter normalisation:
2026-07-17 15:08:18.356 | INFO     | __main__:_normalize_for_deepspeed:548 -   • max_mel_tokens: 1700→880 (DeepSpeed KV cache: 1024 total - 120 text - 24 buffer = 880 max mel)
2026-07-17 15:08:18.385 | INFO     | __main__:_register_audio_from_base64:457 - Dynamic voice cache hit: spk_d4a03cd5
2026-07-17 15:08:31.778 | INFO     | __main__:trim_audio_array:326 - Trimmed audio: 9.66s -> 7.77s (removed 1.89s)
2026-07-17 15:08:31.779 | INFO     | __main__:_speech_response_from_payload:1217 - TTS completed: 53 chars, queue=0.00s, infer=13.31s, format: wav
2026-07-17 15:09:08.480 | WARNING  | __main__:_extract_params:604 - do_sample=True with num_beams=3 is unstable. Setting num_beams=1 (preserving sampling mode). For beam search, explicitly pass do_sample=False.
2026-07-17 15:09:08.480 | INFO     | __main__:_normalize_for_deepspeed:546 - DeepSpeed parameter normalisation:
2026-07-17 15:09:08.480 | INFO     | __main__:_normalize_for_deepspeed:548 -   • max_mel_tokens: 1700→880 (DeepSpeed KV cache: 1024 total - 120 text - 24 buffer = 880 max mel)
2026-07-17 15:09:08.484 | INFO     | __main__:_register_audio_from_base64:457 - Dynamic voice cache hit: spk_d4a03cd5
2026-07-17 15:09:28.467 | INFO     | __main__:trim_audio_array:326 - Trimmed audio: 12.41s -> 10.61s (removed 1.80s)
2026-07-17 15:09:28.468 | INFO     | __main__:_speech_response_from_payload:1217 - TTS completed: 92 chars, queue=0.00s, infer=19.88s, format: wav
2026-07-17 15:09:35.463 | WARNING  | __main__:_extract_params:604 - do_sample=True with num_beams=3 is unstable. Setting num_beams=1 (preserving sampling mode). For beam search, explicitly pass do_sample=False.
2026-07-17 15:09:35.464 | INFO     | __main__:_normalize_for_deepspeed:546 - DeepSpeed parameter normalisation:
2026-07-17 15:09:35.464 | INFO     | __main__:_normalize_for_deepspeed:548 -   • max_mel_tokens: 1700→880 (DeepSpeed KV cache: 1024 total - 120 text - 24 buffer = 880 max mel)
2026-07-17 15:09:35.469 | INFO     | __main__:_register_audio_from_base64:457 - Dynamic voice cache hit: spk_d4a03cd5
2026-07-17 15:09:43.343 | INFO     | __main__:trim_audio_array:326 - Trimmed audio: 6.22s -> 4.64s (removed 1.58s)
2026-07-17 15:09:43.344 | INFO     | __main__:_speech_response_from_payload:1217 - TTS completed: 35 chars, queue=0.00s, infer=7.82s, format: wav
2026-07-17 15:09:50.513 | WARNING  | __main__:_extract_params:604 - do_sample=True with num_beams=3 is unstable. Setting num_beams=1 (preserving sampling mode). For beam search, explicitly pass do_sample=False.
2026-07-17 15:09:50.513 | INFO     | __main__:_normalize_for_deepspeed:546 - DeepSpeed parameter normalisation:
2026-07-17 15:09:50.513 | INFO     | __main__:_normalize_for_deepspeed:548 -   • max_mel_tokens: 1700→880 (DeepSpeed KV cache: 1024 total - 120 text - 24 buffer = 880 max mel)
2026-07-17 15:09:50.517 | INFO     | __main__:_register_audio_from_base64:457 - Dynamic voice cache hit: spk_d4a03cd5
2026-07-17 15:10:11.982 | INFO     | __main__:trim_audio_array:326 - Trimmed audio: 12.77s -> 10.98s (removed 1.79s)
2026-07-17 15:10:11.983 | INFO     | __main__:_speech_response_from_payload:1217 - TTS completed: 94 chars, queue=0.00s, infer=21.35s, format: wav
2026-07-17 15:10:19.451 | WARNING  | __main__:_extract_params:604 - do_sample=True with num_beams=3 is unstable. Setting num_beams=1 (preserving sampling mode). For beam search, explicitly pass do_sample=False.
2026-07-17 15:10:19.451 | INFO     | __main__:_normalize_for_deepspeed:546 - DeepSpeed parameter normalisation:
2026-07-17 15:10:19.452 | INFO     | __main__:_normalize_for_deepspeed:548 -   • max_mel_tokens: 1700→880 (DeepSpeed KV cache: 1024 total - 120 text - 24 buffer = 880 max mel)
2026-07-17 15:10:19.484 | INFO     | __main__:_register_audio_from_base64:457 - Dynamic voice cache hit: spk_d4a03cd5
2026-07-17 15:10:30.009 | INFO     | __main__:trim_audio_array:326 - Trimmed audio: 8.05s -> 5.84s (removed 2.21s)
2026-07-17 15:10:30.010 | INFO     | __main__:_speech_response_from_payload:1217 - TTS completed: 47 chars, queue=0.00s, infer=10.46s, format: wav
2026-07-17 15:10:45.062 | WARNING  | __main__:_extract_params:604 - do_sample=True with num_beams=3 is unstable. Setting num_beams=1 (preserving sampling mode). For beam search, explicitly pass do_sample=False.
2026-07-17 15:10:45.063 | INFO     | __main__:_normalize_for_deepspeed:546 - DeepSpeed parameter normalisation:
2026-07-17 15:10:45.063 | INFO     | __main__:_normalize_for_deepspeed:548 -   • max_mel_tokens: 1700→880 (DeepSpeed KV cache: 1024 total - 120 text - 24 buffer = 880 max mel)
2026-07-17 15:10:45.067 | INFO     | __main__:_register_audio_from_base64:457 - Dynamic voice cache hit: spk_d4a03cd5
2026-07-17 15:10:59.473 | INFO     | __main__:trim_audio_array:326 - Trimmed audio: 10.05s -> 7.34s (removed 2.71s)
2026-07-17 15:10:59.474 | INFO     | __main__:_speech_response_from_payload:1217 - TTS completed: 63 chars, queue=0.00s, infer=14.32s, format: wav
2026-07-17 15:11:09.915 | WARNING  | __main__:_extract_params:604 - do_sample=True with num_beams=3 is unstable. Setting num_beams=1 (preserving sampling mode). For beam search, explicitly pass do_sample=False.
2026-07-17 15:11:09.915 | INFO     | __main__:_normalize_for_deepspeed:546 - DeepSpeed parameter normalisation:
2026-07-17 15:11:09.915 | INFO     | __main__:_normalize_for_deepspeed:548 -   • max_mel_tokens: 1700→880 (DeepSpeed KV cache: 1024 total - 120 text - 24 buffer = 880 max mel)
2026-07-17 15:11:09.919 | INFO     | __main__:_register_audio_from_base64:457 - Dynamic voice cache hit: spk_d4a03cd5
2026-07-17 15:11:33.526 | INFO     | __main__:trim_audio_array:326 - Trimmed audio: 13.57s -> 11.87s (removed 1.70s)
2026-07-17 15:11:33.528 | INFO     | __main__:_speech_response_from_payload:1217 - TTS completed: 109 chars, queue=0.00s, infer=23.48s, format: wav
2026-07-17 15:11:38.344 | WARNING  | __main__:_extract_params:604 - do_sample=True with num_beams=3 is unstable. Setting num_beams=1 (preserving sampling mode). For beam search, explicitly pass do_sample=False.
2026-07-17 15:11:38.344 | INFO     | __main__:_normalize_for_deepspeed:546 - DeepSpeed parameter normalisation:
2026-07-17 15:11:38.345 | INFO     | __main__:_normalize_for_deepspeed:548 -   • max_mel_tokens: 1700→880 (DeepSpeed KV cache: 1024 total - 120 text - 24 buffer = 880 max mel)
2026-07-17 15:11:38.386 | INFO     | __main__:_register_audio_from_base64:457 - Dynamic voice cache hit: spk_d4a03cd5
2026-07-17 15:11:54.872 | INFO     | __main__:trim_audio_array:326 - Trimmed audio: 11.02s -> 7.86s (removed 3.16s)
2026-07-17 15:11:54.873 | INFO     | __main__:_speech_response_from_payload:1217 - TTS completed: 68 chars, queue=0.00s, infer=16.40s, format: wav
2026-07-17 15:12:09.706 | WARNING  | __main__:_extract_params:604 - do_sample=True with num_beams=3 is unstable. Setting num_beams=1 (preserving sampling mode). For beam search, explicitly pass do_sample=False.
2026-07-17 15:12:09.706 | INFO     | __main__:_normalize_for_deepspeed:546 - DeepSpeed parameter normalisation:
2026-07-17 15:12:09.707 | INFO     | __main__:_normalize_for_deepspeed:548 -   • max_mel_tokens: 1700→880 (DeepSpeed KV cache: 1024 total - 120 text - 24 buffer = 880 max mel)
2026-07-17 15:12:09.710 | INFO     | __main__:_register_audio_from_base64:457 - Dynamic voice cache hit: spk_d4a03cd5
2026-07-17 15:12:21.726 | INFO     | __main__:trim_audio_array:326 - Trimmed audio: 8.84s -> 5.99s (removed 2.84s)
2026-07-17 15:12:21.727 | INFO     | __main__:_speech_response_from_payload:1217 - TTS completed: 56 chars, queue=0.00s, infer=11.95s, format: wav
2026-07-17 15:12:26.668 | WARNING  | __main__:_extract_params:604 - do_sample=True with num_beams=3 is unstable. Setting num_beams=1 (preserving sampling mode). For beam search, explicitly pass do_sample=False.
2026-07-17 15:12:26.668 | INFO     | __main__:_normalize_for_deepspeed:546 - DeepSpeed parameter normalisation:
2026-07-17 15:12:26.668 | INFO     | __main__:_normalize_for_deepspeed:548 -   • max_mel_tokens: 1700→880 (DeepSpeed KV cache: 1024 total - 120 text - 24 buffer = 880 max mel)
2026-07-17 15:12:26.672 | INFO     | __main__:_register_audio_from_base64:457 - Dynamic voice cache hit: spk_d4a03cd5
2026-07-17 15:12:35.683 | INFO     | __main__:trim_audio_array:326 - Trimmed audio: 6.99s -> 4.95s (removed 2.04s)
2026-07-17 15:12:35.684 | INFO     | __main__:_speech_response_from_payload:1217 - TTS completed: 42 chars, queue=0.00s, infer=8.96s, format: wav
2026-07-17 15:12:49.091 | WARNING  | __main__:_extract_params:604 - do_sample=True with num_beams=3 is unstable. Setting num_beams=1 (preserving sampling mode). For beam search, explicitly pass do_sample=False.
2026-07-17 15:12:49.092 | INFO     | __main__:_normalize_for_deepspeed:546 - DeepSpeed parameter normalisation:
2026-07-17 15:12:49.092 | INFO     | __main__:_normalize_for_deepspeed:548 -   • max_mel_tokens: 1700→880 (DeepSpeed KV cache: 1024 total - 120 text - 24 buffer = 880 max mel)
2026-07-17 15:12:49.097 | INFO     | __main__:_register_audio_from_base64:457 - Dynamic voice cache hit: spk_d4a03cd5
2026-07-17 15:13:04.615 | INFO     | __main__:trim_audio_array:326 - Trimmed audio: 10.54s -> 8.52s (removed 2.02s)
2026-07-17 15:13:04.616 | INFO     | __main__:_speech_response_from_payload:1217 - TTS completed: 77 chars, queue=0.00s, infer=15.43s, format: wav
2026-07-17 15:13:08.394 | WARNING  | __main__:_extract_params:604 - do_sample=True with num_beams=3 is unstable. Setting num_beams=1 (preserving sampling mode). For beam search, explicitly pass do_sample=False.
2026-07-17 15:13:08.394 | INFO     | __main__:_normalize_for_deepspeed:546 - DeepSpeed parameter normalisation:
2026-07-17 15:13:08.394 | INFO     | __main__:_normalize_for_deepspeed:548 -   • max_mel_tokens: 1700→880 (DeepSpeed KV cache: 1024 total - 120 text - 24 buffer = 880 max mel)
2026-07-17 15:13:08.398 | INFO     | __main__:_register_audio_from_base64:457 - Dynamic voice cache hit: spk_d4a03cd5
2026-07-17 15:13:19.888 | INFO     | __main__:trim_audio_array:326 - Trimmed audio: 8.46s -> 6.29s (removed 2.18s)
2026-07-17 15:13:19.889 | INFO     | __main__:_speech_response_from_payload:1217 - TTS completed: 54 chars, queue=0.00s, infer=11.42s, format: wav
2026-07-17 15:13:24.614 | WARNING  | __main__:_extract_params:604 - do_sample=True with num_beams=3 is unstable. Setting num_beams=1 (preserving sampling mode). For beam search, explicitly pass do_sample=False.
2026-07-17 15:13:24.614 | INFO     | __main__:_normalize_for_deepspeed:546 - DeepSpeed parameter normalisation:
2026-07-17 15:13:24.615 | INFO     | __main__:_normalize_for_deepspeed:548 -   • max_mel_tokens: 1700→880 (DeepSpeed KV cache: 1024 total - 120 text - 24 buffer = 880 max mel)
2026-07-17 15:13:24.620 | INFO     | __main__:_register_audio_from_base64:457 - Dynamic voice cache hit: spk_d4a03cd5
2026-07-17 15:13:39.875 | INFO     | __main__:trim_audio_array:326 - Trimmed audio: 10.40s -> 6.64s (removed 3.76s)
2026-07-17 15:13:39.876 | INFO     | __main__:_speech_response_from_payload:1217 - TTS completed: 65 chars, queue=0.00s, infer=15.16s, format: wav
2026-07-17 15:13:44.431 | WARNING  | __main__:_extract_params:604 - do_sample=True with num_beams=3 is unstable. Setting num_beams=1 (preserving sampling mode). For beam search, explicitly pass do_sample=False.
2026-07-17 15:13:44.431 | INFO     | __main__:_normalize_for_deepspeed:546 - DeepSpeed parameter normalisation:
2026-07-17 15:13:44.431 | INFO     | __main__:_normalize_for_deepspeed:548 -   • max_mel_tokens: 1700→880 (DeepSpeed KV cache: 1024 total - 120 text - 24 buffer = 880 max mel)
2026-07-17 15:13:44.484 | INFO     | __main__:_register_audio_from_base64:457 - Dynamic voice cache hit: spk_d4a03cd5
2026-07-17 15:13:52.253 | INFO     | __main__:trim_audio_array:326 - Trimmed audio: 6.16s -> 2.69s (removed 3.47s)
2026-07-17 15:13:52.253 | INFO     | __main__:_speech_response_from_payload:1217 - TTS completed: 32 chars, queue=0.00s, infer=7.73s, format: wav
2026-07-17 15:13:57.378 | WARNING  | __main__:_extract_params:604 - do_sample=True with num_beams=3 is unstable. Setting num_beams=1 (preserving sampling mode). For beam search, explicitly pass do_sample=False.
2026-07-17 15:13:57.378 | INFO     | __main__:_normalize_for_deepspeed:546 - DeepSpeed parameter normalisation:
2026-07-17 15:13:57.378 | INFO     | __main__:_normalize_for_deepspeed:548 -   • max_mel_tokens: 1700→880 (DeepSpeed KV cache: 1024 total - 120 text - 24 buffer = 880 max mel)
2026-07-17 15:13:57.384 | INFO     | __main__:_register_audio_from_base64:457 - Dynamic voice cache hit: spk_d4a03cd5
2026-07-17 15:14:04.674 | INFO     | __main__:trim_audio_array:326 - Trimmed audio: 5.78s -> 4.06s (removed 1.72s)
2026-07-17 15:14:04.675 | INFO     | __main__:_speech_response_from_payload:1217 - TTS completed: 42 chars, queue=0.00s, infer=7.25s, format: wav
2026-07-17 15:14:09.030 | WARNING  | __main__:_extract_params:604 - do_sample=True with num_beams=3 is unstable. Setting num_beams=1 (preserving sampling mode). For beam search, explicitly pass do_sample=False.
2026-07-17 15:14:09.030 | INFO     | __main__:_normalize_for_deepspeed:546 - DeepSpeed parameter normalisation:
2026-07-17 15:14:09.030 | INFO     | __main__:_normalize_for_deepspeed:548 -   • max_mel_tokens: 1700→880 (DeepSpeed KV cache: 1024 total - 120 text - 24 buffer = 880 max mel)
2026-07-17 15:14:09.034 | INFO     | __main__:_register_audio_from_base64:457 - Dynamic voice cache hit: spk_d4a03cd5
2026-07-17 15:14:17.656 | INFO     | __main__:trim_audio_array:326 - Trimmed audio: 6.78s -> 4.90s (removed 1.88s)
2026-07-17 15:14:17.657 | INFO     | __main__:_speech_response_from_payload:1217 - TTS completed: 41 chars, queue=0.00s, infer=8.57s, format: wav
2026-07-17 15:14:26.138 | WARNING  | __main__:_extract_params:604 - do_sample=True with num_beams=3 is unstable. Setting num_beams=1 (preserving sampling mode). For beam search, explicitly pass do_sample=False.
2026-07-17 15:14:26.139 | INFO     | __main__:_normalize_for_deepspeed:546 - DeepSpeed parameter normalisation:
2026-07-17 15:14:26.139 | INFO     | __main__:_normalize_for_deepspeed:548 -   • max_mel_tokens: 1700→880 (DeepSpeed KV cache: 1024 total - 120 text - 24 buffer = 880 max mel)
2026-07-17 15:14:26.144 | INFO     | __main__:_register_audio_from_base64:457 - Dynamic voice cache hit: spk_d4a03cd5
2026-07-17 15:14:37.983 | INFO     | __main__:trim_audio_array:326 - Trimmed audio: 8.78s -> 7.45s (removed 1.33s)
2026-07-17 15:14:37.984 | INFO     | __main__:_speech_response_from_payload:1217 - TTS completed: 60 chars, queue=0.00s, infer=11.77s, format: wav
2026-07-17 15:14:42.412 | WARNING  | __main__:_extract_params:604 - do_sample=True with num_beams=3 is unstable. Setting num_beams=1 (preserving sampling mode). For beam search, explicitly pass do_sample=False.
2026-07-17 15:14:42.412 | INFO     | __main__:_normalize_for_deepspeed:546 - DeepSpeed parameter normalisation:
2026-07-17 15:14:42.413 | INFO     | __main__:_normalize_for_deepspeed:548 -   • max_mel_tokens: 1700→880 (DeepSpeed KV cache: 1024 total - 120 text - 24 buffer = 880 max mel)
2026-07-17 15:14:42.418 | INFO     | __main__:_register_audio_from_base64:457 - Dynamic voice cache hit: spk_d4a03cd5
2026-07-17 15:15:00.481 | INFO     | __main__:trim_audio_array:326 - Trimmed audio: 11.41s -> 9.59s (removed 1.82s)
2026-07-17 15:15:00.482 | INFO     | __main__:_speech_response_from_payload:1217 - TTS completed: 82 chars, queue=0.00s, infer=17.97s, format: wav
2026-07-17 15:15:27.147 | WARNING  | __main__:_extract_params:604 - do_sample=True with num_beams=3 is unstable. Setting num_beams=1 (preserving sampling mode). For beam search, explicitly pass do_sample=False.
2026-07-17 15:15:27.148 | INFO     | __main__:_normalize_for_deepspeed:546 - DeepSpeed parameter normalisation:
2026-07-17 15:15:27.148 | INFO     | __main__:_normalize_for_deepspeed:548 -   • max_mel_tokens: 1700→880 (DeepSpeed KV cache: 1024 total - 120 text - 24 buffer = 880 max mel)
2026-07-17 15:15:27.152 | INFO     | __main__:_register_audio_from_base64:457 - Dynamic voice cache hit: spk_d4a03cd5
2026-07-17 15:15:33.350 | INFO     | __main__:trim_audio_array:326 - Trimmed audio: 4.92s -> 3.07s (removed 1.86s)
2026-07-17 15:15:33.351 | INFO     | __main__:_speech_response_from_payload:1217 - TTS completed: 36 chars, queue=0.00s, infer=6.13s, format: wav
2026-07-17 15:15:37.210 | WARNING  | __main__:_extract_params:604 - do_sample=True with num_beams=3 is unstable. Setting num_beams=1 (preserving sampling mode). For beam search, explicitly pass do_sample=False.
2026-07-17 15:15:37.211 | INFO     | __main__:_normalize_for_deepspeed:546 - DeepSpeed parameter normalisation:
2026-07-17 15:15:37.211 | INFO     | __main__:_normalize_for_deepspeed:548 -   • max_mel_tokens: 1700→880 (DeepSpeed KV cache: 1024 total - 120 text - 24 buffer = 880 max mel)
2026-07-17 15:15:37.214 | INFO     | __main__:_register_audio_from_base64:457 - Dynamic voice cache hit: spk_d4a03cd5
2026-07-17 15:15:46.176 | INFO     | __main__:trim_audio_array:326 - Trimmed audio: 6.94s -> 5.06s (removed 1.88s)
2026-07-17 15:15:46.177 | INFO     | __main__:_speech_response_from_payload:1217 - TTS completed: 48 chars, queue=0.00s, infer=8.91s, format: wav
2026-07-17 15:15:52.401 | WARNING  | __main__:_extract_params:604 - do_sample=True with num_beams=3 is unstable. Setting num_beams=1 (preserving sampling mode). For beam search, explicitly pass do_sample=False.
2026-07-17 15:15:52.402 | INFO     | __main__:_normalize_for_deepspeed:546 - DeepSpeed parameter normalisation:
2026-07-17 15:15:52.402 | INFO     | __main__:_normalize_for_deepspeed:548 -   • max_mel_tokens: 1700→880 (DeepSpeed KV cache: 1024 total - 120 text - 24 buffer = 880 max mel)
2026-07-17 15:15:52.407 | INFO     | __main__:_register_audio_from_base64:457 - Dynamic voice cache hit: spk_d4a03cd5
2026-07-17 15:16:04.151 | INFO     | __main__:trim_audio_array:326 - Trimmed audio: 8.60s -> 5.83s (removed 2.77s)
2026-07-17 15:16:04.152 | INFO     | __main__:_speech_response_from_payload:1217 - TTS completed: 59 chars, queue=0.00s, infer=11.68s, format: wav
2026-07-17 15:16:19.153 | WARNING  | __main__:_extract_params:604 - do_sample=True with num_beams=3 is unstable. Setting num_beams=1 (preserving sampling mode). For beam search, explicitly pass do_sample=False.
2026-07-17 15:16:19.153 | INFO     | __main__:_normalize_for_deepspeed:546 - DeepSpeed parameter normalisation:
2026-07-17 15:16:19.153 | INFO     | __main__:_normalize_for_deepspeed:548 -   • max_mel_tokens: 1700→880 (DeepSpeed KV cache: 1024 total - 120 text - 24 buffer = 880 max mel)
2026-07-17 15:16:19.157 | INFO     | __main__:_register_audio_from_base64:457 - Dynamic voice cache hit: spk_d4a03cd5
2026-07-17 15:16:29.960 | INFO     | __main__:trim_audio_array:326 - Trimmed audio: 8.19s -> 6.32s (removed 1.87s)
2026-07-17 15:16:29.961 | INFO     | __main__:_speech_response_from_payload:1217 - TTS completed: 57 chars, queue=0.00s, infer=10.74s, format: wav
2026-07-17 15:16:52.400 | WARNING  | __main__:_extract_params:604 - do_sample=True with num_beams=3 is unstable. Setting num_beams=1 (preserving sampling mode). For beam search, explicitly pass do_sample=False.
2026-07-17 15:16:52.400 | INFO     | __main__:_normalize_for_deepspeed:546 - DeepSpeed parameter normalisation:
2026-07-17 15:16:52.401 | INFO     | __main__:_normalize_for_deepspeed:548 -   • max_mel_tokens: 1700→880 (DeepSpeed KV cache: 1024 total - 120 text - 24 buffer = 880 max mel)
2026-07-17 15:16:52.406 | INFO     | __main__:_register_audio_from_base64:457 - Dynamic voice cache hit: spk_d4a03cd5
2026-07-17 15:16:59.633 | INFO     | __main__:trim_audio_array:326 - Trimmed audio: 5.75s -> 3.69s (removed 2.05s)
2026-07-17 15:16:59.634 | INFO     | __main__:_speech_response_from_payload:1217 - TTS completed: 34 chars, queue=0.00s, infer=7.18s, format: wav
2026-07-17 15:17:09.266 | WARNING  | __main__:_extract_params:604 - do_sample=True with num_beams=3 is unstable. Setting num_beams=1 (preserving sampling mode). For beam search, explicitly pass do_sample=False.
2026-07-17 15:17:09.267 | INFO     | __main__:_normalize_for_deepspeed:546 - DeepSpeed parameter normalisation:
2026-07-17 15:17:09.267 | INFO     | __main__:_normalize_for_deepspeed:548 -   • max_mel_tokens: 1700→880 (DeepSpeed KV cache: 1024 total - 120 text - 24 buffer = 880 max mel)
2026-07-17 15:17:09.270 | INFO     | __main__:_register_audio_from_base64:457 - Dynamic voice cache hit: spk_d4a03cd5
2026-07-17 15:17:20.857 | INFO     | __main__:trim_audio_array:326 - Trimmed audio: 8.60s -> 6.76s (removed 1.85s)
2026-07-17 15:17:20.858 | INFO     | __main__:_speech_response_from_payload:1217 - TTS completed: 67 chars, queue=0.00s, infer=11.52s, format: wav
2026-07-17 15:18:04.956 | INFO     | __main__:lifespan:938 - Shutting down...
2026-07-17 15:19:36.843 | INFO     | __main__:<module>:968 - IndexTTS2 API Server - http://0.0.0.0:8002
2026-07-17 15:19:36.843 | INFO     | __main__:<module>:969 - Device: auto, FP16: False, DeepSpeed: True
2026-07-17 15:19:36.867 | INFO     | __main__:lifespan:578 - Initializing IndexTTS2...
2026-07-17 15:19:36.867 | INFO     | __main__:lifespan:587 - IndexTTS2 initialized successfully (reusing instance, DeepSpeed: enabled)
2026-07-17 15:19:36.867 | INFO     | __main__:lifespan:612 - Patched GPT generate() to filter vocoder kwargs and unsupported DeepSpeed flags
2026-07-17 15:19:36.868 | INFO     | __main__:lifespan:641 - Loaded 56 voices
2026-07-17 15:25:43.778 | WARNING  | __main__:_extract_params:421 - do_sample=True with num_beams=3 is unstable. Setting num_beams=1 (preserving sampling mode). For deterministic output, pass do_sample=False.
2026-07-17 15:25:43.778 | INFO     | __main__:_normalize_for_deepspeed:383 - DeepSpeed parameter normalisation:
2026-07-17 15:25:43.779 | INFO     | __main__:_normalize_for_deepspeed:384 -   • max_mel_tokens: 1700→880 (DeepSpeed KV cache limit)
2026-07-17 15:25:43.782 | INFO     | __main__:_register_audio_from_base64:325 - Dynamic voice cache hit: spk_6a086b4a
2026-07-17 15:26:05.155 | INFO     | __main__:trim_audio_array:243 - Trimmed audio: 12.19s -> 10.52s (removed 1.67s)
2026-07-17 15:26:05.156 | INFO     | __main__:_speech_response_from_payload:761 - TTS completed: 99 chars, queue=0.00s, infer=21.13s, format: wav
2026-07-17 15:26:40.473 | WARNING  | __main__:_extract_params:421 - do_sample=True with num_beams=3 is unstable. Setting num_beams=1 (preserving sampling mode). For deterministic output, pass do_sample=False.
2026-07-17 15:26:40.473 | INFO     | __main__:_normalize_for_deepspeed:383 - DeepSpeed parameter normalisation:
2026-07-17 15:26:40.474 | INFO     | __main__:_normalize_for_deepspeed:384 -   • max_mel_tokens: 1700→880 (DeepSpeed KV cache limit)
2026-07-17 15:26:40.478 | INFO     | __main__:_register_audio_from_base64:325 - Dynamic voice cache hit: spk_6a086b4a
2026-07-17 15:26:52.098 | INFO     | __main__:trim_audio_array:243 - Trimmed audio: 8.72s -> 6.83s (removed 1.89s)
2026-07-17 15:26:52.099 | INFO     | __main__:_speech_response_from_payload:761 - TTS completed: 67 chars, queue=0.00s, infer=11.55s, format: wav
2026-07-17 15:27:18.792 | WARNING  | __main__:_extract_params:421 - do_sample=True with num_beams=3 is unstable. Setting num_beams=1 (preserving sampling mode). For deterministic output, pass do_sample=False.
2026-07-17 15:27:18.792 | INFO     | __main__:_normalize_for_deepspeed:383 - DeepSpeed parameter normalisation:
2026-07-17 15:27:18.793 | INFO     | __main__:_normalize_for_deepspeed:384 -   • max_mel_tokens: 1700→880 (DeepSpeed KV cache limit)
2026-07-17 15:27:18.797 | INFO     | __main__:_register_audio_from_base64:325 - Dynamic voice cache hit: spk_6a086b4a
2026-07-17 15:27:56.249 | INFO     | __main__:trim_audio_array:243 - Trimmed audio: 17.57s -> 17.36s (removed 0.21s)
2026-07-17 15:27:56.251 | INFO     | __main__:_speech_response_from_payload:761 - TTS completed: 168 chars, queue=0.00s, infer=37.29s, format: wav
2026-07-17 15:28:00.764 | WARNING  | __main__:_extract_params:421 - do_sample=True with num_beams=3 is unstable. Setting num_beams=1 (preserving sampling mode). For deterministic output, pass do_sample=False.
2026-07-17 15:28:00.764 | INFO     | __main__:_normalize_for_deepspeed:383 - DeepSpeed parameter normalisation:
2026-07-17 15:28:00.765 | INFO     | __main__:_normalize_for_deepspeed:384 -   • max_mel_tokens: 1700→880 (DeepSpeed KV cache limit)
2026-07-17 15:28:00.768 | INFO     | __main__:_register_audio_from_base64:325 - Dynamic voice cache hit: spk_6a086b4a
2026-07-17 15:28:08.418 | INFO     | __main__:trim_audio_array:243 - Trimmed audio: 6.22s -> 4.41s (removed 1.81s)
2026-07-17 15:28:08.419 | INFO     | __main__:_speech_response_from_payload:761 - TTS completed: 44 chars, queue=0.00s, infer=7.60s, format: wav
2026-07-17 15:28:18.998 | WARNING  | __main__:_extract_params:421 - do_sample=True with num_beams=3 is unstable. Setting num_beams=1 (preserving sampling mode). For deterministic output, pass do_sample=False.
2026-07-17 15:28:18.999 | INFO     | __main__:_normalize_for_deepspeed:383 - DeepSpeed parameter normalisation:
2026-07-17 15:28:18.999 | INFO     | __main__:_normalize_for_deepspeed:384 -   • max_mel_tokens: 1700→880 (DeepSpeed KV cache limit)
2026-07-17 15:28:19.004 | INFO     | __main__:_register_audio_from_base64:325 - Dynamic voice cache hit: spk_6a086b4a
2026-07-17 15:28:33.694 | INFO     | __main__:trim_audio_array:243 - Trimmed audio: 10.12s -> 8.06s (removed 2.07s)
2026-07-17 15:28:33.695 | INFO     | __main__:_speech_response_from_payload:761 - TTS completed: 74 chars, queue=0.00s, infer=14.61s, format: wav
2026-07-17 15:29:08.506 | WARNING  | __main__:_extract_params:421 - do_sample=True with num_beams=3 is unstable. Setting num_beams=1 (preserving sampling mode). For deterministic output, pass do_sample=False.
2026-07-17 15:29:08.506 | INFO     | __main__:_normalize_for_deepspeed:383 - DeepSpeed parameter normalisation:
2026-07-17 15:29:08.507 | INFO     | __main__:_normalize_for_deepspeed:384 -   • max_mel_tokens: 1700→880 (DeepSpeed KV cache limit)
2026-07-17 15:29:08.510 | INFO     | __main__:_register_audio_from_base64:325 - Dynamic voice cache hit: spk_6a086b4a
2026-07-17 15:29:15.807 | INFO     | __main__:trim_audio_array:243 - Trimmed audio: 5.89s -> 4.58s (removed 1.31s)
2026-07-17 15:29:15.808 | INFO     | __main__:_speech_response_from_payload:761 - TTS completed: 37 chars, queue=0.00s, infer=7.24s, format: wav
2026-07-17 15:29:19.266 | WARNING  | __main__:_extract_params:421 - do_sample=True with num_beams=3 is unstable. Setting num_beams=1 (preserving sampling mode). For deterministic output, pass do_sample=False.
2026-07-17 15:29:19.267 | INFO     | __main__:_normalize_for_deepspeed:383 - DeepSpeed parameter normalisation:
2026-07-17 15:29:19.267 | INFO     | __main__:_normalize_for_deepspeed:384 -   • max_mel_tokens: 1700→880 (DeepSpeed KV cache limit)
2026-07-17 15:29:19.284 | INFO     | __main__:_register_audio_from_base64:325 - Dynamic voice cache hit: spk_6a086b4a
2026-07-17 15:29:38.490 | INFO     | __main__:trim_audio_array:243 - Trimmed audio: 12.12s -> 10.11s (removed 2.01s)
2026-07-17 15:29:38.491 | INFO     | __main__:_speech_response_from_payload:761 - TTS completed: 94 chars, queue=0.00s, infer=19.10s, format: wav
2026-07-17 15:30:08.080 | WARNING  | __main__:_extract_params:421 - do_sample=True with num_beams=3 is unstable. Setting num_beams=1 (preserving sampling mode). For deterministic output, pass do_sample=False.
2026-07-17 15:30:08.080 | INFO     | __main__:_normalize_for_deepspeed:383 - DeepSpeed parameter normalisation:
2026-07-17 15:30:08.080 | INFO     | __main__:_normalize_for_deepspeed:384 -   • max_mel_tokens: 1700→880 (DeepSpeed KV cache limit)
2026-07-17 15:30:08.085 | INFO     | __main__:_register_audio_from_base64:325 - Dynamic voice cache hit: spk_6a086b4a
2026-07-17 15:30:20.303 | INFO     | __main__:trim_audio_array:243 - Trimmed audio: 9.14s -> 5.97s (removed 3.17s)
2026-07-17 15:30:20.304 | INFO     | __main__:_speech_response_from_payload:761 - TTS completed: 57 chars, queue=0.00s, infer=12.15s, format: wav
2026-07-17 15:30:30.741 | WARNING  | __main__:_extract_params:421 - do_sample=True with num_beams=3 is unstable. Setting num_beams=1 (preserving sampling mode). For deterministic output, pass do_sample=False.
2026-07-17 15:30:30.741 | INFO     | __main__:_normalize_for_deepspeed:383 - DeepSpeed parameter normalisation:
2026-07-17 15:30:30.742 | INFO     | __main__:_normalize_for_deepspeed:384 -   • max_mel_tokens: 1700→880 (DeepSpeed KV cache limit)
2026-07-17 15:30:30.745 | INFO     | __main__:_register_audio_from_base64:325 - Dynamic voice cache hit: spk_6a086b4a
2026-07-17 15:30:42.411 | INFO     | __main__:trim_audio_array:243 - Trimmed audio: 8.66s -> 6.07s (removed 2.59s)
2026-07-17 15:30:42.412 | INFO     | __main__:_speech_response_from_payload:761 - TTS completed: 59 chars, queue=0.00s, infer=11.58s, format: wav
2026-07-17 15:30:48.313 | WARNING  | __main__:_extract_params:421 - do_sample=True with num_beams=3 is unstable. Setting num_beams=1 (preserving sampling mode). For deterministic output, pass do_sample=False.
2026-07-17 15:30:48.314 | INFO     | __main__:_normalize_for_deepspeed:383 - DeepSpeed parameter normalisation:
2026-07-17 15:30:48.314 | INFO     | __main__:_normalize_for_deepspeed:384 -   • max_mel_tokens: 1700→880 (DeepSpeed KV cache limit)
2026-07-17 15:30:48.319 | INFO     | __main__:_register_audio_from_base64:325 - Dynamic voice cache hit: spk_6a086b4a
2026-07-17 15:30:59.963 | INFO     | __main__:trim_audio_array:243 - Trimmed audio: 8.66s -> 7.13s (removed 1.53s)
2026-07-17 15:30:59.964 | INFO     | __main__:_speech_response_from_payload:761 - TTS completed: 55 chars, queue=0.00s, infer=11.57s, format: wav
2026-07-17 15:31:27.783 | WARNING  | __main__:_extract_params:421 - do_sample=True with num_beams=3 is unstable. Setting num_beams=1 (preserving sampling mode). For deterministic output, pass do_sample=False.
2026-07-17 15:31:27.784 | INFO     | __main__:_normalize_for_deepspeed:383 - DeepSpeed parameter normalisation:
2026-07-17 15:31:27.784 | INFO     | __main__:_normalize_for_deepspeed:384 -   • max_mel_tokens: 1700→880 (DeepSpeed KV cache limit)
2026-07-17 15:31:27.788 | INFO     | __main__:_register_audio_from_base64:325 - Dynamic voice cache hit: spk_6a086b4a
2026-07-17 15:31:38.838 | INFO     | __main__:trim_audio_array:243 - Trimmed audio: 8.46s -> 5.67s (removed 2.80s)
2026-07-17 15:31:38.839 | INFO     | __main__:_speech_response_from_payload:761 - TTS completed: 48 chars, queue=0.00s, infer=10.99s, format: wav
2026-07-17 15:31:43.323 | WARNING  | __main__:_extract_params:421 - do_sample=True with num_beams=3 is unstable. Setting num_beams=1 (preserving sampling mode). For deterministic output, pass do_sample=False.
2026-07-17 15:31:43.323 | INFO     | __main__:_normalize_for_deepspeed:383 - DeepSpeed parameter normalisation:
2026-07-17 15:31:43.323 | INFO     | __main__:_normalize_for_deepspeed:384 -   • max_mel_tokens: 1700→880 (DeepSpeed KV cache limit)
2026-07-17 15:31:43.384 | INFO     | __main__:_register_audio_from_base64:325 - Dynamic voice cache hit: spk_6a086b4a
2026-07-17 15:31:52.874 | INFO     | __main__:trim_audio_array:243 - Trimmed audio: 7.36s -> 4.10s (removed 3.26s)
2026-07-17 15:31:52.874 | INFO     | __main__:_speech_response_from_payload:761 - TTS completed: 47 chars, queue=0.00s, infer=9.44s, format: wav
2026-07-17 15:31:56.514 | WARNING  | __main__:_extract_params:421 - do_sample=True with num_beams=3 is unstable. Setting num_beams=1 (preserving sampling mode). For deterministic output, pass do_sample=False.
2026-07-17 15:31:56.515 | INFO     | __main__:_normalize_for_deepspeed:383 - DeepSpeed parameter normalisation:
2026-07-17 15:31:56.515 | INFO     | __main__:_normalize_for_deepspeed:384 -   • max_mel_tokens: 1700→880 (DeepSpeed KV cache limit)
2026-07-17 15:31:56.520 | INFO     | __main__:_register_audio_from_base64:325 - Dynamic voice cache hit: spk_6a086b4a
2026-07-17 15:32:11.414 | INFO     | __main__:trim_audio_array:243 - Trimmed audio: 10.22s -> 7.39s (removed 2.82s)
2026-07-17 15:32:11.415 | INFO     | __main__:_speech_response_from_payload:761 - TTS completed: 70 chars, queue=0.00s, infer=14.80s, format: wav
2026-07-17 15:32:15.009 | WARNING  | __main__:_extract_params:421 - do_sample=True with num_beams=3 is unstable. Setting num_beams=1 (preserving sampling mode). For deterministic output, pass do_sample=False.
2026-07-17 15:32:15.009 | INFO     | __main__:_normalize_for_deepspeed:383 - DeepSpeed parameter normalisation:
2026-07-17 15:32:15.009 | INFO     | __main__:_normalize_for_deepspeed:384 -   • max_mel_tokens: 1700→880 (DeepSpeed KV cache limit)
2026-07-17 15:32:15.015 | INFO     | __main__:_register_audio_from_base64:325 - Dynamic voice cache hit: spk_6a086b4a
2026-07-17 15:32:51.566 | INFO     | __main__:trim_audio_array:243 - Trimmed audio: 17.01s -> 15.46s (removed 1.54s)
2026-07-17 15:32:51.567 | INFO     | __main__:_speech_response_from_payload:761 - TTS completed: 156 chars, queue=0.00s, infer=36.41s, format: wav
2026-07-17 15:33:33.326 | WARNING  | __main__:_extract_params:421 - do_sample=True with num_beams=3 is unstable. Setting num_beams=1 (preserving sampling mode). For deterministic output, pass do_sample=False.
2026-07-17 15:33:33.327 | INFO     | __main__:_normalize_for_deepspeed:383 - DeepSpeed parameter normalisation:
2026-07-17 15:33:33.327 | INFO     | __main__:_normalize_for_deepspeed:384 -   • max_mel_tokens: 1700→880 (DeepSpeed KV cache limit)
2026-07-17 15:33:33.331 | INFO     | __main__:_register_audio_from_base64:325 - Dynamic voice cache hit: spk_6a086b4a
2026-07-17 15:33:49.455 | INFO     | __main__:trim_audio_array:243 - Trimmed audio: 10.72s -> 8.85s (removed 1.87s)
2026-07-17 15:33:49.456 | INFO     | __main__:_speech_response_from_payload:761 - TTS completed: 77 chars, queue=0.00s, infer=16.02s, format: wav
2026-07-17 15:33:55.164 | WARNING  | __main__:_extract_params:421 - do_sample=True with num_beams=3 is unstable. Setting num_beams=1 (preserving sampling mode). For deterministic output, pass do_sample=False.
2026-07-17 15:33:55.164 | INFO     | __main__:_normalize_for_deepspeed:383 - DeepSpeed parameter normalisation:
2026-07-17 15:33:55.165 | INFO     | __main__:_normalize_for_deepspeed:384 -   • max_mel_tokens: 1700→880 (DeepSpeed KV cache limit)
2026-07-17 15:33:55.185 | INFO     | __main__:_register_audio_from_base64:325 - Dynamic voice cache hit: spk_6a086b4a
2026-07-17 15:34:11.909 | INFO     | __main__:trim_audio_array:243 - Trimmed audio: 11.13s -> 8.16s (removed 2.98s)
2026-07-17 15:34:11.910 | INFO     | __main__:_speech_response_from_payload:761 - TTS completed: 61 chars, queue=0.00s, infer=16.64s, format: wav
2026-07-17 15:34:15.972 | WARNING  | __main__:_extract_params:421 - do_sample=True with num_beams=3 is unstable. Setting num_beams=1 (preserving sampling mode). For deterministic output, pass do_sample=False.
2026-07-17 15:34:15.973 | INFO     | __main__:_normalize_for_deepspeed:383 - DeepSpeed parameter normalisation:
2026-07-17 15:34:15.973 | INFO     | __main__:_normalize_for_deepspeed:384 -   • max_mel_tokens: 1700→880 (DeepSpeed KV cache limit)
2026-07-17 15:34:15.978 | INFO     | __main__:_register_audio_from_base64:325 - Dynamic voice cache hit: spk_6a086b4a
2026-07-17 15:34:26.351 | INFO     | __main__:trim_audio_array:243 - Trimmed audio: 7.83s -> 5.87s (removed 1.95s)
2026-07-17 15:34:26.352 | INFO     | __main__:_speech_response_from_payload:761 - TTS completed: 54 chars, queue=0.00s, infer=10.31s, format: wav
2026-07-17 15:34:35.483 | WARNING  | __main__:_extract_params:421 - do_sample=True with num_beams=3 is unstable. Setting num_beams=1 (preserving sampling mode). For deterministic output, pass do_sample=False.
2026-07-17 15:34:35.484 | INFO     | __main__:_normalize_for_deepspeed:383 - DeepSpeed parameter normalisation:
2026-07-17 15:34:35.484 | INFO     | __main__:_normalize_for_deepspeed:384 -   • max_mel_tokens: 1700→880 (DeepSpeed KV cache limit)
2026-07-17 15:34:35.488 | INFO     | __main__:_register_audio_from_base64:325 - Dynamic voice cache hit: spk_6a086b4a
2026-07-17 15:34:46.553 | INFO     | __main__:trim_audio_array:243 - Trimmed audio: 8.34s -> 5.21s (removed 3.13s)
2026-07-17 15:34:46.554 | INFO     | __main__:_speech_response_from_payload:761 - TTS completed: 53 chars, queue=0.00s, infer=11.00s, format: wav
2026-07-17 15:35:01.194 | WARNING  | __main__:_extract_params:421 - do_sample=True with num_beams=3 is unstable. Setting num_beams=1 (preserving sampling mode). For deterministic output, pass do_sample=False.
2026-07-17 15:35:01.194 | INFO     | __main__:_normalize_for_deepspeed:383 - DeepSpeed parameter normalisation:
2026-07-17 15:35:01.194 | INFO     | __main__:_normalize_for_deepspeed:384 -   • max_mel_tokens: 1700→880 (DeepSpeed KV cache limit)
2026-07-17 15:35:01.198 | INFO     | __main__:_register_audio_from_base64:325 - Dynamic voice cache hit: spk_6a086b4a
2026-07-17 15:35:22.749 | INFO     | __main__:trim_audio_array:243 - Trimmed audio: 12.88s -> 11.07s (removed 1.80s)
2026-07-17 15:35:22.751 | INFO     | __main__:_speech_response_from_payload:761 - TTS completed: 92 chars, queue=0.00s, infer=21.44s, format: wav
2026-07-17 15:35:27.798 | WARNING  | __main__:_extract_params:421 - do_sample=True with num_beams=3 is unstable. Setting num_beams=1 (preserving sampling mode). For deterministic output, pass do_sample=False.
2026-07-17 15:35:27.799 | INFO     | __main__:_normalize_for_deepspeed:383 - DeepSpeed parameter normalisation:
2026-07-17 15:35:27.799 | INFO     | __main__:_normalize_for_deepspeed:384 -   • max_mel_tokens: 1700→880 (DeepSpeed KV cache limit)
2026-07-17 15:35:27.803 | INFO     | __main__:_register_audio_from_base64:325 - Dynamic voice cache hit: spk_6a086b4a
2026-07-17 15:35:35.295 | INFO     | __main__:trim_audio_array:243 - Trimmed audio: 5.27s -> 3.32s (removed 1.95s)
2026-07-17 15:35:35.296 | INFO     | __main__:_speech_response_from_payload:761 - TTS completed: 35 chars, queue=0.00s, infer=7.45s, format: wav
2026-07-17 15:35:46.522 | WARNING  | __main__:_extract_params:421 - do_sample=True with num_beams=3 is unstable. Setting num_beams=1 (preserving sampling mode). For deterministic output, pass do_sample=False.
2026-07-17 15:35:46.523 | INFO     | __main__:_normalize_for_deepspeed:383 - DeepSpeed parameter normalisation:
2026-07-17 15:35:46.523 | INFO     | __main__:_normalize_for_deepspeed:384 -   • max_mel_tokens: 1700→880 (DeepSpeed KV cache limit)
2026-07-17 15:35:46.527 | INFO     | __main__:_register_audio_from_base64:325 - Dynamic voice cache hit: spk_6a086b4a
2026-07-17 15:36:07.199 | INFO     | __main__:trim_audio_array:243 - Trimmed audio: 12.48s -> 10.43s (removed 2.05s)
2026-07-17 15:36:07.201 | INFO     | __main__:_speech_response_from_payload:761 - TTS completed: 94 chars, queue=0.00s, infer=20.57s, format: wav
2026-07-17 15:36:25.312 | WARNING  | __main__:_extract_params:421 - do_sample=True with num_beams=3 is unstable. Setting num_beams=1 (preserving sampling mode). For deterministic output, pass do_sample=False.
2026-07-17 15:36:25.312 | INFO     | __main__:_normalize_for_deepspeed:383 - DeepSpeed parameter normalisation:
2026-07-17 15:36:25.313 | INFO     | __main__:_normalize_for_deepspeed:384 -   • max_mel_tokens: 1700→880 (DeepSpeed KV cache limit)
2026-07-17 15:36:25.318 | INFO     | __main__:_register_audio_from_base64:325 - Dynamic voice cache hit: spk_6a086b4a
2026-07-17 15:36:34.790 | INFO     | __main__:trim_audio_array:243 - Trimmed audio: 7.38s -> 5.39s (removed 2.00s)
2026-07-17 15:36:34.791 | INFO     | __main__:_speech_response_from_payload:761 - TTS completed: 47 chars, queue=0.00s, infer=9.41s, format: wav
2026-07-17 15:37:19.070 | WARNING  | __main__:_extract_params:421 - do_sample=True with num_beams=3 is unstable. Setting num_beams=1 (preserving sampling mode). For deterministic output, pass do_sample=False.
2026-07-17 15:37:19.070 | INFO     | __main__:_normalize_for_deepspeed:383 - DeepSpeed parameter normalisation:
2026-07-17 15:37:19.071 | INFO     | __main__:_normalize_for_deepspeed:384 -   • max_mel_tokens: 1700→880 (DeepSpeed KV cache limit)
2026-07-17 15:37:19.074 | INFO     | __main__:_register_audio_from_base64:325 - Dynamic voice cache hit: spk_6a086b4a
2026-07-17 15:37:29.354 | INFO     | __main__:trim_audio_array:243 - Trimmed audio: 7.94s -> 5.99s (removed 1.95s)
2026-07-17 15:37:29.354 | INFO     | __main__:_speech_response_from_payload:761 - TTS completed: 63 chars, queue=0.00s, infer=10.22s, format: wav
2026-07-17 15:37:38.400 | WARNING  | __main__:_extract_params:421 - do_sample=True with num_beams=3 is unstable. Setting num_beams=1 (preserving sampling mode). For deterministic output, pass do_sample=False.
2026-07-17 15:37:38.400 | INFO     | __main__:_normalize_for_deepspeed:383 - DeepSpeed parameter normalisation:
2026-07-17 15:37:38.400 | INFO     | __main__:_normalize_for_deepspeed:384 -   • max_mel_tokens: 1700→880 (DeepSpeed KV cache limit)
2026-07-17 15:37:38.404 | INFO     | __main__:_register_audio_from_base64:325 - Dynamic voice cache hit: spk_6a086b4a
2026-07-17 15:39:21.789 | INFO     | __main__:<module>:963 - IndexTTS2 API Server - http://0.0.0.0:8002
2026-07-17 15:39:21.789 | INFO     | __main__:<module>:964 - Device: auto, FP16: False, DeepSpeed: True
2026-07-17 15:39:21.818 | INFO     | __main__:lifespan:574 - Initializing IndexTTS2...
2026-07-17 15:39:21.818 | INFO     | __main__:lifespan:583 - IndexTTS2 initialized successfully (reusing instance, DeepSpeed: enabled)
2026-07-17 15:39:21.819 | INFO     | __main__:lifespan:608 - Patched GPT generate() to filter vocoder kwargs and unsupported DeepSpeed flags
2026-07-17 15:39:21.820 | INFO     | __main__:lifespan:636 - Loaded 56 voices
2026-07-17 15:39:37.941 | INFO     | __main__:_extract_params:417 - Beam search requested (num_beams=3). Overriding do_sample=True to False for deterministic output.
2026-07-17 15:39:37.941 | INFO     | __main__:_normalize_for_deepspeed:377 - DeepSpeed parameter normalisation:
2026-07-17 15:39:37.942 | INFO     | __main__:_normalize_for_deepspeed:378 -   • num_beams: 3→1, do_sample: forced False (DeepSpeed fallback to greedy decoding for deterministic output)
2026-07-17 15:39:37.942 | INFO     | __main__:_normalize_for_deepspeed:378 -   • max_mel_tokens: 1700→880 (DeepSpeed KV cache limit)
2026-07-17 15:39:37.946 | INFO     | __main__:_register_audio_from_base64:322 - Dynamic voice cache hit: spk_6a086b4a
2026-07-17 15:40:04.996 | INFO     | __main__:trim_audio_array:240 - Trimmed audio: 13.77s -> 12.17s (removed 1.60s)
2026-07-17 15:40:04.997 | INFO     | __main__:_speech_response_from_payload:756 - TTS completed: 109 chars, queue=0.00s, infer=26.79s, format: wav
2026-07-17 15:40:09.696 | INFO     | __main__:_extract_params:417 - Beam search requested (num_beams=3). Overriding do_sample=True to False for deterministic output.
2026-07-17 15:40:09.696 | INFO     | __main__:_normalize_for_deepspeed:377 - DeepSpeed parameter normalisation:
2026-07-17 15:40:09.697 | INFO     | __main__:_normalize_for_deepspeed:378 -   • num_beams: 3→1, do_sample: forced False (DeepSpeed fallback to greedy decoding for deterministic output)
2026-07-17 15:40:09.697 | INFO     | __main__:_normalize_for_deepspeed:378 -   • max_mel_tokens: 1700→880 (DeepSpeed KV cache limit)
2026-07-17 15:40:09.701 | INFO     | __main__:_register_audio_from_base64:322 - Dynamic voice cache hit: spk_6a086b4a
2026-07-17 15:40:23.914 | INFO     | __main__:trim_audio_array:240 - Trimmed audio: 10.02s -> 7.64s (removed 2.38s)
2026-07-17 15:40:23.915 | INFO     | __main__:_speech_response_from_payload:756 - TTS completed: 68 chars, queue=0.00s, infer=14.13s, format: wav
2026-07-17 15:40:27.667 | INFO     | __main__:_extract_params:417 - Beam search requested (num_beams=3). Overriding do_sample=True to False for deterministic output.
2026-07-17 15:40:27.668 | INFO     | __main__:_normalize_for_deepspeed:377 - DeepSpeed parameter normalisation:
2026-07-17 15:40:27.668 | INFO     | __main__:_normalize_for_deepspeed:378 -   • num_beams: 3→1, do_sample: forced False (DeepSpeed fallback to greedy decoding for deterministic output)
2026-07-17 15:40:27.668 | INFO     | __main__:_normalize_for_deepspeed:378 -   • max_mel_tokens: 1700→880 (DeepSpeed KV cache limit)
2026-07-17 15:40:27.674 | INFO     | __main__:_register_audio_from_base64:322 - Dynamic voice cache hit: spk_6a086b4a
2026-07-17 15:40:40.187 | INFO     | __main__:trim_audio_array:240 - Trimmed audio: 9.04s -> 6.90s (removed 2.15s)
2026-07-17 15:40:40.188 | INFO     | __main__:_speech_response_from_payload:756 - TTS completed: 56 chars, queue=0.00s, infer=12.44s, format: wav
2026-07-17 15:40:46.776 | INFO     | __main__:_extract_params:417 - Beam search requested (num_beams=3). Overriding do_sample=True to False for deterministic output.
2026-07-17 15:40:46.777 | INFO     | __main__:_normalize_for_deepspeed:377 - DeepSpeed parameter normalisation:
2026-07-17 15:40:46.777 | INFO     | __main__:_normalize_for_deepspeed:378 -   • num_beams: 3→1, do_sample: forced False (DeepSpeed fallback to greedy decoding for deterministic output)
2026-07-17 15:40:46.777 | INFO     | __main__:_normalize_for_deepspeed:378 -   • max_mel_tokens: 1700→880 (DeepSpeed KV cache limit)
2026-07-17 15:40:46.781 | INFO     | __main__:_register_audio_from_base64:322 - Dynamic voice cache hit: spk_6a086b4a
2026-07-17 15:41:00.231 | INFO     | __main__:trim_audio_array:240 - Trimmed audio: 9.68s -> 6.69s (removed 3.00s)
2026-07-17 15:41:00.232 | INFO     | __main__:_speech_response_from_payload:756 - TTS completed: 42 chars, queue=0.00s, infer=13.34s, format: wav
2026-07-17 15:41:23.035 | INFO     | __main__:_extract_params:417 - Beam search requested (num_beams=3). Overriding do_sample=True to False for deterministic output.
2026-07-17 15:41:23.036 | INFO     | __main__:_normalize_for_deepspeed:377 - DeepSpeed parameter normalisation:
2026-07-17 15:41:23.036 | INFO     | __main__:_normalize_for_deepspeed:378 -   • num_beams: 3→1, do_sample: forced False (DeepSpeed fallback to greedy decoding for deterministic output)
2026-07-17 15:41:23.036 | INFO     | __main__:_normalize_for_deepspeed:378 -   • max_mel_tokens: 1700→880 (DeepSpeed KV cache limit)
2026-07-17 15:41:23.087 | INFO     | __main__:_register_audio_from_base64:322 - Dynamic voice cache hit: spk_6a086b4a
2026-07-17 15:41:40.278 | INFO     | __main__:trim_audio_array:240 - Trimmed audio: 11.40s -> 8.41s (removed 3.00s)
2026-07-17 15:41:40.279 | INFO     | __main__:_speech_response_from_payload:756 - TTS completed: 77 chars, queue=0.00s, infer=17.10s, format: wav
2026-07-17 15:41:43.919 | INFO     | __main__:_extract_params:417 - Beam search requested (num_beams=3). Overriding do_sample=True to False for deterministic output.
2026-07-17 15:41:43.920 | INFO     | __main__:_normalize_for_deepspeed:377 - DeepSpeed parameter normalisation:
2026-07-17 15:41:43.920 | INFO     | __main__:_normalize_for_deepspeed:378 -   • num_beams: 3→1, do_sample: forced False (DeepSpeed fallback to greedy decoding for deterministic output)
2026-07-17 15:41:43.921 | INFO     | __main__:_normalize_for_deepspeed:378 -   • max_mel_tokens: 1700→880 (DeepSpeed KV cache limit)
2026-07-17 15:41:43.924 | INFO     | __main__:_register_audio_from_base64:322 - Dynamic voice cache hit: spk_6a086b4a
2026-07-17 15:41:56.368 | INFO     | __main__:trim_audio_array:240 - Trimmed audio: 9.20s -> 7.33s (removed 1.86s)
2026-07-17 15:41:56.369 | INFO     | __main__:_speech_response_from_payload:756 - TTS completed: 54 chars, queue=0.00s, infer=12.38s, format: wav
2026-07-17 15:42:08.952 | INFO     | __main__:_extract_params:417 - Beam search requested (num_beams=3). Overriding do_sample=True to False for deterministic output.
2026-07-17 15:42:08.952 | INFO     | __main__:_normalize_for_deepspeed:377 - DeepSpeed parameter normalisation:
2026-07-17 15:42:08.953 | INFO     | __main__:_normalize_for_deepspeed:378 -   • num_beams: 3→1, do_sample: forced False (DeepSpeed fallback to greedy decoding for deterministic output)
2026-07-17 15:42:08.953 | INFO     | __main__:_normalize_for_deepspeed:378 -   • max_mel_tokens: 1700→880 (DeepSpeed KV cache limit)
2026-07-17 15:42:08.956 | INFO     | __main__:_register_audio_from_base64:322 - Dynamic voice cache hit: spk_6a086b4a
2026-07-17 15:42:22.969 | INFO     | __main__:trim_audio_array:240 - Trimmed audio: 9.83s -> 6.90s (removed 2.94s)
2026-07-17 15:42:22.970 | INFO     | __main__:_speech_response_from_payload:756 - TTS completed: 65 chars, queue=0.00s, infer=13.93s, format: wav
2026-07-17 15:42:47.217 | INFO     | __main__:_extract_params:417 - Beam search requested (num_beams=3). Overriding do_sample=True to False for deterministic output.
2026-07-17 15:42:47.218 | INFO     | __main__:_normalize_for_deepspeed:377 - DeepSpeed parameter normalisation:
2026-07-17 15:42:47.218 | INFO     | __main__:_normalize_for_deepspeed:378 -   • num_beams: 3→1, do_sample: forced False (DeepSpeed fallback to greedy decoding for deterministic output)
2026-07-17 15:42:47.218 | INFO     | __main__:_normalize_for_deepspeed:378 -   • max_mel_tokens: 1700→880 (DeepSpeed KV cache limit)
2026-07-17 15:42:47.222 | INFO     | __main__:_register_audio_from_base64:322 - Dynamic voice cache hit: spk_6a086b4a
2026-07-17 15:42:53.233 | INFO     | __main__:trim_audio_array:240 - Trimmed audio: 4.78s -> 2.93s (removed 1.86s)
2026-07-17 15:42:53.233 | INFO     | __main__:_speech_response_from_payload:756 - TTS completed: 32 chars, queue=0.00s, infer=5.97s, format: wav
2026-07-17 15:42:56.925 | INFO     | __main__:_extract_params:417 - Beam search requested (num_beams=3). Overriding do_sample=True to False for deterministic output.
2026-07-17 15:42:56.926 | INFO     | __main__:_normalize_for_deepspeed:377 - DeepSpeed parameter normalisation:
2026-07-17 15:42:56.926 | INFO     | __main__:_normalize_for_deepspeed:378 -   • num_beams: 3→1, do_sample: forced False (DeepSpeed fallback to greedy decoding for deterministic output)
2026-07-17 15:42:56.926 | INFO     | __main__:_normalize_for_deepspeed:378 -   • max_mel_tokens: 1700→880 (DeepSpeed KV cache limit)
2026-07-17 15:42:56.929 | INFO     | __main__:_register_audio_from_base64:322 - Dynamic voice cache hit: spk_6a086b4a
2026-07-17 15:43:04.535 | INFO     | __main__:trim_audio_array:240 - Trimmed audio: 6.00s -> 4.16s (removed 1.85s)
2026-07-17 15:43:04.536 | INFO     | __main__:_speech_response_from_payload:756 - TTS completed: 42 chars, queue=0.00s, infer=7.56s, format: wav
2026-07-17 15:43:14.159 | INFO     | __main__:_extract_params:417 - Beam search requested (num_beams=3). Overriding do_sample=True to False for deterministic output.
2026-07-17 15:43:14.160 | INFO     | __main__:_normalize_for_deepspeed:377 - DeepSpeed parameter normalisation:
2026-07-17 15:43:14.160 | INFO     | __main__:_normalize_for_deepspeed:378 -   • num_beams: 3→1, do_sample: forced False (DeepSpeed fallback to greedy decoding for deterministic output)
2026-07-17 15:43:14.160 | INFO     | __main__:_normalize_for_deepspeed:378 -   • max_mel_tokens: 1700→880 (DeepSpeed KV cache limit)
2026-07-17 15:43:14.166 | INFO     | __main__:_register_audio_from_base64:322 - Dynamic voice cache hit: spk_6a086b4a
2026-07-17 15:43:23.560 | INFO     | __main__:trim_audio_array:240 - Trimmed audio: 7.30s -> 3.95s (removed 3.36s)
2026-07-17 15:43:23.560 | INFO     | __main__:_speech_response_from_payload:756 - TTS completed: 41 chars, queue=0.00s, infer=9.32s, format: wav
2026-07-17 15:43:27.294 | INFO     | __main__:_extract_params:417 - Beam search requested (num_beams=3). Overriding do_sample=True to False for deterministic output.
2026-07-17 15:43:27.295 | INFO     | __main__:_normalize_for_deepspeed:377 - DeepSpeed parameter normalisation:
2026-07-17 15:43:27.295 | INFO     | __main__:_normalize_for_deepspeed:378 -   • num_beams: 3→1, do_sample: forced False (DeepSpeed fallback to greedy decoding for deterministic output)
2026-07-17 15:43:27.296 | INFO     | __main__:_normalize_for_deepspeed:378 -   • max_mel_tokens: 1700→880 (DeepSpeed KV cache limit)
2026-07-17 15:43:27.300 | INFO     | __main__:_register_audio_from_base64:322 - Dynamic voice cache hit: spk_6a086b4a
2026-07-17 15:43:39.295 | INFO     | __main__:trim_audio_array:240 - Trimmed audio: 8.92s -> 6.78s (removed 2.14s)
2026-07-17 15:43:39.297 | INFO     | __main__:_speech_response_from_payload:756 - TTS completed: 60 chars, queue=0.00s, infer=11.92s, format: wav
2026-07-17 15:43:42.786 | INFO     | __main__:_extract_params:417 - Beam search requested (num_beams=3). Overriding do_sample=True to False for deterministic output.
2026-07-17 15:43:42.786 | INFO     | __main__:_normalize_for_deepspeed:377 - DeepSpeed parameter normalisation:
2026-07-17 15:43:42.787 | INFO     | __main__:_normalize_for_deepspeed:378 -   • num_beams: 3→1, do_sample: forced False (DeepSpeed fallback to greedy decoding for deterministic output)
2026-07-17 15:43:42.787 | INFO     | __main__:_normalize_for_deepspeed:378 -   • max_mel_tokens: 1700→880 (DeepSpeed KV cache limit)
2026-07-17 15:43:42.792 | INFO     | __main__:_register_audio_from_base64:322 - Dynamic voice cache hit: spk_6a086b4a
2026-07-17 15:43:55.232 | INFO     | __main__:trim_audio_array:240 - Trimmed audio: 9.00s -> 8.61s (removed 0.38s)
2026-07-17 15:43:55.233 | INFO     | __main__:_speech_response_from_payload:756 - TTS completed: 82 chars, queue=0.00s, infer=12.35s, format: wav
2026-07-17 15:44:22.491 | INFO     | __main__:_extract_params:417 - Beam search requested (num_beams=3). Overriding do_sample=True to False for deterministic output.
2026-07-17 15:44:22.492 | INFO     | __main__:_normalize_for_deepspeed:377 - DeepSpeed parameter normalisation:
2026-07-17 15:44:22.492 | INFO     | __main__:_normalize_for_deepspeed:378 -   • num_beams: 3→1, do_sample: forced False (DeepSpeed fallback to greedy decoding for deterministic output)
2026-07-17 15:44:22.492 | INFO     | __main__:_normalize_for_deepspeed:378 -   • max_mel_tokens: 1700→880 (DeepSpeed KV cache limit)
2026-07-17 15:44:22.498 | INFO     | __main__:_register_audio_from_base64:322 - Dynamic voice cache hit: spk_6a086b4a
2026-07-17 15:44:28.825 | INFO     | __main__:trim_audio_array:240 - Trimmed audio: 5.00s -> 3.11s (removed 1.89s)
2026-07-17 15:44:28.826 | INFO     | __main__:_speech_response_from_payload:756 - TTS completed: 36 chars, queue=0.00s, infer=6.29s, format: wav
2026-07-17 15:44:32.469 | INFO     | __main__:_extract_params:417 - Beam search requested (num_beams=3). Overriding do_sample=True to False for deterministic output.
2026-07-17 15:44:32.469 | INFO     | __main__:_normalize_for_deepspeed:377 - DeepSpeed parameter normalisation:
2026-07-17 15:44:32.470 | INFO     | __main__:_normalize_for_deepspeed:378 -   • num_beams: 3→1, do_sample: forced False (DeepSpeed fallback to greedy decoding for deterministic output)
2026-07-17 15:44:32.470 | INFO     | __main__:_normalize_for_deepspeed:378 -   • max_mel_tokens: 1700→880 (DeepSpeed KV cache limit)
2026-07-17 15:44:32.485 | INFO     | __main__:_register_audio_from_base64:322 - Dynamic voice cache hit: spk_6a086b4a
2026-07-17 15:44:41.358 | INFO     | __main__:trim_audio_array:240 - Trimmed audio: 7.02s -> 5.09s (removed 1.94s)
2026-07-17 15:44:41.359 | INFO     | __main__:_speech_response_from_payload:756 - TTS completed: 48 chars, queue=0.00s, infer=8.82s, format: wav
2026-07-17 15:44:47.904 | INFO     | __main__:_extract_params:417 - Beam search requested (num_beams=3). Overriding do_sample=True to False for deterministic output.
2026-07-17 15:44:47.904 | INFO     | __main__:_normalize_for_deepspeed:377 - DeepSpeed parameter normalisation:
2026-07-17 15:44:47.905 | INFO     | __main__:_normalize_for_deepspeed:378 -   • num_beams: 3→1, do_sample: forced False (DeepSpeed fallback to greedy decoding for deterministic output)
2026-07-17 15:44:47.905 | INFO     | __main__:_normalize_for_deepspeed:378 -   • max_mel_tokens: 1700→880 (DeepSpeed KV cache limit)
2026-07-17 15:44:47.909 | INFO     | __main__:_register_audio_from_base64:322 - Dynamic voice cache hit: spk_6a086b4a
2026-07-17 15:44:58.456 | INFO     | __main__:trim_audio_array:240 - Trimmed audio: 7.84s -> 5.83s (removed 2.01s)
2026-07-17 15:44:58.457 | INFO     | __main__:_speech_response_from_payload:756 - TTS completed: 59 chars, queue=0.00s, infer=10.49s, format: wav
2026-07-17 15:45:02.779 | INFO     | __main__:_extract_params:417 - Beam search requested (num_beams=3). Overriding do_sample=True to False for deterministic output.
2026-07-17 15:45:02.780 | INFO     | __main__:_normalize_for_deepspeed:377 - DeepSpeed parameter normalisation:
2026-07-17 15:45:02.780 | INFO     | __main__:_normalize_for_deepspeed:378 -   • num_beams: 3→1, do_sample: forced False (DeepSpeed fallback to greedy decoding for deterministic output)
2026-07-17 15:45:02.780 | INFO     | __main__:_normalize_for_deepspeed:378 -   • max_mel_tokens: 1700→880 (DeepSpeed KV cache limit)
2026-07-17 15:45:02.784 | INFO     | __main__:_register_audio_from_base64:322 - Dynamic voice cache hit: spk_6a086b4a
2026-07-17 15:45:11.540 | INFO     | __main__:trim_audio_array:240 - Trimmed audio: 6.77s -> 4.83s (removed 1.94s)
2026-07-17 15:45:11.540 | INFO     | __main__:_speech_response_from_payload:756 - TTS completed: 57 chars, queue=0.00s, infer=8.70s, format: wav
2026-07-17 15:45:21.984 | INFO     | __main__:_extract_params:417 - Beam search requested (num_beams=3). Overriding do_sample=True to False for deterministic output.
2026-07-17 15:45:21.985 | INFO     | __main__:_normalize_for_deepspeed:377 - DeepSpeed parameter normalisation:
2026-07-17 15:45:21.986 | INFO     | __main__:_normalize_for_deepspeed:378 -   • num_beams: 3→1, do_sample: forced False (DeepSpeed fallback to greedy decoding for deterministic output)
2026-07-17 15:45:21.986 | INFO     | __main__:_normalize_for_deepspeed:378 -   • max_mel_tokens: 1700→880 (DeepSpeed KV cache limit)
2026-07-17 15:45:21.991 | INFO     | __main__:_register_audio_from_base64:322 - Dynamic voice cache hit: spk_6a086b4a
2026-07-17 15:45:28.457 | INFO     | __main__:trim_audio_array:240 - Trimmed audio: 5.14s -> 3.41s (removed 1.73s)
2026-07-17 15:45:28.457 | INFO     | __main__:_speech_response_from_payload:756 - TTS completed: 34 chars, queue=0.00s, infer=6.42s, format: wav
2026-07-17 15:45:41.711 | INFO     | __main__:_extract_params:417 - Beam search requested (num_beams=3). Overriding do_sample=True to False for deterministic output.
2026-07-17 15:45:41.711 | INFO     | __main__:_normalize_for_deepspeed:377 - DeepSpeed parameter normalisation:
2026-07-17 15:45:41.711 | INFO     | __main__:_normalize_for_deepspeed:378 -   • num_beams: 3→1, do_sample: forced False (DeepSpeed fallback to greedy decoding for deterministic output)
2026-07-17 15:45:41.712 | INFO     | __main__:_normalize_for_deepspeed:378 -   • max_mel_tokens: 1700→880 (DeepSpeed KV cache limit)
2026-07-17 15:45:41.717 | INFO     | __main__:_register_audio_from_base64:322 - Dynamic voice cache hit: spk_6a086b4a
2026-07-17 15:45:55.926 | INFO     | __main__:trim_audio_array:240 - Trimmed audio: 9.91s -> 7.80s (removed 2.11s)
2026-07-17 15:45:55.927 | INFO     | __main__:_speech_response_from_payload:756 - TTS completed: 79 chars, queue=0.00s, infer=14.13s, format: wav
2026-07-17 15:46:04.040 | INFO     | __main__:_extract_params:417 - Beam search requested (num_beams=3). Overriding do_sample=True to False for deterministic output.
2026-07-17 15:46:04.040 | INFO     | __main__:_normalize_for_deepspeed:377 - DeepSpeed parameter normalisation:
2026-07-17 15:46:04.041 | INFO     | __main__:_normalize_for_deepspeed:378 -   • num_beams: 3→1, do_sample: forced False (DeepSpeed fallback to greedy decoding for deterministic output)
2026-07-17 15:46:04.041 | INFO     | __main__:_normalize_for_deepspeed:378 -   • max_mel_tokens: 1700→880 (DeepSpeed KV cache limit)
2026-07-17 15:46:04.045 | INFO     | __main__:_register_audio_from_base64:322 - Dynamic voice cache hit: spk_6a086b4a
2026-07-17 15:46:16.829 | INFO     | __main__:trim_audio_array:240 - Trimmed audio: 9.28s -> 7.48s (removed 1.80s)
2026-07-17 15:46:16.830 | INFO     | __main__:_speech_response_from_payload:756 - TTS completed: 61 chars, queue=0.00s, infer=12.71s, format: wav
2026-07-17 15:46:44.890 | INFO     | __main__:_extract_params:417 - Beam search requested (num_beams=3). Overriding do_sample=True to False for deterministic output.
2026-07-17 15:46:44.891 | INFO     | __main__:_normalize_for_deepspeed:377 - DeepSpeed parameter normalisation:
2026-07-17 15:46:44.891 | INFO     | __main__:_normalize_for_deepspeed:378 -   • num_beams: 3→1, do_sample: forced False (DeepSpeed fallback to greedy decoding for deterministic output)
2026-07-17 15:46:44.891 | INFO     | __main__:_normalize_for_deepspeed:378 -   • max_mel_tokens: 1700→880 (DeepSpeed KV cache limit)
2026-07-17 15:46:44.895 | INFO     | __main__:_register_audio_from_base64:322 - Dynamic voice cache hit: spk_6a086b4a
2026-07-17 15:46:56.096 | INFO     | __main__:trim_audio_array:240 - Trimmed audio: 8.36s -> 6.36s (removed 2.00s)
2026-07-17 15:46:56.097 | INFO     | __main__:_speech_response_from_payload:756 - TTS completed: 74 chars, queue=0.00s, infer=11.13s, format: wav
2026-07-17 15:47:49.523 | INFO     | __main__:_extract_params:417 - Beam search requested (num_beams=3). Overriding do_sample=True to False for deterministic output.
2026-07-17 15:47:49.524 | INFO     | __main__:_normalize_for_deepspeed:377 - DeepSpeed parameter normalisation:
2026-07-17 15:47:49.524 | INFO     | __main__:_normalize_for_deepspeed:378 -   • num_beams: 3→1, do_sample: forced False (DeepSpeed fallback to greedy decoding for deterministic output)
2026-07-17 15:47:49.524 | INFO     | __main__:_normalize_for_deepspeed:378 -   • max_mel_tokens: 1700→880 (DeepSpeed KV cache limit)
2026-07-17 15:47:49.528 | INFO     | __main__:_register_audio_from_base64:322 - Dynamic voice cache hit: spk_6a086b4a
2026-07-17 15:48:13.603 | INFO     | __main__:trim_audio_array:240 - Trimmed audio: 14.01s -> 11.61s (removed 2.40s)
2026-07-17 15:48:13.604 | INFO     | __main__:_speech_response_from_payload:756 - TTS completed: 98 chars, queue=0.00s, infer=23.96s, format: wav
2026-07-17 15:48:26.654 | INFO     | __main__:_extract_params:417 - Beam search requested (num_beams=3). Overriding do_sample=True to False for deterministic output.
2026-07-17 15:48:26.654 | INFO     | __main__:_normalize_for_deepspeed:377 - DeepSpeed parameter normalisation:
2026-07-17 15:48:26.654 | INFO     | __main__:_normalize_for_deepspeed:378 -   • num_beams: 3→1, do_sample: forced False (DeepSpeed fallback to greedy decoding for deterministic output)
2026-07-17 15:48:26.655 | INFO     | __main__:_normalize_for_deepspeed:378 -   • max_mel_tokens: 1700→880 (DeepSpeed KV cache limit)
2026-07-17 15:48:26.685 | INFO     | __main__:_register_audio_from_base64:322 - Dynamic voice cache hit: spk_6a086b4a
2026-07-17 15:48:41.184 | INFO     | __main__:trim_audio_array:240 - Trimmed audio: 10.08s -> 8.15s (removed 1.93s)
2026-07-17 15:48:41.185 | INFO     | __main__:_speech_response_from_payload:756 - TTS completed: 82 chars, queue=0.00s, infer=14.42s, format: wav
2026-07-17 15:48:47.018 | INFO     | __main__:_extract_params:417 - Beam search requested (num_beams=3). Overriding do_sample=True to False for deterministic output.
2026-07-17 15:48:47.018 | INFO     | __main__:_normalize_for_deepspeed:377 - DeepSpeed parameter normalisation:
2026-07-17 15:48:47.018 | INFO     | __main__:_normalize_for_deepspeed:378 -   • num_beams: 3→1, do_sample: forced False (DeepSpeed fallback to greedy decoding for deterministic output)
2026-07-17 15:48:47.019 | INFO     | __main__:_normalize_for_deepspeed:378 -   • max_mel_tokens: 1700→880 (DeepSpeed KV cache limit)
2026-07-17 15:48:47.023 | INFO     | __main__:_register_audio_from_base64:322 - Dynamic voice cache hit: spk_6a086b4a
2026-07-17 15:49:03.824 | INFO     | __main__:trim_audio_array:240 - Trimmed audio: 11.08s -> 10.77s (removed 0.30s)
2026-07-17 15:49:03.825 | INFO     | __main__:_speech_response_from_payload:756 - TTS completed: 95 chars, queue=0.00s, infer=16.68s, format: wav
2026-07-17 15:49:42.106 | INFO     | __main__:_extract_params:417 - Beam search requested (num_beams=3). Overriding do_sample=True to False for deterministic output.
2026-07-17 15:49:42.106 | INFO     | __main__:_normalize_for_deepspeed:377 - DeepSpeed parameter normalisation:
2026-07-17 15:49:42.107 | INFO     | __main__:_normalize_for_deepspeed:378 -   • num_beams: 3→1, do_sample: forced False (DeepSpeed fallback to greedy decoding for deterministic output)
2026-07-17 15:49:42.107 | INFO     | __main__:_normalize_for_deepspeed:378 -   • max_mel_tokens: 1700→880 (DeepSpeed KV cache limit)
2026-07-17 15:49:42.111 | INFO     | __main__:_register_audio_from_base64:322 - Dynamic voice cache hit: spk_6a086b4a
2026-07-17 15:49:52.488 | INFO     | __main__:trim_audio_array:240 - Trimmed audio: 7.88s -> 5.09s (removed 2.80s)
2026-07-17 15:49:52.489 | INFO     | __main__:_speech_response_from_payload:756 - TTS completed: 46 chars, queue=0.00s, infer=10.31s, format: wav
2026-07-17 15:50:12.104 | INFO     | __main__:_extract_params:417 - Beam search requested (num_beams=3). Overriding do_sample=True to False for deterministic output.
2026-07-17 15:50:12.105 | INFO     | __main__:_normalize_for_deepspeed:377 - DeepSpeed parameter normalisation:
2026-07-17 15:50:12.105 | INFO     | __main__:_normalize_for_deepspeed:378 -   • num_beams: 3→1, do_sample: forced False (DeepSpeed fallback to greedy decoding for deterministic output)
2026-07-17 15:50:12.105 | INFO     | __main__:_normalize_for_deepspeed:378 -   • max_mel_tokens: 1700→880 (DeepSpeed KV cache limit)
2026-07-17 15:50:12.108 | INFO     | __main__:_register_audio_from_base64:322 - Dynamic voice cache hit: spk_6a086b4a
2026-07-17 15:50:19.739 | INFO     | __main__:trim_audio_array:240 - Trimmed audio: 6.13s -> 4.25s (removed 1.88s)
2026-07-17 15:50:19.740 | INFO     | __main__:_speech_response_from_payload:756 - TTS completed: 41 chars, queue=0.00s, infer=7.58s, format: wav
2026-07-17 15:50:39.415 | INFO     | __main__:_extract_params:417 - Beam search requested (num_beams=3). Overriding do_sample=True to False for deterministic output.
2026-07-17 15:50:39.416 | INFO     | __main__:_normalize_for_deepspeed:377 - DeepSpeed parameter normalisation:
2026-07-17 15:50:39.416 | INFO     | __main__:_normalize_for_deepspeed:378 -   • num_beams: 3→1, do_sample: forced False (DeepSpeed fallback to greedy decoding for deterministic output)
2026-07-17 15:50:39.416 | INFO     | __main__:_normalize_for_deepspeed:378 -   • max_mel_tokens: 1700→880 (DeepSpeed KV cache limit)
2026-07-17 15:50:39.420 | INFO     | __main__:_register_audio_from_base64:322 - Dynamic voice cache hit: spk_6a086b4a
2026-07-17 15:50:57.080 | INFO     | __main__:trim_audio_array:240 - Trimmed audio: 11.46s -> 9.45s (removed 2.01s)
2026-07-17 15:50:57.081 | INFO     | __main__:_speech_response_from_payload:756 - TTS completed: 92 chars, queue=0.00s, infer=17.56s, format: wav
2026-07-17 15:51:28.414 | INFO     | __main__:_extract_params:417 - Beam search requested (num_beams=3). Overriding do_sample=True to False for deterministic output.
2026-07-17 15:51:28.415 | INFO     | __main__:_normalize_for_deepspeed:377 - DeepSpeed parameter normalisation:
2026-07-17 15:51:28.415 | INFO     | __main__:_normalize_for_deepspeed:378 -   • num_beams: 3→1, do_sample: forced False (DeepSpeed fallback to greedy decoding for deterministic output)
2026-07-17 15:51:28.416 | INFO     | __main__:_normalize_for_deepspeed:378 -   • max_mel_tokens: 1700→880 (DeepSpeed KV cache limit)
2026-07-17 15:51:28.419 | INFO     | __main__:_register_audio_from_base64:322 - Dynamic voice cache hit: spk_6a086b4a
2026-07-17 15:51:41.865 | INFO     | __main__:trim_audio_array:240 - Trimmed audio: 9.62s -> 7.13s (removed 2.49s)
2026-07-17 15:51:41.866 | INFO     | __main__:_speech_response_from_payload:756 - TTS completed: 65 chars, queue=0.00s, infer=13.37s, format: wav
2026-07-17 15:51:50.759 | INFO     | __main__:_extract_params:417 - Beam search requested (num_beams=3). Overriding do_sample=True to False for deterministic output.
2026-07-17 15:51:50.759 | INFO     | __main__:_normalize_for_deepspeed:377 - DeepSpeed parameter normalisation:
2026-07-17 15:51:50.759 | INFO     | __main__:_normalize_for_deepspeed:378 -   • num_beams: 3→1, do_sample: forced False (DeepSpeed fallback to greedy decoding for deterministic output)
2026-07-17 15:51:50.760 | INFO     | __main__:_normalize_for_deepspeed:378 -   • max_mel_tokens: 1700→880 (DeepSpeed KV cache limit)
2026-07-17 15:51:50.764 | INFO     | __main__:_register_audio_from_base64:322 - Dynamic voice cache hit: spk_6a086b4a
2026-07-17 15:52:06.888 | INFO     | __main__:trim_audio_array:240 - Trimmed audio: 10.74s -> 9.15s (removed 1.59s)
2026-07-17 15:52:06.889 | INFO     | __main__:_speech_response_from_payload:756 - TTS completed: 90 chars, queue=0.00s, infer=16.03s, format: wav
2026-07-17 15:52:36.833 | INFO     | __main__:_extract_params:417 - Beam search requested (num_beams=3). Overriding do_sample=True to False for deterministic output.
2026-07-17 15:52:36.833 | INFO     | __main__:_normalize_for_deepspeed:377 - DeepSpeed parameter normalisation:
2026-07-17 15:52:36.834 | INFO     | __main__:_normalize_for_deepspeed:378 -   • num_beams: 3→1, do_sample: forced False (DeepSpeed fallback to greedy decoding for deterministic output)
2026-07-17 15:52:36.835 | INFO     | __main__:_normalize_for_deepspeed:378 -   • max_mel_tokens: 1700→880 (DeepSpeed KV cache limit)
2026-07-17 15:52:36.839 | INFO     | __main__:_register_audio_from_base64:322 - Dynamic voice cache hit: spk_6a086b4a
2026-07-17 15:52:55.937 | INFO     | __main__:trim_audio_array:240 - Trimmed audio: 11.94s -> 9.68s (removed 2.25s)
2026-07-17 15:52:55.938 | INFO     | __main__:_speech_response_from_payload:756 - TTS completed: 81 chars, queue=0.00s, infer=19.00s, format: wav
2026-07-17 15:53:06.281 | INFO     | __main__:_extract_params:417 - Beam search requested (num_beams=3). Overriding do_sample=True to False for deterministic output.
2026-07-17 15:53:06.281 | INFO     | __main__:_normalize_for_deepspeed:377 - DeepSpeed parameter normalisation:
2026-07-17 15:53:06.282 | INFO     | __main__:_normalize_for_deepspeed:378 -   • num_beams: 3→1, do_sample: forced False (DeepSpeed fallback to greedy decoding for deterministic output)
2026-07-17 15:53:06.282 | INFO     | __main__:_normalize_for_deepspeed:378 -   • max_mel_tokens: 1700→880 (DeepSpeed KV cache limit)
2026-07-17 15:53:06.285 | INFO     | __main__:_register_audio_from_base64:322 - Dynamic voice cache hit: spk_6a086b4a
2026-07-17 15:53:17.156 | INFO     | __main__:trim_audio_array:240 - Trimmed audio: 8.28s -> 5.90s (removed 2.38s)
2026-07-17 15:53:17.156 | INFO     | __main__:_speech_response_from_payload:756 - TTS completed: 45 chars, queue=0.00s, infer=10.80s, format: wav
2026-07-17 15:53:45.750 | INFO     | __main__:_extract_params:417 - Beam search requested (num_beams=3). Overriding do_sample=True to False for deterministic output.
2026-07-17 15:53:45.750 | INFO     | __main__:_normalize_for_deepspeed:377 - DeepSpeed parameter normalisation:
2026-07-17 15:53:45.751 | INFO     | __main__:_normalize_for_deepspeed:378 -   • num_beams: 3→1, do_sample: forced False (DeepSpeed fallback to greedy decoding for deterministic output)
2026-07-17 15:53:45.751 | INFO     | __main__:_normalize_for_deepspeed:378 -   • max_mel_tokens: 1700→880 (DeepSpeed KV cache limit)
2026-07-17 15:53:45.756 | INFO     | __main__:_register_audio_from_base64:322 - Dynamic voice cache hit: spk_6a086b4a
2026-07-17 15:53:54.043 | INFO     | __main__:trim_audio_array:240 - Trimmed audio: 6.55s -> 4.64s (removed 1.90s)
2026-07-17 15:53:54.044 | INFO     | __main__:_speech_response_from_payload:756 - TTS completed: 48 chars, queue=0.00s, infer=8.23s, format: wav
2026-07-17 15:54:08.434 | INFO     | __main__:_extract_params:417 - Beam search requested (num_beams=3). Overriding do_sample=True to False for deterministic output.
2026-07-17 15:54:08.434 | INFO     | __main__:_normalize_for_deepspeed:377 - DeepSpeed parameter normalisation:
2026-07-17 15:54:08.435 | INFO     | __main__:_normalize_for_deepspeed:378 -   • num_beams: 3→1, do_sample: forced False (DeepSpeed fallback to greedy decoding for deterministic output)
2026-07-17 15:54:08.435 | INFO     | __main__:_normalize_for_deepspeed:378 -   • max_mel_tokens: 1700→880 (DeepSpeed KV cache limit)
2026-07-17 15:54:08.439 | INFO     | __main__:_register_audio_from_base64:322 - Dynamic voice cache hit: spk_6a086b4a
2026-07-17 15:54:21.214 | INFO     | __main__:trim_audio_array:240 - Trimmed audio: 9.30s -> 5.80s (removed 3.50s)
2026-07-17 15:54:21.215 | INFO     | __main__:_speech_response_from_payload:756 - TTS completed: 59 chars, queue=0.00s, infer=12.70s, format: wav
2026-07-17 15:54:38.246 | INFO     | __main__:_extract_params:417 - Beam search requested (num_beams=3). Overriding do_sample=True to False for deterministic output.
2026-07-17 15:54:38.246 | INFO     | __main__:_normalize_for_deepspeed:377 - DeepSpeed parameter normalisation:
2026-07-17 15:54:38.247 | INFO     | __main__:_normalize_for_deepspeed:378 -   • num_beams: 3→1, do_sample: forced False (DeepSpeed fallback to greedy decoding for deterministic output)
2026-07-17 15:54:38.247 | INFO     | __main__:_normalize_for_deepspeed:378 -   • max_mel_tokens: 1700→880 (DeepSpeed KV cache limit)
2026-07-17 15:54:38.250 | INFO     | __main__:_register_audio_from_base64:322 - Dynamic voice cache hit: spk_6a086b4a
2026-07-17 15:54:49.354 | INFO     | __main__:trim_audio_array:240 - Trimmed audio: 8.38s -> 6.36s (removed 2.02s)
2026-07-17 15:54:49.355 | INFO     | __main__:_speech_response_from_payload:756 - TTS completed: 63 chars, queue=0.00s, infer=11.04s, format: wav
2026-07-17 15:55:12.666 | INFO     | __main__:_extract_params:417 - Beam search requested (num_beams=3). Overriding do_sample=True to False for deterministic output.
2026-07-17 15:55:12.667 | INFO     | __main__:_normalize_for_deepspeed:377 - DeepSpeed parameter normalisation:
2026-07-17 15:55:12.667 | INFO     | __main__:_normalize_for_deepspeed:378 -   • num_beams: 3→1, do_sample: forced False (DeepSpeed fallback to greedy decoding for deterministic output)
2026-07-17 15:55:12.667 | INFO     | __main__:_normalize_for_deepspeed:378 -   • max_mel_tokens: 1700→880 (DeepSpeed KV cache limit)
2026-07-17 15:55:12.684 | INFO     | __main__:_register_audio_from_base64:322 - Dynamic voice cache hit: spk_6a086b4a
2026-07-17 15:55:21.582 | INFO     | __main__:trim_audio_array:240 - Trimmed audio: 6.99s -> 5.02s (removed 1.97s)
2026-07-17 15:55:21.583 | INFO     | __main__:_speech_response_from_payload:756 - TTS completed: 56 chars, queue=0.00s, infer=8.85s, format: wav
2026-07-17 15:55:25.066 | INFO     | __main__:_extract_params:417 - Beam search requested (num_beams=3). Overriding do_sample=True to False for deterministic output.
2026-07-17 15:55:25.067 | INFO     | __main__:_normalize_for_deepspeed:377 - DeepSpeed parameter normalisation:
2026-07-17 15:55:25.067 | INFO     | __main__:_normalize_for_deepspeed:378 -   • num_beams: 3→1, do_sample: forced False (DeepSpeed fallback to greedy decoding for deterministic output)
2026-07-17 15:55:25.067 | INFO     | __main__:_normalize_for_deepspeed:378 -   • max_mel_tokens: 1700→880 (DeepSpeed KV cache limit)
2026-07-17 15:55:25.071 | INFO     | __main__:_register_audio_from_base64:322 - Dynamic voice cache hit: spk_6a086b4a
2026-07-17 15:55:37.349 | INFO     | __main__:trim_audio_array:240 - Trimmed audio: 9.24s -> 5.15s (removed 4.09s)
2026-07-17 15:55:37.350 | INFO     | __main__:_speech_response_from_payload:756 - TTS completed: 38 chars, queue=0.00s, infer=12.22s, format: wav
2026-07-17 15:55:42.996 | INFO     | __main__:_extract_params:417 - Beam search requested (num_beams=3). Overriding do_sample=True to False for deterministic output.
2026-07-17 15:55:42.997 | INFO     | __main__:_normalize_for_deepspeed:377 - DeepSpeed parameter normalisation:
2026-07-17 15:55:42.997 | INFO     | __main__:_normalize_for_deepspeed:378 -   • num_beams: 3→1, do_sample: forced False (DeepSpeed fallback to greedy decoding for deterministic output)
2026-07-17 15:55:42.997 | INFO     | __main__:_normalize_for_deepspeed:378 -   • max_mel_tokens: 1700→880 (DeepSpeed KV cache limit)
2026-07-17 15:55:43.003 | INFO     | __main__:_register_audio_from_base64:322 - Dynamic voice cache hit: spk_6a086b4a
2026-07-17 15:55:51.062 | INFO     | __main__:trim_audio_array:240 - Trimmed audio: 6.39s -> 4.55s (removed 1.83s)
2026-07-17 15:55:51.063 | INFO     | __main__:_speech_response_from_payload:756 - TTS completed: 48 chars, queue=0.00s, infer=8.00s, format: wav
2026-07-17 15:55:57.283 | INFO     | __main__:_extract_params:417 - Beam search requested (num_beams=3). Overriding do_sample=True to False for deterministic output.
2026-07-17 15:55:57.283 | INFO     | __main__:_normalize_for_deepspeed:377 - DeepSpeed parameter normalisation:
2026-07-17 15:55:57.284 | INFO     | __main__:_normalize_for_deepspeed:378 -   • num_beams: 3→1, do_sample: forced False (DeepSpeed fallback to greedy decoding for deterministic output)
2026-07-17 15:55:57.284 | INFO     | __main__:_normalize_for_deepspeed:378 -   • max_mel_tokens: 1700→880 (DeepSpeed KV cache limit)
2026-07-17 15:55:57.289 | INFO     | __main__:_register_audio_from_base64:322 - Dynamic voice cache hit: spk_6a086b4a
2026-07-17 15:56:11.335 | INFO     | __main__:trim_audio_array:240 - Trimmed audio: 9.90s -> 7.33s (removed 2.57s)
2026-07-17 15:56:11.336 | INFO     | __main__:_speech_response_from_payload:756 - TTS completed: 65 chars, queue=0.00s, infer=13.95s, format: wav
2026-07-17 15:56:15.548 | INFO     | __main__:_extract_params:417 - Beam search requested (num_beams=3). Overriding do_sample=True to False for deterministic output.
2026-07-17 15:56:15.549 | INFO     | __main__:_normalize_for_deepspeed:377 - DeepSpeed parameter normalisation:
2026-07-17 15:56:15.549 | INFO     | __main__:_normalize_for_deepspeed:378 -   • num_beams: 3→1, do_sample: forced False (DeepSpeed fallback to greedy decoding for deterministic output)
2026-07-17 15:56:15.550 | INFO     | __main__:_normalize_for_deepspeed:378 -   • max_mel_tokens: 1700→880 (DeepSpeed KV cache limit)
2026-07-17 15:56:15.587 | INFO     | __main__:_register_audio_from_base64:322 - Dynamic voice cache hit: spk_6a086b4a
2026-07-17 15:56:25.044 | INFO     | __main__:trim_audio_array:240 - Trimmed audio: 7.34s -> 5.27s (removed 2.07s)
2026-07-17 15:56:25.045 | INFO     | __main__:_speech_response_from_payload:756 - TTS completed: 49 chars, queue=0.00s, infer=9.40s, format: wav
2026-07-17 15:56:33.283 | INFO     | __main__:_extract_params:417 - Beam search requested (num_beams=3). Overriding do_sample=True to False for deterministic output.
2026-07-17 15:56:33.284 | INFO     | __main__:_normalize_for_deepspeed:377 - DeepSpeed parameter normalisation:
2026-07-17 15:56:33.284 | INFO     | __main__:_normalize_for_deepspeed:378 -   • num_beams: 3→1, do_sample: forced False (DeepSpeed fallback to greedy decoding for deterministic output)
2026-07-17 15:56:33.284 | INFO     | __main__:_normalize_for_deepspeed:378 -   • max_mel_tokens: 1700→880 (DeepSpeed KV cache limit)
2026-07-17 15:56:33.289 | INFO     | __main__:_register_audio_from_base64:322 - Dynamic voice cache hit: spk_6a086b4a
2026-07-17 15:56:41.005 | INFO     | __main__:trim_audio_array:240 - Trimmed audio: 6.11s -> 3.79s (removed 2.32s)
2026-07-17 15:56:41.006 | INFO     | __main__:_speech_response_from_payload:756 - TTS completed: 33 chars, queue=0.00s, infer=7.67s, format: wav
2026-07-17 15:56:51.581 | INFO     | __main__:_extract_params:417 - Beam search requested (num_beams=3). Overriding do_sample=True to False for deterministic output.
2026-07-17 15:56:51.582 | INFO     | __main__:_normalize_for_deepspeed:377 - DeepSpeed parameter normalisation:
2026-07-17 15:56:51.582 | INFO     | __main__:_normalize_for_deepspeed:378 -   • num_beams: 3→1, do_sample: forced False (DeepSpeed fallback to greedy decoding for deterministic output)
2026-07-17 15:56:51.582 | INFO     | __main__:_normalize_for_deepspeed:378 -   • max_mel_tokens: 1700→880 (DeepSpeed KV cache limit)
2026-07-17 15:56:51.587 | INFO     | __main__:_register_audio_from_base64:322 - Dynamic voice cache hit: spk_6a086b4a
2026-07-17 15:57:09.076 | INFO     | __main__:trim_audio_array:240 - Trimmed audio: 11.40s -> 9.15s (removed 2.25s)
2026-07-17 15:57:09.077 | INFO     | __main__:_speech_response_from_payload:756 - TTS completed: 84 chars, queue=0.00s, infer=17.39s, format: wav
2026-07-17 15:57:29.817 | INFO     | __main__:_extract_params:417 - Beam search requested (num_beams=3). Overriding do_sample=True to False for deterministic output.
2026-07-17 15:57:29.817 | INFO     | __main__:_normalize_for_deepspeed:377 - DeepSpeed parameter normalisation:
2026-07-17 15:57:29.818 | INFO     | __main__:_normalize_for_deepspeed:378 -   • num_beams: 3→1, do_sample: forced False (DeepSpeed fallback to greedy decoding for deterministic output)
2026-07-17 15:57:29.818 | INFO     | __main__:_normalize_for_deepspeed:378 -   • max_mel_tokens: 1700→880 (DeepSpeed KV cache limit)
2026-07-17 15:57:29.823 | INFO     | __main__:_register_audio_from_base64:322 - Dynamic voice cache hit: spk_6a086b4a
2026-07-17 15:57:38.905 | INFO     | __main__:trim_audio_array:240 - Trimmed audio: 7.06s -> 5.41s (removed 1.65s)
2026-07-17 15:57:38.906 | INFO     | __main__:_speech_response_from_payload:756 - TTS completed: 51 chars, queue=0.00s, infer=9.02s, format: wav
2026-07-17 15:57:42.335 | INFO     | __main__:_extract_params:417 - Beam search requested (num_beams=3). Overriding do_sample=True to False for deterministic output.
2026-07-17 15:57:42.335 | INFO     | __main__:_normalize_for_deepspeed:377 - DeepSpeed parameter normalisation:
2026-07-17 15:57:42.336 | INFO     | __main__:_normalize_for_deepspeed:378 -   • num_beams: 3→1, do_sample: forced False (DeepSpeed fallback to greedy decoding for deterministic output)
2026-07-17 15:57:42.336 | INFO     | __main__:_normalize_for_deepspeed:378 -   • max_mel_tokens: 1700→880 (DeepSpeed KV cache limit)
2026-07-17 15:57:42.339 | INFO     | __main__:_register_audio_from_base64:322 - Dynamic voice cache hit: spk_6a086b4a
2026-07-17 15:57:52.891 | INFO     | __main__:trim_audio_array:240 - Trimmed audio: 7.94s -> 5.92s (removed 2.02s)
2026-07-17 15:57:52.892 | INFO     | __main__:_speech_response_from_payload:756 - TTS completed: 68 chars, queue=0.00s, infer=10.44s, format: wav
2026-07-17 15:58:13.104 | INFO     | __main__:_extract_params:417 - Beam search requested (num_beams=3). Overriding do_sample=True to False for deterministic output.
2026-07-17 15:58:13.104 | INFO     | __main__:_normalize_for_deepspeed:377 - DeepSpeed parameter normalisation:
2026-07-17 15:58:13.105 | INFO     | __main__:_normalize_for_deepspeed:378 -   • num_beams: 3→1, do_sample: forced False (DeepSpeed fallback to greedy decoding for deterministic output)
2026-07-17 15:58:13.105 | INFO     | __main__:_normalize_for_deepspeed:378 -   • max_mel_tokens: 1700→880 (DeepSpeed KV cache limit)
2026-07-17 15:58:13.110 | INFO     | __main__:_register_audio_from_base64:322 - Dynamic voice cache hit: spk_6a086b4a
2026-07-17 15:58:22.428 | INFO     | __main__:trim_audio_array:240 - Trimmed audio: 7.34s -> 3.49s (removed 3.85s)
2026-07-17 15:58:22.429 | INFO     | __main__:_speech_response_from_payload:756 - TTS completed: 30 chars, queue=0.00s, infer=9.28s, format: wav
2026-07-17 15:58:31.129 | INFO     | __main__:_extract_params:417 - Beam search requested (num_beams=3). Overriding do_sample=True to False for deterministic output.
2026-07-17 15:58:31.129 | INFO     | __main__:_normalize_for_deepspeed:377 - DeepSpeed parameter normalisation:
2026-07-17 15:58:31.129 | INFO     | __main__:_normalize_for_deepspeed:378 -   • num_beams: 3→1, do_sample: forced False (DeepSpeed fallback to greedy decoding for deterministic output)
2026-07-17 15:58:31.130 | INFO     | __main__:_normalize_for_deepspeed:378 -   • max_mel_tokens: 1700→880 (DeepSpeed KV cache limit)
2026-07-17 15:58:31.133 | INFO     | __main__:_register_audio_from_base64:322 - Dynamic voice cache hit: spk_6a086b4a
2026-07-17 15:58:45.475 | INFO     | __main__:trim_audio_array:240 - Trimmed audio: 9.88s -> 7.85s (removed 2.03s)
2026-07-17 15:58:45.476 | INFO     | __main__:_speech_response_from_payload:756 - TTS completed: 67 chars, queue=0.00s, infer=14.26s, format: wav
2026-07-17 15:58:50.872 | INFO     | __main__:_extract_params:417 - Beam search requested (num_beams=3). Overriding do_sample=True to False for deterministic output.
2026-07-17 15:58:50.873 | INFO     | __main__:_normalize_for_deepspeed:377 - DeepSpeed parameter normalisation:
2026-07-17 15:58:50.873 | INFO     | __main__:_normalize_for_deepspeed:378 -   • num_beams: 3→1, do_sample: forced False (DeepSpeed fallback to greedy decoding for deterministic output)
2026-07-17 15:58:50.873 | INFO     | __main__:_normalize_for_deepspeed:378 -   • max_mel_tokens: 1700→880 (DeepSpeed KV cache limit)
2026-07-17 15:58:50.876 | INFO     | __main__:_register_audio_from_base64:322 - Dynamic voice cache hit: spk_6a086b4a
2026-07-17 15:59:02.412 | INFO     | __main__:trim_audio_array:240 - Trimmed audio: 8.72s -> 4.88s (removed 3.84s)
2026-07-17 15:59:02.413 | INFO     | __main__:_speech_response_from_payload:756 - TTS completed: 39 chars, queue=0.00s, infer=11.47s, format: wav
2026-07-17 15:59:21.160 | INFO     | __main__:_extract_params:417 - Beam search requested (num_beams=3). Overriding do_sample=True to False for deterministic output.
2026-07-17 15:59:21.161 | INFO     | __main__:_normalize_for_deepspeed:377 - DeepSpeed parameter normalisation:
2026-07-17 15:59:21.161 | INFO     | __main__:_normalize_for_deepspeed:378 -   • num_beams: 3→1, do_sample: forced False (DeepSpeed fallback to greedy decoding for deterministic output)
2026-07-17 15:59:21.162 | INFO     | __main__:_normalize_for_deepspeed:378 -   • max_mel_tokens: 1700→880 (DeepSpeed KV cache limit)
2026-07-17 15:59:21.167 | INFO     | __main__:_register_audio_from_base64:322 - Dynamic voice cache hit: spk_6a086b4a
2026-07-17 15:59:35.401 | INFO     | __main__:trim_audio_array:240 - Trimmed audio: 9.96s -> 9.45s (removed 0.51s)
2026-07-17 15:59:35.403 | INFO     | __main__:_speech_response_from_payload:756 - TTS completed: 74 chars, queue=0.00s, infer=14.14s, format: wav
2026-07-17 15:59:39.369 | INFO     | __main__:_extract_params:417 - Beam search requested (num_beams=3). Overriding do_sample=True to False for deterministic output.
2026-07-17 15:59:39.369 | INFO     | __main__:_normalize_for_deepspeed:377 - DeepSpeed parameter normalisation:
2026-07-17 15:59:39.369 | INFO     | __main__:_normalize_for_deepspeed:378 -   • num_beams: 3→1, do_sample: forced False (DeepSpeed fallback to greedy decoding for deterministic output)
2026-07-17 15:59:39.369 | INFO     | __main__:_normalize_for_deepspeed:378 -   • max_mel_tokens: 1700→880 (DeepSpeed KV cache limit)
2026-07-17 15:59:39.386 | INFO     | __main__:_register_audio_from_base64:322 - Dynamic voice cache hit: spk_6a086b4a
2026-07-17 15:59:50.796 | INFO     | __main__:trim_audio_array:240 - Trimmed audio: 8.54s -> 6.66s (removed 1.88s)
2026-07-17 15:59:50.797 | INFO     | __main__:_speech_response_from_payload:756 - TTS completed: 51 chars, queue=0.00s, infer=11.34s, format: wav
2026-07-17 15:59:58.941 | INFO     | __main__:_extract_params:417 - Beam search requested (num_beams=3). Overriding do_sample=True to False for deterministic output.
2026-07-17 15:59:58.941 | INFO     | __main__:_normalize_for_deepspeed:377 - DeepSpeed parameter normalisation:
2026-07-17 15:59:58.941 | INFO     | __main__:_normalize_for_deepspeed:378 -   • num_beams: 3→1, do_sample: forced False (DeepSpeed fallback to greedy decoding for deterministic output)
2026-07-17 15:59:58.942 | INFO     | __main__:_normalize_for_deepspeed:378 -   • max_mel_tokens: 1700→880 (DeepSpeed KV cache limit)
2026-07-17 15:59:58.945 | INFO     | __main__:_register_audio_from_base64:322 - Dynamic voice cache hit: spk_6a086b4a
2026-07-17 16:00:10.365 | INFO     | __main__:trim_audio_array:240 - Trimmed audio: 8.46s -> 7.33s (removed 1.13s)
2026-07-17 16:00:10.366 | INFO     | __main__:_speech_response_from_payload:756 - TTS completed: 51 chars, queue=0.00s, infer=11.34s, format: wav
2026-07-17 16:00:32.653 | INFO     | __main__:_extract_params:417 - Beam search requested (num_beams=3). Overriding do_sample=True to False for deterministic output.
2026-07-17 16:00:32.653 | INFO     | __main__:_normalize_for_deepspeed:377 - DeepSpeed parameter normalisation:
2026-07-17 16:00:32.653 | INFO     | __main__:_normalize_for_deepspeed:378 -   • num_beams: 3→1, do_sample: forced False (DeepSpeed fallback to greedy decoding for deterministic output)
2026-07-17 16:00:32.653 | INFO     | __main__:_normalize_for_deepspeed:378 -   • max_mel_tokens: 1700→880 (DeepSpeed KV cache limit)
2026-07-17 16:00:32.684 | INFO     | __main__:_register_audio_from_base64:322 - Dynamic voice cache hit: spk_6a086b4a
2026-07-17 16:00:40.552 | INFO     | __main__:trim_audio_array:240 - Trimmed audio: 6.25s -> 3.81s (removed 2.44s)
2026-07-17 16:00:40.553 | INFO     | __main__:_speech_response_from_payload:756 - TTS completed: 37 chars, queue=0.00s, infer=7.82s, format: wav
2026-07-17 16:00:47.994 | INFO     | __main__:_extract_params:417 - Beam search requested (num_beams=3). Overriding do_sample=True to False for deterministic output.
2026-07-17 16:00:47.995 | INFO     | __main__:_normalize_for_deepspeed:377 - DeepSpeed parameter normalisation:
2026-07-17 16:00:47.995 | INFO     | __main__:_normalize_for_deepspeed:378 -   • num_beams: 3→1, do_sample: forced False (DeepSpeed fallback to greedy decoding for deterministic output)
2026-07-17 16:00:47.995 | INFO     | __main__:_normalize_for_deepspeed:378 -   • max_mel_tokens: 1700→880 (DeepSpeed KV cache limit)
2026-07-17 16:00:47.999 | INFO     | __main__:_register_audio_from_base64:322 - Dynamic voice cache hit: spk_6a086b4a
2026-07-17 16:00:59.373 | INFO     | __main__:trim_audio_array:240 - Trimmed audio: 8.56s -> 6.73s (removed 1.82s)
2026-07-17 16:00:59.374 | INFO     | __main__:_speech_response_from_payload:756 - TTS completed: 56 chars, queue=0.00s, infer=11.31s, format: wav
2026-07-17 16:01:04.701 | INFO     | __main__:_extract_params:417 - Beam search requested (num_beams=3). Overriding do_sample=True to False for deterministic output.
2026-07-17 16:01:04.701 | INFO     | __main__:_normalize_for_deepspeed:377 - DeepSpeed parameter normalisation:
2026-07-17 16:01:04.702 | INFO     | __main__:_normalize_for_deepspeed:378 -   • num_beams: 3→1, do_sample: forced False (DeepSpeed fallback to greedy decoding for deterministic output)
2026-07-17 16:01:04.702 | INFO     | __main__:_normalize_for_deepspeed:378 -   • max_mel_tokens: 1700→880 (DeepSpeed KV cache limit)
2026-07-17 16:01:04.705 | INFO     | __main__:_register_audio_from_base64:322 - Dynamic voice cache hit: spk_6a086b4a
2026-07-17 16:01:15.789 | INFO     | __main__:trim_audio_array:240 - Trimmed audio: 8.32s -> 6.04s (removed 2.29s)
2026-07-17 16:01:15.790 | INFO     | __main__:_speech_response_from_payload:756 - TTS completed: 52 chars, queue=0.00s, infer=11.02s, format: wav
2026-07-17 16:01:21.580 | INFO     | __main__:_extract_params:417 - Beam search requested (num_beams=3). Overriding do_sample=True to False for deterministic output.
2026-07-17 16:01:21.581 | INFO     | __main__:_normalize_for_deepspeed:377 - DeepSpeed parameter normalisation:
2026-07-17 16:01:21.581 | INFO     | __main__:_normalize_for_deepspeed:378 -   • num_beams: 3→1, do_sample: forced False (DeepSpeed fallback to greedy decoding for deterministic output)
2026-07-17 16:01:21.582 | INFO     | __main__:_normalize_for_deepspeed:378 -   • max_mel_tokens: 1700→880 (DeepSpeed KV cache limit)
2026-07-17 16:01:21.585 | INFO     | __main__:_register_audio_from_base64:322 - Dynamic voice cache hit: spk_6a086b4a
2026-07-17 16:01:31.254 | INFO     | __main__:trim_audio_array:240 - Trimmed audio: 7.38s -> 5.61s (removed 1.77s)
2026-07-17 16:01:31.255 | INFO     | __main__:_speech_response_from_payload:756 - TTS completed: 46 chars, queue=0.00s, infer=9.60s, format: wav
2026-07-17 16:01:48.930 | INFO     | __main__:_extract_params:417 - Beam search requested (num_beams=3). Overriding do_sample=True to False for deterministic output.
2026-07-17 16:01:48.931 | INFO     | __main__:_normalize_for_deepspeed:377 - DeepSpeed parameter normalisation:
2026-07-17 16:01:48.931 | INFO     | __main__:_normalize_for_deepspeed:378 -   • num_beams: 3→1, do_sample: forced False (DeepSpeed fallback to greedy decoding for deterministic output)
2026-07-17 16:01:48.931 | INFO     | __main__:_normalize_for_deepspeed:378 -   • max_mel_tokens: 1700→880 (DeepSpeed KV cache limit)
2026-07-17 16:01:48.936 | INFO     | __main__:_register_audio_from_base64:322 - Dynamic voice cache hit: spk_6a086b4a
2026-07-17 16:02:26.663 | INFO     | __main__:trim_audio_array:240 - Trimmed audio: 17.57s -> 16.49s (removed 1.08s)
2026-07-17 16:02:26.665 | INFO     | __main__:_speech_response_from_payload:756 - TTS completed: 151 chars, queue=0.00s, infer=37.57s, format: wav
2026-07-17 16:02:42.120 | INFO     | __main__:_extract_params:417 - Beam search requested (num_beams=3). Overriding do_sample=True to False for deterministic output.
2026-07-17 16:02:42.120 | INFO     | __main__:_normalize_for_deepspeed:377 - DeepSpeed parameter normalisation:
2026-07-17 16:02:42.121 | INFO     | __main__:_normalize_for_deepspeed:378 -   • num_beams: 3→1, do_sample: forced False (DeepSpeed fallback to greedy decoding for deterministic output)
2026-07-17 16:02:42.121 | INFO     | __main__:_normalize_for_deepspeed:378 -   • max_mel_tokens: 1700→880 (DeepSpeed KV cache limit)
2026-07-17 16:02:42.124 | INFO     | __main__:_register_audio_from_base64:322 - Dynamic voice cache hit: spk_6a086b4a
2026-07-17 16:02:56.975 | INFO     | __main__:trim_audio_array:240 - Trimmed audio: 10.22s -> 8.03s (removed 2.18s)
2026-07-17 16:02:56.976 | INFO     | __main__:_speech_response_from_payload:756 - TTS completed: 72 chars, queue=0.00s, infer=14.77s, format: wav
2026-07-17 16:03:00.573 | INFO     | __main__:_extract_params:417 - Beam search requested (num_beams=3). Overriding do_sample=True to False for deterministic output.
2026-07-17 16:03:00.574 | INFO     | __main__:_normalize_for_deepspeed:377 - DeepSpeed parameter normalisation:
2026-07-17 16:03:00.574 | INFO     | __main__:_normalize_for_deepspeed:378 -   • num_beams: 3→1, do_sample: forced False (DeepSpeed fallback to greedy decoding for deterministic output)
2026-07-17 16:03:00.575 | INFO     | __main__:_normalize_for_deepspeed:378 -   • max_mel_tokens: 1700→880 (DeepSpeed KV cache limit)
2026-07-17 16:03:00.585 | INFO     | __main__:_register_audio_from_base64:322 - Dynamic voice cache hit: spk_6a086b4a
2026-07-17 16:03:07.537 | INFO     | __main__:trim_audio_array:240 - Trimmed audio: 5.49s -> 4.19s (removed 1.30s)
2026-07-17 16:03:07.537 | INFO     | __main__:_speech_response_from_payload:756 - TTS completed: 36 chars, queue=0.00s, infer=6.91s, format: wav
2026-07-17 16:03:10.905 | INFO     | __main__:_extract_params:417 - Beam search requested (num_beams=3). Overriding do_sample=True to False for deterministic output.
2026-07-17 16:03:10.906 | INFO     | __main__:_normalize_for_deepspeed:377 - DeepSpeed parameter normalisation:
2026-07-17 16:03:10.906 | INFO     | __main__:_normalize_for_deepspeed:378 -   • num_beams: 3→1, do_sample: forced False (DeepSpeed fallback to greedy decoding for deterministic output)
2026-07-17 16:03:10.906 | INFO     | __main__:_normalize_for_deepspeed:378 -   • max_mel_tokens: 1700→880 (DeepSpeed KV cache limit)
2026-07-17 16:03:10.911 | INFO     | __main__:_register_audio_from_base64:322 - Dynamic voice cache hit: spk_6a086b4a
2026-07-17 16:03:27.583 | INFO     | __main__:trim_audio_array:240 - Trimmed audio: 10.91s -> 8.57s (removed 2.35s)
2026-07-17 16:03:27.584 | INFO     | __main__:_speech_response_from_payload:756 - TTS completed: 91 chars, queue=0.00s, infer=16.59s, format: wav
2026-07-17 16:03:42.244 | INFO     | __main__:_extract_params:417 - Beam search requested (num_beams=3). Overriding do_sample=True to False for deterministic output.
2026-07-17 16:03:42.244 | INFO     | __main__:_normalize_for_deepspeed:377 - DeepSpeed parameter normalisation:
2026-07-17 16:03:42.245 | INFO     | __main__:_normalize_for_deepspeed:378 -   • num_beams: 3→1, do_sample: forced False (DeepSpeed fallback to greedy decoding for deterministic output)
2026-07-17 16:03:42.245 | INFO     | __main__:_normalize_for_deepspeed:378 -   • max_mel_tokens: 1700→880 (DeepSpeed KV cache limit)
2026-07-17 16:03:42.250 | INFO     | __main__:_register_audio_from_base64:322 - Dynamic voice cache hit: spk_6a086b4a
2026-07-17 16:03:55.811 | INFO     | __main__:trim_audio_array:240 - Trimmed audio: 9.68s -> 7.06s (removed 2.62s)
2026-07-17 16:03:55.812 | INFO     | __main__:_speech_response_from_payload:756 - TTS completed: 41 chars, queue=0.00s, infer=13.48s, format: wav
2026-07-17 16:04:14.278 | INFO     | __main__:_extract_params:417 - Beam search requested (num_beams=3). Overriding do_sample=True to False for deterministic output.
2026-07-17 16:04:14.279 | INFO     | __main__:_normalize_for_deepspeed:377 - DeepSpeed parameter normalisation:
2026-07-17 16:04:14.279 | INFO     | __main__:_normalize_for_deepspeed:378 -   • num_beams: 3→1, do_sample: forced False (DeepSpeed fallback to greedy decoding for deterministic output)
2026-07-17 16:04:14.279 | INFO     | __main__:_normalize_for_deepspeed:378 -   • max_mel_tokens: 1700→880 (DeepSpeed KV cache limit)
2026-07-17 16:04:14.285 | INFO     | __main__:_register_audio_from_base64:322 - Dynamic voice cache hit: spk_6a086b4a
2026-07-17 16:04:25.085 | INFO     | __main__:trim_audio_array:240 - Trimmed audio: 8.14s -> 4.81s (removed 3.33s)
2026-07-17 16:04:25.086 | INFO     | __main__:_speech_response_from_payload:756 - TTS completed: 47 chars, queue=0.00s, infer=10.74s, format: wav
2026-07-17 16:04:29.263 | INFO     | __main__:_extract_params:417 - Beam search requested (num_beams=3). Overriding do_sample=True to False for deterministic output.
2026-07-17 16:04:29.263 | INFO     | __main__:_normalize_for_deepspeed:377 - DeepSpeed parameter normalisation:
2026-07-17 16:04:29.264 | INFO     | __main__:_normalize_for_deepspeed:378 -   • num_beams: 3→1, do_sample: forced False (DeepSpeed fallback to greedy decoding for deterministic output)
2026-07-17 16:04:29.264 | INFO     | __main__:_normalize_for_deepspeed:378 -   • max_mel_tokens: 1700→880 (DeepSpeed KV cache limit)
2026-07-17 16:04:29.284 | INFO     | __main__:_register_audio_from_base64:322 - Dynamic voice cache hit: spk_6a086b4a
2026-07-17 16:04:44.477 | INFO     | __main__:trim_audio_array:240 - Trimmed audio: 10.32s -> 7.45s (removed 2.87s)
2026-07-17 16:04:44.478 | INFO     | __main__:_speech_response_from_payload:756 - TTS completed: 70 chars, queue=0.00s, infer=15.11s, format: wav
2026-07-17 16:04:58.588 | INFO     | __main__:_extract_params:417 - Beam search requested (num_beams=3). Overriding do_sample=True to False for deterministic output.
2026-07-17 16:04:58.589 | INFO     | __main__:_normalize_for_deepspeed:377 - DeepSpeed parameter normalisation:
2026-07-17 16:04:58.589 | INFO     | __main__:_normalize_for_deepspeed:378 -   • num_beams: 3→1, do_sample: forced False (DeepSpeed fallback to greedy decoding for deterministic output)
2026-07-17 16:04:58.589 | INFO     | __main__:_normalize_for_deepspeed:378 -   • max_mel_tokens: 1700→880 (DeepSpeed KV cache limit)
2026-07-17 16:04:58.593 | INFO     | __main__:_register_audio_from_base64:322 - Dynamic voice cache hit: spk_6a086b4a
2026-07-17 16:05:18.329 | INFO     | __main__:trim_audio_array:240 - Trimmed audio: 12.18s -> 10.12s (removed 2.05s)
2026-07-17 16:05:18.330 | INFO     | __main__:_speech_response_from_payload:756 - TTS completed: 91 chars, queue=0.00s, infer=19.64s, format: wav
2026-07-17 16:05:49.402 | INFO     | __main__:_extract_params:417 - Beam search requested (num_beams=3). Overriding do_sample=True to False for deterministic output.
2026-07-17 16:05:49.402 | INFO     | __main__:_normalize_for_deepspeed:377 - DeepSpeed parameter normalisation:
2026-07-17 16:05:49.403 | INFO     | __main__:_normalize_for_deepspeed:378 -   • num_beams: 3→1, do_sample: forced False (DeepSpeed fallback to greedy decoding for deterministic output)
2026-07-17 16:05:49.403 | INFO     | __main__:_normalize_for_deepspeed:378 -   • max_mel_tokens: 1700→880 (DeepSpeed KV cache limit)
2026-07-17 16:05:49.408 | INFO     | __main__:_register_audio_from_base64:322 - Dynamic voice cache hit: spk_6a086b4a
2026-07-17 16:05:59.045 | INFO     | __main__:trim_audio_array:240 - Trimmed audio: 7.44s -> 4.85s (removed 2.59s)
2026-07-17 16:05:59.047 | INFO     | __main__:_speech_response_from_payload:756 - TTS completed: 50 chars, queue=0.00s, infer=9.58s, format: wav
2026-07-17 16:06:02.669 | INFO     | __main__:_extract_params:417 - Beam search requested (num_beams=3). Overriding do_sample=True to False for deterministic output.
2026-07-17 16:06:02.669 | INFO     | __main__:_normalize_for_deepspeed:377 - DeepSpeed parameter normalisation:
2026-07-17 16:06:02.669 | INFO     | __main__:_normalize_for_deepspeed:378 -   • num_beams: 3→1, do_sample: forced False (DeepSpeed fallback to greedy decoding for deterministic output)
2026-07-17 16:06:02.669 | INFO     | __main__:_normalize_for_deepspeed:378 -   • max_mel_tokens: 1700→880 (DeepSpeed KV cache limit)
2026-07-17 16:06:02.684 | INFO     | __main__:_register_audio_from_base64:322 - Dynamic voice cache hit: spk_6a086b4a
2026-07-17 16:06:16.358 | INFO     | __main__:trim_audio_array:240 - Trimmed audio: 9.64s -> 6.53s (removed 3.10s)
2026-07-17 16:06:16.359 | INFO     | __main__:_speech_response_from_payload:756 - TTS completed: 54 chars, queue=0.00s, infer=13.61s, format: wav
2026-07-17 16:06:48.186 | INFO     | __main__:_extract_params:417 - Beam search requested (num_beams=3). Overriding do_sample=True to False for deterministic output.
2026-07-17 16:06:48.186 | INFO     | __main__:_normalize_for_deepspeed:377 - DeepSpeed parameter normalisation:
2026-07-17 16:06:48.186 | INFO     | __main__:_normalize_for_deepspeed:378 -   • num_beams: 3→1, do_sample: forced False (DeepSpeed fallback to greedy decoding for deterministic output)
2026-07-17 16:06:48.187 | INFO     | __main__:_normalize_for_deepspeed:378 -   • max_mel_tokens: 1700→880 (DeepSpeed KV cache limit)
2026-07-17 16:06:48.192 | INFO     | __main__:_register_audio_from_base64:322 - Dynamic voice cache hit: spk_6a086b4a
2026-07-17 16:07:18.312 | INFO     | __main__:trim_audio_array:240 - Trimmed audio: 15.65s -> 14.23s (removed 1.42s)
2026-07-17 16:07:18.314 | INFO     | __main__:_speech_response_from_payload:756 - TTS completed: 106 chars, queue=0.00s, infer=29.98s, format: wav
2026-07-17 16:07:46.664 | INFO     | __main__:_extract_params:417 - Beam search requested (num_beams=3). Overriding do_sample=True to False for deterministic output.
2026-07-17 16:07:46.665 | INFO     | __main__:_normalize_for_deepspeed:377 - DeepSpeed parameter normalisation:
2026-07-17 16:07:46.665 | INFO     | __main__:_normalize_for_deepspeed:378 -   • num_beams: 3→1, do_sample: forced False (DeepSpeed fallback to greedy decoding for deterministic output)
2026-07-17 16:07:46.666 | INFO     | __main__:_normalize_for_deepspeed:378 -   • max_mel_tokens: 1700→880 (DeepSpeed KV cache limit)
2026-07-17 16:07:46.669 | INFO     | __main__:_register_audio_from_base64:322 - Dynamic voice cache hit: spk_6a086b4a
2026-07-17 16:08:25.114 | INFO     | __main__:trim_audio_array:240 - Trimmed audio: 17.57s -> 17.11s (removed 0.45s)
2026-07-17 16:08:25.115 | INFO     | __main__:_speech_response_from_payload:756 - TTS completed: 152 chars, queue=0.00s, infer=38.29s, format: wav
2026-07-17 16:08:31.101 | INFO     | __main__:_extract_params:417 - Beam search requested (num_beams=3). Overriding do_sample=True to False for deterministic output.
2026-07-17 16:08:31.101 | INFO     | __main__:_normalize_for_deepspeed:377 - DeepSpeed parameter normalisation:
2026-07-17 16:08:31.102 | INFO     | __main__:_normalize_for_deepspeed:378 -   • num_beams: 3→1, do_sample: forced False (DeepSpeed fallback to greedy decoding for deterministic output)
2026-07-17 16:08:31.102 | INFO     | __main__:_normalize_for_deepspeed:378 -   • max_mel_tokens: 1700→880 (DeepSpeed KV cache limit)
2026-07-17 16:08:31.107 | INFO     | __main__:_register_audio_from_base64:322 - Dynamic voice cache hit: spk_6a086b4a
2026-07-17 16:08:38.835 | INFO     | __main__:trim_audio_array:240 - Trimmed audio: 6.11s -> 4.09s (removed 2.02s)
2026-07-17 16:08:38.836 | INFO     | __main__:_speech_response_from_payload:756 - TTS completed: 41 chars, queue=0.00s, infer=7.68s, format: wav
2026-07-17 16:09:22.380 | INFO     | __main__:_extract_params:417 - Beam search requested (num_beams=3). Overriding do_sample=True to False for deterministic output.
2026-07-17 16:09:22.381 | INFO     | __main__:_normalize_for_deepspeed:377 - DeepSpeed parameter normalisation:
2026-07-17 16:09:22.381 | INFO     | __main__:_normalize_for_deepspeed:378 -   • num_beams: 3→1, do_sample: forced False (DeepSpeed fallback to greedy decoding for deterministic output)
2026-07-17 16:09:22.381 | INFO     | __main__:_normalize_for_deepspeed:378 -   • max_mel_tokens: 1700→880 (DeepSpeed KV cache limit)
2026-07-17 16:09:22.385 | INFO     | __main__:_register_audio_from_base64:322 - Dynamic voice cache hit: spk_6a086b4a
2026-07-17 16:10:00.049 | INFO     | __main__:trim_audio_array:240 - Trimmed audio: 17.57s -> 14.84s (removed 2.72s)
2026-07-17 16:10:00.050 | INFO     | __main__:_speech_response_from_payload:756 - TTS completed: 127 chars, queue=0.00s, infer=37.51s, format: wav
2026-07-17 16:10:51.737 | INFO     | __main__:_extract_params:417 - Beam search requested (num_beams=3). Overriding do_sample=True to False for deterministic output.
2026-07-17 16:10:51.738 | INFO     | __main__:_normalize_for_deepspeed:377 - DeepSpeed parameter normalisation:
2026-07-17 16:10:51.738 | INFO     | __main__:_normalize_for_deepspeed:378 -   • num_beams: 3→1, do_sample: forced False (DeepSpeed fallback to greedy decoding for deterministic output)
2026-07-17 16:10:51.738 | INFO     | __main__:_normalize_for_deepspeed:378 -   • max_mel_tokens: 1700→880 (DeepSpeed KV cache limit)
2026-07-17 16:10:51.743 | INFO     | __main__:_register_audio_from_base64:322 - Dynamic voice cache hit: spk_6a086b4a
2026-07-17 16:11:07.272 | INFO     | __main__:trim_audio_array:240 - Trimmed audio: 10.77s -> 7.59s (removed 3.18s)
2026-07-17 16:11:07.273 | INFO     | __main__:_speech_response_from_payload:756 - TTS completed: 51 chars, queue=0.00s, infer=15.45s, format: wav
2026-07-17 16:11:11.519 | INFO     | __main__:_extract_params:417 - Beam search requested (num_beams=3). Overriding do_sample=True to False for deterministic output.
2026-07-17 16:11:11.519 | INFO     | __main__:_normalize_for_deepspeed:377 - DeepSpeed parameter normalisation:
2026-07-17 16:11:11.520 | INFO     | __main__:_normalize_for_deepspeed:378 -   • num_beams: 3→1, do_sample: forced False (DeepSpeed fallback to greedy decoding for deterministic output)
2026-07-17 16:11:11.520 | INFO     | __main__:_normalize_for_deepspeed:378 -   • max_mel_tokens: 1700→880 (DeepSpeed KV cache limit)
2026-07-17 16:11:11.525 | INFO     | __main__:_register_audio_from_base64:322 - Dynamic voice cache hit: spk_6a086b4a
2026-07-17 16:11:22.562 | INFO     | __main__:trim_audio_array:240 - Trimmed audio: 8.20s -> 7.07s (removed 1.13s)
2026-07-17 16:11:22.563 | INFO     | __main__:_speech_response_from_payload:756 - TTS completed: 65 chars, queue=0.00s, infer=10.97s, format: wav
2026-07-17 16:11:26.375 | INFO     | __main__:_extract_params:417 - Beam search requested (num_beams=3). Overriding do_sample=True to False for deterministic output.
2026-07-17 16:11:26.375 | INFO     | __main__:_normalize_for_deepspeed:377 - DeepSpeed parameter normalisation:
2026-07-17 16:11:26.375 | INFO     | __main__:_normalize_for_deepspeed:378 -   • num_beams: 3→1, do_sample: forced False (DeepSpeed fallback to greedy decoding for deterministic output)
2026-07-17 16:11:26.375 | INFO     | __main__:_normalize_for_deepspeed:378 -   • max_mel_tokens: 1700→880 (DeepSpeed KV cache limit)
2026-07-17 16:11:26.386 | INFO     | __main__:_register_audio_from_base64:322 - Dynamic voice cache hit: spk_6a086b4a
2026-07-17 16:11:37.089 | INFO     | __main__:trim_audio_array:240 - Trimmed audio: 8.10s -> 5.29s (removed 2.81s)
2026-07-17 16:11:37.090 | INFO     | __main__:_speech_response_from_payload:756 - TTS completed: 59 chars, queue=0.00s, infer=10.64s, format: wav
2026-07-17 16:11:45.723 | INFO     | __main__:_extract_params:417 - Beam search requested (num_beams=3). Overriding do_sample=True to False for deterministic output.
2026-07-17 16:11:45.723 | INFO     | __main__:_normalize_for_deepspeed:377 - DeepSpeed parameter normalisation:
2026-07-17 16:11:45.724 | INFO     | __main__:_normalize_for_deepspeed:378 -   • num_beams: 3→1, do_sample: forced False (DeepSpeed fallback to greedy decoding for deterministic output)
2026-07-17 16:11:45.724 | INFO     | __main__:_normalize_for_deepspeed:378 -   • max_mel_tokens: 1700→880 (DeepSpeed KV cache limit)
2026-07-17 16:11:45.727 | INFO     | __main__:_register_audio_from_base64:322 - Dynamic voice cache hit: spk_6a086b4a
2026-07-17 16:11:53.250 | INFO     | __main__:trim_audio_array:240 - Trimmed audio: 5.94s -> 3.87s (removed 2.08s)
2026-07-17 16:11:53.251 | INFO     | __main__:_speech_response_from_payload:756 - TTS completed: 41 chars, queue=0.00s, infer=7.47s, format: wav
2026-07-17 16:11:57.088 | INFO     | __main__:_extract_params:417 - Beam search requested (num_beams=3). Overriding do_sample=True to False for deterministic output.
2026-07-17 16:11:57.088 | INFO     | __main__:_normalize_for_deepspeed:377 - DeepSpeed parameter normalisation:
2026-07-17 16:11:57.088 | INFO     | __main__:_normalize_for_deepspeed:378 -   • num_beams: 3→1, do_sample: forced False (DeepSpeed fallback to greedy decoding for deterministic output)
2026-07-17 16:11:57.089 | INFO     | __main__:_normalize_for_deepspeed:378 -   • max_mel_tokens: 1700→880 (DeepSpeed KV cache limit)
2026-07-17 16:11:57.094 | INFO     | __main__:_register_audio_from_base64:322 - Dynamic voice cache hit: spk_6a086b4a
2026-07-17 16:12:06.242 | INFO     | __main__:trim_audio_array:240 - Trimmed audio: 7.08s -> 4.71s (removed 2.37s)
2026-07-17 16:12:06.243 | INFO     | __main__:_speech_response_from_payload:756 - TTS completed: 48 chars, queue=0.00s, infer=9.09s, format: wav
2026-07-17 16:12:09.701 | INFO     | __main__:_extract_params:417 - Beam search requested (num_beams=3). Overriding do_sample=True to False for deterministic output.
2026-07-17 16:12:09.702 | INFO     | __main__:_normalize_for_deepspeed:377 - DeepSpeed parameter normalisation:
2026-07-17 16:12:09.702 | INFO     | __main__:_normalize_for_deepspeed:378 -   • num_beams: 3→1, do_sample: forced False (DeepSpeed fallback to greedy decoding for deterministic output)
2026-07-17 16:12:09.702 | INFO     | __main__:_normalize_for_deepspeed:378 -   • max_mel_tokens: 1700→880 (DeepSpeed KV cache limit)
2026-07-17 16:12:09.705 | INFO     | __main__:_register_audio_from_base64:322 - Dynamic voice cache hit: spk_6a086b4a
2026-07-17 16:12:21.256 | INFO     | __main__:trim_audio_array:240 - Trimmed audio: 8.52s -> 6.36s (removed 2.16s)
2026-07-17 16:12:21.257 | INFO     | __main__:_speech_response_from_payload:756 - TTS completed: 58 chars, queue=0.00s, infer=11.48s, format: wav
2026-07-17 16:12:33.023 | INFO     | __main__:_extract_params:417 - Beam search requested (num_beams=3). Overriding do_sample=True to False for deterministic output.
2026-07-17 16:12:33.023 | INFO     | __main__:_normalize_for_deepspeed:377 - DeepSpeed parameter normalisation:
2026-07-17 16:12:33.024 | INFO     | __main__:_normalize_for_deepspeed:378 -   • num_beams: 3→1, do_sample: forced False (DeepSpeed fallback to greedy decoding for deterministic output)
2026-07-17 16:12:33.024 | INFO     | __main__:_normalize_for_deepspeed:378 -   • max_mel_tokens: 1700→880 (DeepSpeed KV cache limit)
2026-07-17 16:12:33.029 | INFO     | __main__:_register_audio_from_base64:322 - Dynamic voice cache hit: spk_6a086b4a
2026-07-17 16:12:42.524 | INFO     | __main__:trim_audio_array:240 - Trimmed audio: 7.19s -> 5.18s (removed 2.01s)
2026-07-17 16:12:42.525 | INFO     | __main__:_speech_response_from_payload:756 - TTS completed: 53 chars, queue=0.00s, infer=9.38s, format: wav
2026-07-17 16:13:04.839 | INFO     | __main__:_extract_params:417 - Beam search requested (num_beams=3). Overriding do_sample=True to False for deterministic output.
2026-07-17 16:13:04.840 | INFO     | __main__:_normalize_for_deepspeed:377 - DeepSpeed parameter normalisation:
2026-07-17 16:13:04.840 | INFO     | __main__:_normalize_for_deepspeed:378 -   • num_beams: 3→1, do_sample: forced False (DeepSpeed fallback to greedy decoding for deterministic output)
2026-07-17 16:13:04.840 | INFO     | __main__:_normalize_for_deepspeed:378 -   • max_mel_tokens: 1700→880 (DeepSpeed KV cache limit)
2026-07-17 16:13:04.844 | INFO     | __main__:_register_audio_from_base64:322 - Dynamic voice cache hit: spk_6a086b4a
2026-07-17 16:13:20.497 | INFO     | __main__:trim_audio_array:240 - Trimmed audio: 10.74s -> 8.59s (removed 2.15s)
2026-07-17 16:13:20.499 | INFO     | __main__:_speech_response_from_payload:756 - TTS completed: 52 chars, queue=0.00s, infer=15.56s, format: wav
2026-07-17 16:14:02.385 | INFO     | __main__:_extract_params:417 - Beam search requested (num_beams=3). Overriding do_sample=True to False for deterministic output.
2026-07-17 16:14:02.386 | INFO     | __main__:_normalize_for_deepspeed:377 - DeepSpeed parameter normalisation:
2026-07-17 16:14:02.386 | INFO     | __main__:_normalize_for_deepspeed:378 -   • num_beams: 3→1, do_sample: forced False (DeepSpeed fallback to greedy decoding for deterministic output)
2026-07-17 16:14:02.387 | INFO     | __main__:_normalize_for_deepspeed:378 -   • max_mel_tokens: 1700→880 (DeepSpeed KV cache limit)
2026-07-17 16:14:02.390 | INFO     | __main__:_register_audio_from_base64:322 - Dynamic voice cache hit: spk_6a086b4a
2026-07-17 16:14:14.470 | INFO     | __main__:trim_audio_array:240 - Trimmed audio: 9.04s -> 6.37s (removed 2.67s)
2026-07-17 16:14:14.471 | INFO     | __main__:_speech_response_from_payload:756 - TTS completed: 37 chars, queue=0.00s, infer=12.01s, format: wav
2026-07-17 16:14:18.765 | INFO     | __main__:_extract_params:417 - Beam search requested (num_beams=3). Overriding do_sample=True to False for deterministic output.
2026-07-17 16:14:18.766 | INFO     | __main__:_normalize_for_deepspeed:377 - DeepSpeed parameter normalisation:
2026-07-17 16:14:18.766 | INFO     | __main__:_normalize_for_deepspeed:378 -   • num_beams: 3→1, do_sample: forced False (DeepSpeed fallback to greedy decoding for deterministic output)
2026-07-17 16:14:18.766 | INFO     | __main__:_normalize_for_deepspeed:378 -   • max_mel_tokens: 1700→880 (DeepSpeed KV cache limit)
2026-07-17 16:14:18.771 | INFO     | __main__:_register_audio_from_base64:322 - Dynamic voice cache hit: spk_6a086b4a
2026-07-17 16:14:33.067 | INFO     | __main__:trim_audio_array:240 - Trimmed audio: 9.98s -> 6.73s (removed 3.25s)
2026-07-17 16:14:33.068 | INFO     | __main__:_speech_response_from_payload:756 - TTS completed: 62 chars, queue=0.00s, infer=14.22s, format: wav
2026-07-17 16:14:51.202 | INFO     | __main__:_extract_params:417 - Beam search requested (num_beams=3). Overriding do_sample=True to False for deterministic output.
2026-07-17 16:14:51.202 | INFO     | __main__:_normalize_for_deepspeed:377 - DeepSpeed parameter normalisation:
2026-07-17 16:14:51.203 | INFO     | __main__:_normalize_for_deepspeed:378 -   • num_beams: 3→1, do_sample: forced False (DeepSpeed fallback to greedy decoding for deterministic output)
2026-07-17 16:14:51.203 | INFO     | __main__:_normalize_for_deepspeed:378 -   • max_mel_tokens: 1700→880 (DeepSpeed KV cache limit)
2026-07-17 16:14:51.206 | INFO     | __main__:_register_audio_from_base64:322 - Dynamic voice cache hit: spk_6a086b4a
2026-07-17 16:14:59.308 | INFO     | __main__:trim_audio_array:240 - Trimmed audio: 6.34s -> 3.88s (removed 2.46s)
2026-07-17 16:14:59.309 | INFO     | __main__:_speech_response_from_payload:756 - TTS completed: 50 chars, queue=0.00s, infer=8.05s, format: wav
2026-07-17 16:15:02.716 | INFO     | __main__:_extract_params:417 - Beam search requested (num_beams=3). Overriding do_sample=True to False for deterministic output.
2026-07-17 16:15:02.717 | INFO     | __main__:_normalize_for_deepspeed:377 - DeepSpeed parameter normalisation:
2026-07-17 16:15:02.718 | INFO     | __main__:_normalize_for_deepspeed:378 -   • num_beams: 3→1, do_sample: forced False (DeepSpeed fallback to greedy decoding for deterministic output)
2026-07-17 16:15:02.718 | INFO     | __main__:_normalize_for_deepspeed:378 -   • max_mel_tokens: 1700→880 (DeepSpeed KV cache limit)
2026-07-17 16:15:02.724 | INFO     | __main__:_register_audio_from_base64:322 - Dynamic voice cache hit: spk_6a086b4a
2026-07-17 16:15:14.707 | INFO     | __main__:trim_audio_array:240 - Trimmed audio: 8.92s -> 5.39s (removed 3.53s)
2026-07-17 16:15:14.708 | INFO     | __main__:_speech_response_from_payload:756 - TTS completed: 45 chars, queue=0.00s, infer=11.91s, format: wav
2026-07-17 16:15:32.541 | INFO     | __main__:_extract_params:417 - Beam search requested (num_beams=3). Overriding do_sample=True to False for deterministic output.
2026-07-17 16:15:32.541 | INFO     | __main__:_normalize_for_deepspeed:377 - DeepSpeed parameter normalisation:
2026-07-17 16:15:32.541 | INFO     | __main__:_normalize_for_deepspeed:378 -   • num_beams: 3→1, do_sample: forced False (DeepSpeed fallback to greedy decoding for deterministic output)
2026-07-17 16:15:32.542 | INFO     | __main__:_normalize_for_deepspeed:378 -   • max_mel_tokens: 1700→880 (DeepSpeed KV cache limit)
2026-07-17 16:15:32.584 | INFO     | __main__:_register_audio_from_base64:322 - Dynamic voice cache hit: spk_6a086b4a
2026-07-17 16:15:46.702 | INFO     | __main__:trim_audio_array:240 - Trimmed audio: 9.90s -> 5.93s (removed 3.97s)
2026-07-17 16:15:46.703 | INFO     | __main__:_speech_response_from_payload:756 - TTS completed: 50 chars, queue=0.00s, infer=14.04s, format: wav
2026-07-17 16:15:50.491 | INFO     | __main__:_extract_params:417 - Beam search requested (num_beams=3). Overriding do_sample=True to False for deterministic output.
2026-07-17 16:15:50.491 | INFO     | __main__:_normalize_for_deepspeed:377 - DeepSpeed parameter normalisation:
2026-07-17 16:15:50.492 | INFO     | __main__:_normalize_for_deepspeed:378 -   • num_beams: 3→1, do_sample: forced False (DeepSpeed fallback to greedy decoding for deterministic output)
2026-07-17 16:15:50.492 | INFO     | __main__:_normalize_for_deepspeed:378 -   • max_mel_tokens: 1700→880 (DeepSpeed KV cache limit)
2026-07-17 16:15:50.496 | INFO     | __main__:_register_audio_from_base64:322 - Dynamic voice cache hit: spk_6a086b4a
2026-07-17 16:16:01.122 | INFO     | __main__:trim_audio_array:240 - Trimmed audio: 8.06s -> 5.69s (removed 2.37s)
2026-07-17 16:16:01.123 | INFO     | __main__:_speech_response_from_payload:756 - TTS completed: 62 chars, queue=0.00s, infer=10.57s, format: wav
2026-07-17 16:16:16.682 | INFO     | __main__:_extract_params:417 - Beam search requested (num_beams=3). Overriding do_sample=True to False for deterministic output.
2026-07-17 16:16:16.682 | INFO     | __main__:_normalize_for_deepspeed:377 - DeepSpeed parameter normalisation:
2026-07-17 16:16:16.682 | INFO     | __main__:_normalize_for_deepspeed:378 -   • num_beams: 3→1, do_sample: forced False (DeepSpeed fallback to greedy decoding for deterministic output)
2026-07-17 16:16:16.683 | INFO     | __main__:_normalize_for_deepspeed:378 -   • max_mel_tokens: 1700→880 (DeepSpeed KV cache limit)
2026-07-17 16:16:16.687 | INFO     | __main__:_register_audio_from_base64:322 - Dynamic voice cache hit: spk_6a086b4a
2026-07-17 16:16:29.561 | INFO     | __main__:trim_audio_array:240 - Trimmed audio: 9.33s -> 6.90s (removed 2.44s)
2026-07-17 16:16:29.561 | INFO     | __main__:_speech_response_from_payload:756 - TTS completed: 65 chars, queue=0.00s, infer=12.80s, format: wav
2026-07-17 16:16:33.138 | INFO     | __main__:_extract_params:417 - Beam search requested (num_beams=3). Overriding do_sample=True to False for deterministic output.
2026-07-17 16:16:33.138 | INFO     | __main__:_normalize_for_deepspeed:377 - DeepSpeed parameter normalisation:
2026-07-17 16:16:33.139 | INFO     | __main__:_normalize_for_deepspeed:378 -   • num_beams: 3→1, do_sample: forced False (DeepSpeed fallback to greedy decoding for deterministic output)
2026-07-17 16:16:33.139 | INFO     | __main__:_normalize_for_deepspeed:378 -   • max_mel_tokens: 1700→880 (DeepSpeed KV cache limit)
2026-07-17 16:16:33.187 | INFO     | __main__:_register_audio_from_base64:322 - Dynamic voice cache hit: spk_6a086b4a
2026-07-17 16:16:42.748 | INFO     | __main__:trim_audio_array:240 - Trimmed audio: 7.24s -> 5.33s (removed 1.92s)
2026-07-17 16:16:42.749 | INFO     | __main__:_speech_response_from_payload:756 - TTS completed: 58 chars, queue=0.00s, infer=9.50s, format: wav
2026-07-17 16:16:46.219 | INFO     | __main__:_extract_params:417 - Beam search requested (num_beams=3). Overriding do_sample=True to False for deterministic output.
2026-07-17 16:16:46.219 | INFO     | __main__:_normalize_for_deepspeed:377 - DeepSpeed parameter normalisation:
2026-07-17 16:16:46.219 | INFO     | __main__:_normalize_for_deepspeed:378 -   • num_beams: 3→1, do_sample: forced False (DeepSpeed fallback to greedy decoding for deterministic output)
2026-07-17 16:16:46.220 | INFO     | __main__:_normalize_for_deepspeed:378 -   • max_mel_tokens: 1700→880 (DeepSpeed KV cache limit)
2026-07-17 16:16:46.225 | INFO     | __main__:_register_audio_from_base64:322 - Dynamic voice cache hit: spk_6a086b4a
2026-07-17 16:17:04.689 | INFO     | __main__:trim_audio_array:240 - Trimmed audio: 11.74s -> 9.47s (removed 2.27s)
2026-07-17 16:17:04.690 | INFO     | __main__:_speech_response_from_payload:756 - TTS completed: 87 chars, queue=0.00s, infer=18.36s, format: wav
2026-07-17 16:18:07.020 | INFO     | __main__:_extract_params:417 - Beam search requested (num_beams=3). Overriding do_sample=True to False for deterministic output.
2026-07-17 16:18:07.021 | INFO     | __main__:_normalize_for_deepspeed:377 - DeepSpeed parameter normalisation:
2026-07-17 16:18:07.021 | INFO     | __main__:_normalize_for_deepspeed:378 -   • num_beams: 3→1, do_sample: forced False (DeepSpeed fallback to greedy decoding for deterministic output)
2026-07-17 16:18:07.021 | INFO     | __main__:_normalize_for_deepspeed:378 -   • max_mel_tokens: 1700→880 (DeepSpeed KV cache limit)
2026-07-17 16:18:07.025 | INFO     | __main__:_register_audio_from_base64:322 - Dynamic voice cache hit: spk_6a086b4a
2026-07-17 16:18:15.700 | INFO     | __main__:trim_audio_array:240 - Trimmed audio: 6.97s -> 5.02s (removed 1.95s)
2026-07-17 16:18:15.701 | INFO     | __main__:_speech_response_from_payload:756 - TTS completed: 42 chars, queue=0.00s, infer=8.61s, format: wav
2026-07-17 16:18:36.653 | INFO     | __main__:_extract_params:417 - Beam search requested (num_beams=3). Overriding do_sample=True to False for deterministic output.
2026-07-17 16:18:36.654 | INFO     | __main__:_normalize_for_deepspeed:377 - DeepSpeed parameter normalisation:
2026-07-17 16:18:36.654 | INFO     | __main__:_normalize_for_deepspeed:378 -   • num_beams: 3→1, do_sample: forced False (DeepSpeed fallback to greedy decoding for deterministic output)
2026-07-17 16:18:36.655 | INFO     | __main__:_normalize_for_deepspeed:378 -   • max_mel_tokens: 1700→880 (DeepSpeed KV cache limit)
2026-07-17 16:18:36.686 | INFO     | __main__:_register_audio_from_base64:322 - Dynamic voice cache hit: spk_6a086b4a
2026-07-17 16:18:52.672 | INFO     | __main__:trim_audio_array:240 - Trimmed audio: 10.69s -> 8.50s (removed 2.19s)
2026-07-17 16:18:52.673 | INFO     | __main__:_speech_response_from_payload:756 - TTS completed: 69 chars, queue=0.00s, infer=15.90s, format: wav
2026-07-17 16:19:33.247 | INFO     | __main__:_extract_params:417 - Beam search requested (num_beams=3). Overriding do_sample=True to False for deterministic output.
2026-07-17 16:19:33.248 | INFO     | __main__:_normalize_for_deepspeed:377 - DeepSpeed parameter normalisation:
2026-07-17 16:19:33.248 | INFO     | __main__:_normalize_for_deepspeed:378 -   • num_beams: 3→1, do_sample: forced False (DeepSpeed fallback to greedy decoding for deterministic output)
2026-07-17 16:19:33.248 | INFO     | __main__:_normalize_for_deepspeed:378 -   • max_mel_tokens: 1700→880 (DeepSpeed KV cache limit)
2026-07-17 16:19:33.287 | INFO     | __main__:_register_audio_from_base64:322 - Dynamic voice cache hit: spk_6a086b4a
2026-07-17 16:19:41.570 | INFO     | __main__:trim_audio_array:240 - Trimmed audio: 6.61s -> 4.44s (removed 2.17s)
2026-07-17 16:19:41.571 | INFO     | __main__:_speech_response_from_payload:756 - TTS completed: 36 chars, queue=0.00s, infer=8.23s, format: wav
2026-07-17 16:19:48.377 | INFO     | __main__:_extract_params:417 - Beam search requested (num_beams=3). Overriding do_sample=True to False for deterministic output.
2026-07-17 16:19:48.378 | INFO     | __main__:_normalize_for_deepspeed:377 - DeepSpeed parameter normalisation:
2026-07-17 16:19:48.378 | INFO     | __main__:_normalize_for_deepspeed:378 -   • num_beams: 3→1, do_sample: forced False (DeepSpeed fallback to greedy decoding for deterministic output)
2026-07-17 16:19:48.378 | INFO     | __main__:_normalize_for_deepspeed:378 -   • max_mel_tokens: 1700→880 (DeepSpeed KV cache limit)
2026-07-17 16:19:48.384 | INFO     | __main__:_register_audio_from_base64:322 - Dynamic voice cache hit: spk_6a086b4a
2026-07-17 16:20:00.096 | INFO     | __main__:trim_audio_array:240 - Trimmed audio: 8.77s -> 6.06s (removed 2.71s)
2026-07-17 16:20:00.097 | INFO     | __main__:_speech_response_from_payload:756 - TTS completed: 63 chars, queue=0.00s, infer=11.64s, format: wav
2026-07-17 16:20:08.586 | INFO     | __main__:_extract_params:417 - Beam search requested (num_beams=3). Overriding do_sample=True to False for deterministic output.
2026-07-17 16:20:08.586 | INFO     | __main__:_normalize_for_deepspeed:377 - DeepSpeed parameter normalisation:
2026-07-17 16:20:08.587 | INFO     | __main__:_normalize_for_deepspeed:378 -   • num_beams: 3→1, do_sample: forced False (DeepSpeed fallback to greedy decoding for deterministic output)
2026-07-17 16:20:08.587 | INFO     | __main__:_normalize_for_deepspeed:378 -   • max_mel_tokens: 1700→880 (DeepSpeed KV cache limit)
2026-07-17 16:20:08.591 | INFO     | __main__:_register_audio_from_base64:322 - Dynamic voice cache hit: spk_6a086b4a
2026-07-17 16:20:31.892 | INFO     | __main__:trim_audio_array:240 - Trimmed audio: 13.62s -> 11.39s (removed 2.23s)
2026-07-17 16:20:31.893 | INFO     | __main__:_speech_response_from_payload:756 - TTS completed: 91 chars, queue=0.00s, infer=23.20s, format: wav
2026-07-17 16:20:58.534 | INFO     | __main__:_extract_params:417 - Beam search requested (num_beams=3). Overriding do_sample=True to False for deterministic output.
2026-07-17 16:20:58.535 | INFO     | __main__:_normalize_for_deepspeed:377 - DeepSpeed parameter normalisation:
2026-07-17 16:20:58.535 | INFO     | __main__:_normalize_for_deepspeed:378 -   • num_beams: 3→1, do_sample: forced False (DeepSpeed fallback to greedy decoding for deterministic output)
2026-07-17 16:20:58.535 | INFO     | __main__:_normalize_for_deepspeed:378 -   • max_mel_tokens: 1700→880 (DeepSpeed KV cache limit)
2026-07-17 16:20:58.539 | INFO     | __main__:_register_audio_from_base64:322 - Dynamic voice cache hit: spk_6a086b4a
2026-07-17 16:21:11.468 | INFO     | __main__:trim_audio_array:240 - Trimmed audio: 9.40s -> 7.41s (removed 2.00s)
2026-07-17 16:21:11.470 | INFO     | __main__:_speech_response_from_payload:756 - TTS completed: 68 chars, queue=0.00s, infer=12.85s, format: wav
2026-07-17 16:21:33.893 | INFO     | __main__:_extract_params:417 - Beam search requested (num_beams=3). Overriding do_sample=True to False for deterministic output.
2026-07-17 16:21:33.893 | INFO     | __main__:_normalize_for_deepspeed:377 - DeepSpeed parameter normalisation:
2026-07-17 16:21:33.894 | INFO     | __main__:_normalize_for_deepspeed:378 -   • num_beams: 3→1, do_sample: forced False (DeepSpeed fallback to greedy decoding for deterministic output)
2026-07-17 16:21:33.894 | INFO     | __main__:_normalize_for_deepspeed:378 -   • max_mel_tokens: 1700→880 (DeepSpeed KV cache limit)
2026-07-17 16:21:33.898 | INFO     | __main__:_register_audio_from_base64:322 - Dynamic voice cache hit: spk_6a086b4a
2026-07-17 16:21:44.774 | INFO     | __main__:trim_audio_array:240 - Trimmed audio: 8.24s -> 5.46s (removed 2.79s)
2026-07-17 16:21:44.775 | INFO     | __main__:_speech_response_from_payload:756 - TTS completed: 51 chars, queue=0.00s, infer=10.81s, format: wav
2026-07-17 16:21:48.726 | INFO     | __main__:_extract_params:417 - Beam search requested (num_beams=3). Overriding do_sample=True to False for deterministic output.
2026-07-17 16:21:48.727 | INFO     | __main__:_normalize_for_deepspeed:377 - DeepSpeed parameter normalisation:
2026-07-17 16:21:48.727 | INFO     | __main__:_normalize_for_deepspeed:378 -   • num_beams: 3→1, do_sample: forced False (DeepSpeed fallback to greedy decoding for deterministic output)
2026-07-17 16:21:48.728 | INFO     | __main__:_normalize_for_deepspeed:378 -   • max_mel_tokens: 1700→880 (DeepSpeed KV cache limit)
2026-07-17 16:21:48.732 | INFO     | __main__:_register_audio_from_base64:322 - Dynamic voice cache hit: spk_6a086b4a
2026-07-17 16:21:57.821 | INFO     | __main__:trim_audio_array:240 - Trimmed audio: 7.11s -> 4.88s (removed 2.23s)
2026-07-17 16:21:57.822 | INFO     | __main__:_speech_response_from_payload:756 - TTS completed: 46 chars, queue=0.00s, infer=9.03s, format: wav
2026-07-17 16:22:11.787 | INFO     | __main__:_extract_params:417 - Beam search requested (num_beams=3). Overriding do_sample=True to False for deterministic output.
2026-07-17 16:22:11.787 | INFO     | __main__:_normalize_for_deepspeed:377 - DeepSpeed parameter normalisation:
2026-07-17 16:22:11.788 | INFO     | __main__:_normalize_for_deepspeed:378 -   • num_beams: 3→1, do_sample: forced False (DeepSpeed fallback to greedy decoding for deterministic output)
2026-07-17 16:22:11.788 | INFO     | __main__:_normalize_for_deepspeed:378 -   • max_mel_tokens: 1700→880 (DeepSpeed KV cache limit)
2026-07-17 16:22:11.792 | INFO     | __main__:_register_audio_from_base64:322 - Dynamic voice cache hit: spk_6a086b4a
2026-07-17 16:22:28.937 | INFO     | __main__:trim_audio_array:240 - Trimmed audio: 11.48s -> 9.14s (removed 2.34s)
2026-07-17 16:22:28.938 | INFO     | __main__:_speech_response_from_payload:756 - TTS completed: 57 chars, queue=0.00s, infer=17.04s, format: wav
2026-07-17 16:22:57.994 | INFO     | __main__:_extract_params:417 - Beam search requested (num_beams=3). Overriding do_sample=True to False for deterministic output.
2026-07-17 16:22:57.995 | INFO     | __main__:_normalize_for_deepspeed:377 - DeepSpeed parameter normalisation:
2026-07-17 16:22:57.995 | INFO     | __main__:_normalize_for_deepspeed:378 -   • num_beams: 3→1, do_sample: forced False (DeepSpeed fallback to greedy decoding for deterministic output)
2026-07-17 16:22:57.995 | INFO     | __main__:_normalize_for_deepspeed:378 -   • max_mel_tokens: 1700→880 (DeepSpeed KV cache limit)
2026-07-17 16:22:57.998 | INFO     | __main__:_register_audio_from_base64:322 - Dynamic voice cache hit: spk_6a086b4a
2026-07-17 16:23:08.247 | INFO     | __main__:trim_audio_array:240 - Trimmed audio: 7.74s -> 5.90s (removed 1.84s)
2026-07-17 16:23:08.248 | INFO     | __main__:_speech_response_from_payload:756 - TTS completed: 53 chars, queue=0.00s, infer=10.19s, format: wav
2026-07-17 16:23:22.728 | INFO     | __main__:_extract_params:417 - Beam search requested (num_beams=3). Overriding do_sample=True to False for deterministic output.
2026-07-17 16:23:22.728 | INFO     | __main__:_normalize_for_deepspeed:377 - DeepSpeed parameter normalisation:
2026-07-17 16:23:22.729 | INFO     | __main__:_normalize_for_deepspeed:378 -   • num_beams: 3→1, do_sample: forced False (DeepSpeed fallback to greedy decoding for deterministic output)
2026-07-17 16:23:22.729 | INFO     | __main__:_normalize_for_deepspeed:378 -   • max_mel_tokens: 1700→880 (DeepSpeed KV cache limit)
2026-07-17 16:23:22.736 | INFO     | __main__:_register_audio_from_base64:322 - Dynamic voice cache hit: spk_6a086b4a
2026-07-17 16:23:31.842 | INFO     | __main__:trim_audio_array:240 - Trimmed audio: 7.08s -> 4.80s (removed 2.28s)
2026-07-17 16:23:31.843 | INFO     | __main__:_speech_response_from_payload:756 - TTS completed: 44 chars, queue=0.00s, infer=9.05s, format: wav
2026-07-17 16:23:41.988 | INFO     | __main__:_extract_params:417 - Beam search requested (num_beams=3). Overriding do_sample=True to False for deterministic output.
2026-07-17 16:23:41.988 | INFO     | __main__:_normalize_for_deepspeed:377 - DeepSpeed parameter normalisation:
2026-07-17 16:23:41.989 | INFO     | __main__:_normalize_for_deepspeed:378 -   • num_beams: 3→1, do_sample: forced False (DeepSpeed fallback to greedy decoding for deterministic output)
2026-07-17 16:23:41.989 | INFO     | __main__:_normalize_for_deepspeed:378 -   • max_mel_tokens: 1700→880 (DeepSpeed KV cache limit)
2026-07-17 16:23:41.992 | INFO     | __main__:_register_audio_from_base64:322 - Dynamic voice cache hit: spk_6a086b4a
2026-07-17 16:23:50.370 | INFO     | __main__:trim_audio_array:240 - Trimmed audio: 6.66s -> 3.85s (removed 2.81s)
2026-07-17 16:23:50.371 | INFO     | __main__:_speech_response_from_payload:756 - TTS completed: 44 chars, queue=0.00s, infer=8.33s, format: wav
2026-07-17 16:24:01.388 | INFO     | __main__:_extract_params:417 - Beam search requested (num_beams=3). Overriding do_sample=True to False for deterministic output.
2026-07-17 16:24:01.389 | INFO     | __main__:_normalize_for_deepspeed:377 - DeepSpeed parameter normalisation:
2026-07-17 16:24:01.389 | INFO     | __main__:_normalize_for_deepspeed:378 -   • num_beams: 3→1, do_sample: forced False (DeepSpeed fallback to greedy decoding for deterministic output)
2026-07-17 16:24:01.389 | INFO     | __main__:_normalize_for_deepspeed:378 -   • max_mel_tokens: 1700→880 (DeepSpeed KV cache limit)
2026-07-17 16:24:01.394 | INFO     | __main__:_register_audio_from_base64:322 - Dynamic voice cache hit: spk_6a086b4a
2026-07-17 16:24:12.368 | INFO     | __main__:trim_audio_array:240 - Trimmed audio: 8.24s -> 6.24s (removed 2.01s)
2026-07-17 16:24:12.369 | INFO     | __main__:_speech_response_from_payload:756 - TTS completed: 55 chars, queue=0.00s, infer=10.91s, format: wav
2026-07-17 16:24:41.159 | INFO     | __main__:_extract_params:417 - Beam search requested (num_beams=3). Overriding do_sample=True to False for deterministic output.
2026-07-17 16:24:41.160 | INFO     | __main__:_normalize_for_deepspeed:377 - DeepSpeed parameter normalisation:
2026-07-17 16:24:41.161 | INFO     | __main__:_normalize_for_deepspeed:378 -   • num_beams: 3→1, do_sample: forced False (DeepSpeed fallback to greedy decoding for deterministic output)
2026-07-17 16:24:41.161 | INFO     | __main__:_normalize_for_deepspeed:378 -   • max_mel_tokens: 1700→880 (DeepSpeed KV cache limit)
2026-07-17 16:24:41.165 | INFO     | __main__:_register_audio_from_base64:322 - Dynamic voice cache hit: spk_6a086b4a
2026-07-17 16:24:56.024 | INFO     | __main__:trim_audio_array:240 - Trimmed audio: 10.38s -> 7.97s (removed 2.40s)
2026-07-17 16:24:56.025 | INFO     | __main__:_speech_response_from_payload:756 - TTS completed: 56 chars, queue=0.00s, infer=14.77s, format: wav
2026-07-17 16:25:26.561 | INFO     | __main__:_extract_params:417 - Beam search requested (num_beams=3). Overriding do_sample=True to False for deterministic output.
2026-07-17 16:25:26.561 | INFO     | __main__:_normalize_for_deepspeed:377 - DeepSpeed parameter normalisation:
2026-07-17 16:25:26.562 | INFO     | __main__:_normalize_for_deepspeed:378 -   • num_beams: 3→1, do_sample: forced False (DeepSpeed fallback to greedy decoding for deterministic output)
2026-07-17 16:25:26.562 | INFO     | __main__:_normalize_for_deepspeed:378 -   • max_mel_tokens: 1700→880 (DeepSpeed KV cache limit)
2026-07-17 16:25:26.565 | INFO     | __main__:_register_audio_from_base64:322 - Dynamic voice cache hit: spk_6a086b4a
2026-07-17 16:25:39.906 | INFO     | __main__:trim_audio_array:240 - Trimmed audio: 9.58s -> 7.55s (removed 2.03s)
2026-07-17 16:25:39.907 | INFO     | __main__:_speech_response_from_payload:756 - TTS completed: 65 chars, queue=0.00s, infer=13.27s, format: wav
2026-07-17 16:25:44.065 | INFO     | __main__:_extract_params:417 - Beam search requested (num_beams=3). Overriding do_sample=True to False for deterministic output.
2026-07-17 16:25:44.065 | INFO     | __main__:_normalize_for_deepspeed:377 - DeepSpeed parameter normalisation:
2026-07-17 16:25:44.065 | INFO     | __main__:_normalize_for_deepspeed:378 -   • num_beams: 3→1, do_sample: forced False (DeepSpeed fallback to greedy decoding for deterministic output)
2026-07-17 16:25:44.066 | INFO     | __main__:_normalize_for_deepspeed:378 -   • max_mel_tokens: 1700→880 (DeepSpeed KV cache limit)
2026-07-17 16:25:44.071 | INFO     | __main__:_register_audio_from_base64:322 - Dynamic voice cache hit: spk_6a086b4a
2026-07-17 16:25:54.364 | INFO     | __main__:trim_audio_array:240 - Trimmed audio: 7.88s -> 5.94s (removed 1.94s)
2026-07-17 16:25:54.365 | INFO     | __main__:_speech_response_from_payload:756 - TTS completed: 55 chars, queue=0.00s, infer=10.23s, format: wav
2026-07-17 16:26:11.581 | INFO     | __main__:_extract_params:417 - Beam search requested (num_beams=3). Overriding do_sample=True to False for deterministic output.
2026-07-17 16:26:11.582 | INFO     | __main__:_normalize_for_deepspeed:377 - DeepSpeed parameter normalisation:
2026-07-17 16:26:11.582 | INFO     | __main__:_normalize_for_deepspeed:378 -   • num_beams: 3→1, do_sample: forced False (DeepSpeed fallback to greedy decoding for deterministic output)
2026-07-17 16:26:11.582 | INFO     | __main__:_normalize_for_deepspeed:378 -   • max_mel_tokens: 1700→880 (DeepSpeed KV cache limit)
2026-07-17 16:26:11.586 | INFO     | __main__:_register_audio_from_base64:322 - Dynamic voice cache hit: spk_6a086b4a
2026-07-17 16:26:18.463 | INFO     | __main__:trim_audio_array:240 - Trimmed audio: 5.55s -> 3.55s (removed 2.00s)
2026-07-17 16:26:18.464 | INFO     | __main__:_speech_response_from_payload:756 - TTS completed: 39 chars, queue=0.00s, infer=6.83s, format: wav
2026-07-17 16:26:33.158 | INFO     | __main__:_extract_params:417 - Beam search requested (num_beams=3). Overriding do_sample=True to False for deterministic output.
2026-07-17 16:26:33.158 | INFO     | __main__:_normalize_for_deepspeed:377 - DeepSpeed parameter normalisation:
2026-07-17 16:26:33.159 | INFO     | __main__:_normalize_for_deepspeed:378 -   • num_beams: 3→1, do_sample: forced False (DeepSpeed fallback to greedy decoding for deterministic output)
2026-07-17 16:26:33.159 | INFO     | __main__:_normalize_for_deepspeed:378 -   • max_mel_tokens: 1700→880 (DeepSpeed KV cache limit)
2026-07-17 16:26:33.188 | INFO     | __main__:_register_audio_from_base64:322 - Dynamic voice cache hit: spk_6a086b4a
2026-07-17 16:26:56.062 | INFO     | __main__:trim_audio_array:240 - Trimmed audio: 13.46s -> 12.10s (removed 1.36s)
2026-07-17 16:26:56.063 | INFO     | __main__:_speech_response_from_payload:756 - TTS completed: 94 chars, queue=0.00s, infer=22.76s, format: wav
2026-07-17 16:26:59.956 | INFO     | __main__:_extract_params:417 - Beam search requested (num_beams=3). Overriding do_sample=True to False for deterministic output.
2026-07-17 16:26:59.957 | INFO     | __main__:_normalize_for_deepspeed:377 - DeepSpeed parameter normalisation:
2026-07-17 16:26:59.957 | INFO     | __main__:_normalize_for_deepspeed:378 -   • num_beams: 3→1, do_sample: forced False (DeepSpeed fallback to greedy decoding for deterministic output)
2026-07-17 16:26:59.957 | INFO     | __main__:_normalize_for_deepspeed:378 -   • max_mel_tokens: 1700→880 (DeepSpeed KV cache limit)
2026-07-17 16:26:59.962 | INFO     | __main__:_register_audio_from_base64:322 - Dynamic voice cache hit: spk_6a086b4a
2026-07-17 16:27:12.474 | INFO     | __main__:trim_audio_array:240 - Trimmed audio: 9.14s -> 6.90s (removed 2.24s)
2026-07-17 16:27:12.475 | INFO     | __main__:_speech_response_from_payload:756 - TTS completed: 63 chars, queue=0.00s, infer=12.44s, format: wav
2026-07-17 16:27:34.824 | INFO     | __main__:_extract_params:417 - Beam search requested (num_beams=3). Overriding do_sample=True to False for deterministic output.
2026-07-17 16:27:34.825 | INFO     | __main__:_normalize_for_deepspeed:377 - DeepSpeed parameter normalisation:
2026-07-17 16:27:34.825 | INFO     | __main__:_normalize_for_deepspeed:378 -   • num_beams: 3→1, do_sample: forced False (DeepSpeed fallback to greedy decoding for deterministic output)
2026-07-17 16:27:34.826 | INFO     | __main__:_normalize_for_deepspeed:378 -   • max_mel_tokens: 1700→880 (DeepSpeed KV cache limit)
2026-07-17 16:27:34.831 | INFO     | __main__:_register_audio_from_base64:322 - Dynamic voice cache hit: spk_6a086b4a
2026-07-17 16:27:40.940 | INFO     | __main__:trim_audio_array:240 - Trimmed audio: 4.97s -> 3.09s (removed 1.88s)
2026-07-17 16:27:40.941 | INFO     | __main__:_speech_response_from_payload:756 - TTS completed: 30 chars, queue=0.00s, infer=6.07s, format: wav
2026-07-17 16:27:59.283 | INFO     | __main__:_extract_params:417 - Beam search requested (num_beams=3). Overriding do_sample=True to False for deterministic output.
2026-07-17 16:27:59.284 | INFO     | __main__:_normalize_for_deepspeed:377 - DeepSpeed parameter normalisation:
2026-07-17 16:27:59.284 | INFO     | __main__:_normalize_for_deepspeed:378 -   • num_beams: 3→1, do_sample: forced False (DeepSpeed fallback to greedy decoding for deterministic output)
2026-07-17 16:27:59.285 | INFO     | __main__:_normalize_for_deepspeed:378 -   • max_mel_tokens: 1700→880 (DeepSpeed KV cache limit)
2026-07-17 16:27:59.290 | INFO     | __main__:_register_audio_from_base64:322 - Dynamic voice cache hit: spk_6a086b4a
2026-07-17 16:28:06.969 | INFO     | __main__:trim_audio_array:240 - Trimmed audio: 6.16s -> 3.63s (removed 2.54s)
2026-07-17 16:28:06.970 | INFO     | __main__:_speech_response_from_payload:756 - TTS completed: 27 chars, queue=0.00s, infer=7.63s, format: wav
2026-07-17 16:28:35.287 | INFO     | __main__:_extract_params:417 - Beam search requested (num_beams=3). Overriding do_sample=True to False for deterministic output.
2026-07-17 16:28:35.287 | INFO     | __main__:_normalize_for_deepspeed:377 - DeepSpeed parameter normalisation:
2026-07-17 16:28:35.288 | INFO     | __main__:_normalize_for_deepspeed:378 -   • num_beams: 3→1, do_sample: forced False (DeepSpeed fallback to greedy decoding for deterministic output)
2026-07-17 16:28:35.288 | INFO     | __main__:_normalize_for_deepspeed:378 -   • max_mel_tokens: 1700→880 (DeepSpeed KV cache limit)
2026-07-17 16:28:35.293 | INFO     | __main__:_register_audio_from_base64:322 - Dynamic voice cache hit: spk_6a086b4a
2026-07-17 16:28:47.819 | INFO     | __main__:trim_audio_array:240 - Trimmed audio: 9.22s -> 7.06s (removed 2.16s)
2026-07-17 16:28:47.821 | INFO     | __main__:_speech_response_from_payload:756 - TTS completed: 60 chars, queue=0.00s, infer=12.45s, format: wav
2026-07-17 16:29:14.863 | INFO     | __main__:_extract_params:417 - Beam search requested (num_beams=3). Overriding do_sample=True to False for deterministic output.
2026-07-17 16:29:14.864 | INFO     | __main__:_normalize_for_deepspeed:377 - DeepSpeed parameter normalisation:
2026-07-17 16:29:14.864 | INFO     | __main__:_normalize_for_deepspeed:378 -   • num_beams: 3→1, do_sample: forced False (DeepSpeed fallback to greedy decoding for deterministic output)
2026-07-17 16:29:14.864 | INFO     | __main__:_normalize_for_deepspeed:378 -   • max_mel_tokens: 1700→880 (DeepSpeed KV cache limit)
2026-07-17 16:29:14.868 | INFO     | __main__:_register_audio_from_base64:322 - Dynamic voice cache hit: spk_6a086b4a
2026-07-17 16:29:35.612 | INFO     | __main__:trim_audio_array:240 - Trimmed audio: 12.77s -> 10.24s (removed 2.53s)
2026-07-17 16:29:35.613 | INFO     | __main__:_speech_response_from_payload:756 - TTS completed: 79 chars, queue=0.00s, infer=20.64s, format: wav
2026-07-17 16:29:39.590 | INFO     | __main__:_extract_params:417 - Beam search requested (num_beams=3). Overriding do_sample=True to False for deterministic output.
2026-07-17 16:29:39.590 | INFO     | __main__:_normalize_for_deepspeed:377 - DeepSpeed parameter normalisation:
2026-07-17 16:29:39.591 | INFO     | __main__:_normalize_for_deepspeed:378 -   • num_beams: 3→1, do_sample: forced False (DeepSpeed fallback to greedy decoding for deterministic output)
2026-07-17 16:29:39.591 | INFO     | __main__:_normalize_for_deepspeed:378 -   • max_mel_tokens: 1700→880 (DeepSpeed KV cache limit)
2026-07-17 16:29:39.595 | INFO     | __main__:_register_audio_from_base64:322 - Dynamic voice cache hit: spk_6a086b4a
2026-07-17 16:30:03.755 | INFO     | __main__:trim_audio_array:240 - Trimmed audio: 14.01s -> 12.07s (removed 1.94s)
2026-07-17 16:30:03.756 | INFO     | __main__:_speech_response_from_payload:756 - TTS completed: 100 chars, queue=0.00s, infer=24.03s, format: wav
2026-07-17 16:30:16.852 | INFO     | __main__:_extract_params:417 - Beam search requested (num_beams=3). Overriding do_sample=True to False for deterministic output.
2026-07-17 16:30:16.852 | INFO     | __main__:_normalize_for_deepspeed:377 - DeepSpeed parameter normalisation:
2026-07-17 16:30:16.852 | INFO     | __main__:_normalize_for_deepspeed:378 -   • num_beams: 3→1, do_sample: forced False (DeepSpeed fallback to greedy decoding for deterministic output)
2026-07-17 16:30:16.853 | INFO     | __main__:_normalize_for_deepspeed:378 -   • max_mel_tokens: 1700→880 (DeepSpeed KV cache limit)
2026-07-17 16:30:16.857 | INFO     | __main__:_register_audio_from_base64:322 - Dynamic voice cache hit: spk_6a086b4a
2026-07-17 16:30:30.767 | INFO     | __main__:trim_audio_array:240 - Trimmed audio: 9.72s -> 8.31s (removed 1.40s)
2026-07-17 16:30:30.768 | INFO     | __main__:_speech_response_from_payload:756 - TTS completed: 64 chars, queue=0.00s, infer=13.83s, format: wav
2026-07-17 16:31:01.595 | INFO     | __main__:_extract_params:417 - Beam search requested (num_beams=3). Overriding do_sample=True to False for deterministic output.
2026-07-17 16:31:01.596 | INFO     | __main__:_normalize_for_deepspeed:377 - DeepSpeed parameter normalisation:
2026-07-17 16:31:01.596 | INFO     | __main__:_normalize_for_deepspeed:378 -   • num_beams: 3→1, do_sample: forced False (DeepSpeed fallback to greedy decoding for deterministic output)
2026-07-17 16:31:01.597 | INFO     | __main__:_normalize_for_deepspeed:378 -   • max_mel_tokens: 1700→880 (DeepSpeed KV cache limit)
2026-07-17 16:31:01.601 | INFO     | __main__:_register_audio_from_base64:322 - Dynamic voice cache hit: spk_6a086b4a
2026-07-17 16:31:11.453 | INFO     | __main__:trim_audio_array:240 - Trimmed audio: 7.58s -> 6.05s (removed 1.53s)
2026-07-17 16:31:11.454 | INFO     | __main__:_speech_response_from_payload:756 - TTS completed: 45 chars, queue=0.00s, infer=9.79s, format: wav
2026-07-17 16:31:32.557 | INFO     | __main__:_extract_params:417 - Beam search requested (num_beams=3). Overriding do_sample=True to False for deterministic output.
2026-07-17 16:31:32.557 | INFO     | __main__:_normalize_for_deepspeed:377 - DeepSpeed parameter normalisation:
2026-07-17 16:31:32.557 | INFO     | __main__:_normalize_for_deepspeed:378 -   • num_beams: 3→1, do_sample: forced False (DeepSpeed fallback to greedy decoding for deterministic output)
2026-07-17 16:31:32.558 | INFO     | __main__:_normalize_for_deepspeed:378 -   • max_mel_tokens: 1700→880 (DeepSpeed KV cache limit)
2026-07-17 16:31:32.586 | INFO     | __main__:_register_audio_from_base64:322 - Dynamic voice cache hit: spk_6a086b4a
2026-07-17 16:31:45.862 | INFO     | __main__:trim_audio_array:240 - Trimmed audio: 9.58s -> 6.36s (removed 3.22s)
2026-07-17 16:31:45.863 | INFO     | __main__:_speech_response_from_payload:756 - TTS completed: 54 chars, queue=0.00s, infer=13.21s, format: wav
2026-07-17 16:31:50.261 | INFO     | __main__:_extract_params:417 - Beam search requested (num_beams=3). Overriding do_sample=True to False for deterministic output.
2026-07-17 16:31:50.261 | INFO     | __main__:_normalize_for_deepspeed:377 - DeepSpeed parameter normalisation:
2026-07-17 16:31:50.262 | INFO     | __main__:_normalize_for_deepspeed:378 -   • num_beams: 3→1, do_sample: forced False (DeepSpeed fallback to greedy decoding for deterministic output)
2026-07-17 16:31:50.262 | INFO     | __main__:_normalize_for_deepspeed:378 -   • max_mel_tokens: 1700→880 (DeepSpeed KV cache limit)
2026-07-17 16:31:50.284 | INFO     | __main__:_register_audio_from_base64:322 - Dynamic voice cache hit: spk_6a086b4a
2026-07-17 16:32:00.662 | INFO     | __main__:trim_audio_array:240 - Trimmed audio: 7.88s -> 5.53s (removed 2.36s)
2026-07-17 16:32:00.663 | INFO     | __main__:_speech_response_from_payload:756 - TTS completed: 52 chars, queue=0.00s, infer=10.32s, format: wav
2026-07-17 16:32:15.715 | INFO     | __main__:_extract_params:417 - Beam search requested (num_beams=3). Overriding do_sample=True to False for deterministic output.
2026-07-17 16:32:15.716 | INFO     | __main__:_normalize_for_deepspeed:377 - DeepSpeed parameter normalisation:
2026-07-17 16:32:15.716 | INFO     | __main__:_normalize_for_deepspeed:378 -   • num_beams: 3→1, do_sample: forced False (DeepSpeed fallback to greedy decoding for deterministic output)
2026-07-17 16:32:15.716 | INFO     | __main__:_normalize_for_deepspeed:378 -   • max_mel_tokens: 1700→880 (DeepSpeed KV cache limit)
2026-07-17 16:32:15.719 | INFO     | __main__:_register_audio_from_base64:322 - Dynamic voice cache hit: spk_6a086b4a
2026-07-17 16:32:26.313 | INFO     | __main__:trim_audio_array:240 - Trimmed audio: 8.06s -> 5.67s (removed 2.39s)
2026-07-17 16:32:26.314 | INFO     | __main__:_speech_response_from_payload:756 - TTS completed: 32 chars, queue=0.00s, infer=10.52s, format: wav
2026-07-17 16:33:08.012 | INFO     | __main__:_extract_params:417 - Beam search requested (num_beams=3). Overriding do_sample=True to False for deterministic output.
2026-07-17 16:33:08.012 | INFO     | __main__:_normalize_for_deepspeed:377 - DeepSpeed parameter normalisation:
2026-07-17 16:33:08.012 | INFO     | __main__:_normalize_for_deepspeed:378 -   • num_beams: 3→1, do_sample: forced False (DeepSpeed fallback to greedy decoding for deterministic output)
2026-07-17 16:33:08.013 | INFO     | __main__:_normalize_for_deepspeed:378 -   • max_mel_tokens: 1700→880 (DeepSpeed KV cache limit)
2026-07-17 16:33:08.016 | INFO     | __main__:_register_audio_from_base64:322 - Dynamic voice cache hit: spk_6a086b4a
2026-07-17 16:33:26.992 | INFO     | __main__:trim_audio_array:240 - Trimmed audio: 12.10s -> 9.89s (removed 2.21s)
2026-07-17 16:33:26.993 | INFO     | __main__:_speech_response_from_payload:756 - TTS completed: 81 chars, queue=0.00s, infer=18.88s, format: wav
2026-07-17 16:34:30.034 | INFO     | __main__:_extract_params:417 - Beam search requested (num_beams=3). Overriding do_sample=True to False for deterministic output.
2026-07-17 16:34:30.035 | INFO     | __main__:_normalize_for_deepspeed:377 - DeepSpeed parameter normalisation:
2026-07-17 16:34:30.036 | INFO     | __main__:_normalize_for_deepspeed:378 -   • num_beams: 3→1, do_sample: forced False (DeepSpeed fallback to greedy decoding for deterministic output)
2026-07-17 16:34:30.036 | INFO     | __main__:_normalize_for_deepspeed:378 -   • max_mel_tokens: 1700→880 (DeepSpeed KV cache limit)
2026-07-17 16:34:30.040 | INFO     | __main__:_register_audio_from_base64:322 - Dynamic voice cache hit: spk_6a086b4a
2026-07-17 16:34:37.950 | INFO     | __main__:trim_audio_array:240 - Trimmed audio: 6.52s -> 4.88s (removed 1.65s)
2026-07-17 16:34:37.950 | INFO     | __main__:_speech_response_from_payload:756 - TTS completed: 36 chars, queue=0.00s, infer=7.85s, format: wav
2026-07-17 16:34:41.691 | INFO     | __main__:_extract_params:417 - Beam search requested (num_beams=3). Overriding do_sample=True to False for deterministic output.
2026-07-17 16:34:41.692 | INFO     | __main__:_normalize_for_deepspeed:377 - DeepSpeed parameter normalisation:
2026-07-17 16:34:41.692 | INFO     | __main__:_normalize_for_deepspeed:378 -   • num_beams: 3→1, do_sample: forced False (DeepSpeed fallback to greedy decoding for deterministic output)
2026-07-17 16:34:41.692 | INFO     | __main__:_normalize_for_deepspeed:378 -   • max_mel_tokens: 1700→880 (DeepSpeed KV cache limit)
2026-07-17 16:34:41.695 | INFO     | __main__:_register_audio_from_base64:322 - Dynamic voice cache hit: spk_6a086b4a
2026-07-17 16:34:50.787 | INFO     | __main__:trim_audio_array:240 - Trimmed audio: 7.11s -> 4.32s (removed 2.79s)
2026-07-17 16:34:50.788 | INFO     | __main__:_speech_response_from_payload:756 - TTS completed: 46 chars, queue=0.00s, infer=9.05s, format: wav
2026-07-17 16:35:09.943 | INFO     | __main__:_extract_params:417 - Beam search requested (num_beams=3). Overriding do_sample=True to False for deterministic output.
2026-07-17 16:35:09.943 | INFO     | __main__:_normalize_for_deepspeed:377 - DeepSpeed parameter normalisation:
2026-07-17 16:35:09.944 | INFO     | __main__:_normalize_for_deepspeed:378 -   • num_beams: 3→1, do_sample: forced False (DeepSpeed fallback to greedy decoding for deterministic output)
2026-07-17 16:35:09.944 | INFO     | __main__:_normalize_for_deepspeed:378 -   • max_mel_tokens: 1700→880 (DeepSpeed KV cache limit)
2026-07-17 16:35:09.949 | INFO     | __main__:_register_audio_from_base64:322 - Dynamic voice cache hit: spk_6a086b4a
2026-07-17 16:35:18.237 | INFO     | __main__:trim_audio_array:240 - Trimmed audio: 6.55s -> 4.30s (removed 2.25s)
2026-07-17 16:35:18.238 | INFO     | __main__:_speech_response_from_payload:756 - TTS completed: 49 chars, queue=0.00s, infer=8.24s, format: wav
2026-07-17 16:35:22.525 | INFO     | __main__:_extract_params:417 - Beam search requested (num_beams=3). Overriding do_sample=True to False for deterministic output.
2026-07-17 16:35:22.526 | INFO     | __main__:_normalize_for_deepspeed:377 - DeepSpeed parameter normalisation:
2026-07-17 16:35:22.526 | INFO     | __main__:_normalize_for_deepspeed:378 -   • num_beams: 3→1, do_sample: forced False (DeepSpeed fallback to greedy decoding for deterministic output)
2026-07-17 16:35:22.526 | INFO     | __main__:_normalize_for_deepspeed:378 -   • max_mel_tokens: 1700→880 (DeepSpeed KV cache limit)
2026-07-17 16:35:22.531 | INFO     | __main__:_register_audio_from_base64:322 - Dynamic voice cache hit: spk_6a086b4a
2026-07-17 16:35:30.170 | INFO     | __main__:trim_audio_array:240 - Trimmed audio: 6.14s -> 4.13s (removed 2.01s)
2026-07-17 16:35:30.170 | INFO     | __main__:_speech_response_from_payload:756 - TTS completed: 38 chars, queue=0.00s, infer=7.59s, format: wav
2026-07-17 16:35:33.298 | INFO     | __main__:_extract_params:417 - Beam search requested (num_beams=3). Overriding do_sample=True to False for deterministic output.
2026-07-17 16:35:33.298 | INFO     | __main__:_normalize_for_deepspeed:377 - DeepSpeed parameter normalisation:
2026-07-17 16:35:33.299 | INFO     | __main__:_normalize_for_deepspeed:378 -   • num_beams: 3→1, do_sample: forced False (DeepSpeed fallback to greedy decoding for deterministic output)
2026-07-17 16:35:33.299 | INFO     | __main__:_normalize_for_deepspeed:378 -   • max_mel_tokens: 1700→880 (DeepSpeed KV cache limit)
2026-07-17 16:35:33.302 | INFO     | __main__:_register_audio_from_base64:322 - Dynamic voice cache hit: spk_6a086b4a
2026-07-17 16:35:52.260 | INFO     | __main__:trim_audio_array:240 - Trimmed audio: 11.85s -> 9.75s (removed 2.10s)
2026-07-17 16:35:52.261 | INFO     | __main__:_speech_response_from_payload:756 - TTS completed: 102 chars, queue=0.00s, infer=18.86s, format: wav
2026-07-17 16:36:26.922 | INFO     | __main__:_extract_params:417 - Beam search requested (num_beams=3). Overriding do_sample=True to False for deterministic output.
2026-07-17 16:36:26.922 | INFO     | __main__:_normalize_for_deepspeed:377 - DeepSpeed parameter normalisation:
2026-07-17 16:36:26.923 | INFO     | __main__:_normalize_for_deepspeed:378 -   • num_beams: 3→1, do_sample: forced False (DeepSpeed fallback to greedy decoding for deterministic output)
2026-07-17 16:36:26.923 | INFO     | __main__:_normalize_for_deepspeed:378 -   • max_mel_tokens: 1700→880 (DeepSpeed KV cache limit)
2026-07-17 16:36:26.927 | INFO     | __main__:_register_audio_from_base64:322 - Dynamic voice cache hit: spk_6a086b4a
2026-07-17 16:36:38.711 | INFO     | __main__:trim_audio_array:240 - Trimmed audio: 8.72s -> 6.50s (removed 2.22s)
2026-07-17 16:36:38.713 | INFO     | __main__:_speech_response_from_payload:756 - TTS completed: 65 chars, queue=0.00s, infer=11.71s, format: wav
2026-07-17 16:36:43.768 | INFO     | __main__:_extract_params:417 - Beam search requested (num_beams=3). Overriding do_sample=True to False for deterministic output.
2026-07-17 16:36:43.769 | INFO     | __main__:_normalize_for_deepspeed:377 - DeepSpeed parameter normalisation:
2026-07-17 16:36:43.769 | INFO     | __main__:_normalize_for_deepspeed:378 -   • num_beams: 3→1, do_sample: forced False (DeepSpeed fallback to greedy decoding for deterministic output)
2026-07-17 16:36:43.769 | INFO     | __main__:_normalize_for_deepspeed:378 -   • max_mel_tokens: 1700→880 (DeepSpeed KV cache limit)
2026-07-17 16:36:43.787 | INFO     | __main__:_register_audio_from_base64:322 - Dynamic voice cache hit: spk_6a086b4a
2026-07-17 16:36:53.755 | INFO     | __main__:trim_audio_array:240 - Trimmed audio: 7.63s -> 5.59s (removed 2.04s)
2026-07-17 16:36:53.756 | INFO     | __main__:_speech_response_from_payload:756 - TTS completed: 57 chars, queue=0.00s, infer=9.91s, format: wav
2026-07-17 16:37:10.253 | INFO     | __main__:_extract_params:417 - Beam search requested (num_beams=3). Overriding do_sample=True to False for deterministic output.
2026-07-17 16:37:10.253 | INFO     | __main__:_normalize_for_deepspeed:377 - DeepSpeed parameter normalisation:
2026-07-17 16:37:10.253 | INFO     | __main__:_normalize_for_deepspeed:378 -   • num_beams: 3→1, do_sample: forced False (DeepSpeed fallback to greedy decoding for deterministic output)
2026-07-17 16:37:10.253 | INFO     | __main__:_normalize_for_deepspeed:378 -   • max_mel_tokens: 1700→880 (DeepSpeed KV cache limit)
2026-07-17 16:37:10.284 | INFO     | __main__:_register_audio_from_base64:322 - Dynamic voice cache hit: spk_6a086b4a
2026-07-17 16:37:19.308 | INFO     | __main__:trim_audio_array:240 - Trimmed audio: 7.06s -> 5.09s (removed 1.97s)
2026-07-17 16:37:19.308 | INFO     | __main__:_speech_response_from_payload:756 - TTS completed: 53 chars, queue=0.00s, infer=8.97s, format: wav
2026-07-17 16:37:23.554 | INFO     | __main__:_extract_params:417 - Beam search requested (num_beams=3). Overriding do_sample=True to False for deterministic output.
2026-07-17 16:37:23.555 | INFO     | __main__:_normalize_for_deepspeed:377 - DeepSpeed parameter normalisation:
2026-07-17 16:37:23.555 | INFO     | __main__:_normalize_for_deepspeed:378 -   • num_beams: 3→1, do_sample: forced False (DeepSpeed fallback to greedy decoding for deterministic output)
2026-07-17 16:37:23.555 | INFO     | __main__:_normalize_for_deepspeed:378 -   • max_mel_tokens: 1700→880 (DeepSpeed KV cache limit)
2026-07-17 16:37:23.585 | INFO     | __main__:_register_audio_from_base64:322 - Dynamic voice cache hit: spk_6a086b4a
2026-07-17 16:37:44.396 | INFO     | __main__:trim_audio_array:240 - Trimmed audio: 12.69s -> 9.96s (removed 2.72s)
2026-07-17 16:37:44.397 | INFO     | __main__:_speech_response_from_payload:756 - TTS completed: 81 chars, queue=0.00s, infer=20.71s, format: wav
2026-07-17 16:38:10.714 | INFO     | __main__:_extract_params:417 - Beam search requested (num_beams=3). Overriding do_sample=True to False for deterministic output.
2026-07-17 16:38:10.715 | INFO     | __main__:_normalize_for_deepspeed:377 - DeepSpeed parameter normalisation:
2026-07-17 16:38:10.715 | INFO     | __main__:_normalize_for_deepspeed:378 -   • num_beams: 3→1, do_sample: forced False (DeepSpeed fallback to greedy decoding for deterministic output)
2026-07-17 16:38:10.716 | INFO     | __main__:_normalize_for_deepspeed:378 -   • max_mel_tokens: 1700→880 (DeepSpeed KV cache limit)
2026-07-17 16:38:10.720 | INFO     | __main__:_register_audio_from_base64:322 - Dynamic voice cache hit: spk_6a086b4a
2026-07-17 16:38:21.981 | INFO     | __main__:trim_audio_array:240 - Trimmed audio: 8.44s -> 5.78s (removed 2.66s)
2026-07-17 16:38:21.981 | INFO     | __main__:_speech_response_from_payload:756 - TTS completed: 57 chars, queue=0.00s, infer=11.20s, format: wav
2026-07-17 16:38:38.637 | INFO     | __main__:_extract_params:417 - Beam search requested (num_beams=3). Overriding do_sample=True to False for deterministic output.
2026-07-17 16:38:38.638 | INFO     | __main__:_normalize_for_deepspeed:377 - DeepSpeed parameter normalisation:
2026-07-17 16:38:38.638 | INFO     | __main__:_normalize_for_deepspeed:378 -   • num_beams: 3→1, do_sample: forced False (DeepSpeed fallback to greedy decoding for deterministic output)
2026-07-17 16:38:38.638 | INFO     | __main__:_normalize_for_deepspeed:378 -   • max_mel_tokens: 1700→880 (DeepSpeed KV cache limit)
2026-07-17 16:38:38.642 | INFO     | __main__:_register_audio_from_base64:322 - Dynamic voice cache hit: spk_6a086b4a
2026-07-17 16:38:49.758 | INFO     | __main__:trim_audio_array:240 - Trimmed audio: 8.30s -> 6.46s (removed 1.85s)
2026-07-17 16:38:49.759 | INFO     | __main__:_speech_response_from_payload:756 - TTS completed: 57 chars, queue=0.00s, infer=11.05s, format: wav
2026-07-17 16:39:03.683 | INFO     | __main__:_extract_params:417 - Beam search requested (num_beams=3). Overriding do_sample=True to False for deterministic output.
2026-07-17 16:39:03.684 | INFO     | __main__:_normalize_for_deepspeed:377 - DeepSpeed parameter normalisation:
2026-07-17 16:39:03.684 | INFO     | __main__:_normalize_for_deepspeed:378 -   • num_beams: 3→1, do_sample: forced False (DeepSpeed fallback to greedy decoding for deterministic output)
2026-07-17 16:39:03.684 | INFO     | __main__:_normalize_for_deepspeed:378 -   • max_mel_tokens: 1700→880 (DeepSpeed KV cache limit)
2026-07-17 16:39:03.689 | INFO     | __main__:_register_audio_from_base64:322 - Dynamic voice cache hit: spk_6a086b4a
2026-07-17 16:39:19.032 | INFO     | __main__:trim_audio_array:240 - Trimmed audio: 10.55s -> 8.36s (removed 2.19s)
2026-07-17 16:39:19.033 | INFO     | __main__:_speech_response_from_payload:756 - TTS completed: 81 chars, queue=0.00s, infer=15.26s, format: wav
2026-07-17 16:39:51.471 | INFO     | __main__:_extract_params:417 - Beam search requested (num_beams=3). Overriding do_sample=True to False for deterministic output.
2026-07-17 16:39:51.472 | INFO     | __main__:_normalize_for_deepspeed:377 - DeepSpeed parameter normalisation:
2026-07-17 16:39:51.472 | INFO     | __main__:_normalize_for_deepspeed:378 -   • num_beams: 3→1, do_sample: forced False (DeepSpeed fallback to greedy decoding for deterministic output)
2026-07-17 16:39:51.472 | INFO     | __main__:_normalize_for_deepspeed:378 -   • max_mel_tokens: 1700→880 (DeepSpeed KV cache limit)
2026-07-17 16:39:51.476 | INFO     | __main__:_register_audio_from_base64:322 - Dynamic voice cache hit: spk_6a086b4a
2026-07-17 16:39:59.772 | INFO     | __main__:trim_audio_array:240 - Trimmed audio: 6.64s -> 4.34s (removed 2.30s)
2026-07-17 16:39:59.773 | INFO     | __main__:_speech_response_from_payload:756 - TTS completed: 45 chars, queue=0.00s, infer=8.25s, format: wav
2026-07-17 16:40:53.486 | INFO     | __main__:_extract_params:417 - Beam search requested (num_beams=3). Overriding do_sample=True to False for deterministic output.
2026-07-17 16:40:53.486 | INFO     | __main__:_normalize_for_deepspeed:377 - DeepSpeed parameter normalisation:
2026-07-17 16:40:53.486 | INFO     | __main__:_normalize_for_deepspeed:378 -   • num_beams: 3→1, do_sample: forced False (DeepSpeed fallback to greedy decoding for deterministic output)
2026-07-17 16:40:53.487 | INFO     | __main__:_normalize_for_deepspeed:378 -   • max_mel_tokens: 1700→880 (DeepSpeed KV cache limit)
2026-07-17 16:40:53.490 | INFO     | __main__:_register_audio_from_base64:322 - Dynamic voice cache hit: spk_6a086b4a
2026-07-17 16:41:01.644 | INFO     | __main__:trim_audio_array:240 - Trimmed audio: 6.49s -> 4.39s (removed 2.10s)
2026-07-17 16:41:01.645 | INFO     | __main__:_speech_response_from_payload:756 - TTS completed: 46 chars, queue=0.00s, infer=8.10s, format: wav
2026-07-17 16:41:55.303 | INFO     | __main__:_extract_params:417 - Beam search requested (num_beams=3). Overriding do_sample=True to False for deterministic output.
2026-07-17 16:41:55.303 | INFO     | __main__:_normalize_for_deepspeed:377 - DeepSpeed parameter normalisation:
2026-07-17 16:41:55.303 | INFO     | __main__:_normalize_for_deepspeed:378 -   • num_beams: 3→1, do_sample: forced False (DeepSpeed fallback to greedy decoding for deterministic output)
2026-07-17 16:41:55.304 | INFO     | __main__:_normalize_for_deepspeed:378 -   • max_mel_tokens: 1700→880 (DeepSpeed KV cache limit)
2026-07-17 16:41:55.307 | INFO     | __main__:_register_audio_from_base64:322 - Dynamic voice cache hit: spk_6a086b4a
2026-07-17 16:42:19.711 | INFO     | __main__:trim_audio_array:240 - Trimmed audio: 14.15s -> 12.07s (removed 2.08s)
2026-07-17 16:42:19.712 | INFO     | __main__:_speech_response_from_payload:756 - TTS completed: 108 chars, queue=0.00s, infer=24.29s, format: wav
2026-07-17 16:42:23.847 | INFO     | __main__:_extract_params:417 - Beam search requested (num_beams=3). Overriding do_sample=True to False for deterministic output.
2026-07-17 16:42:23.847 | INFO     | __main__:_normalize_for_deepspeed:377 - DeepSpeed parameter normalisation:
2026-07-17 16:42:23.847 | INFO     | __main__:_normalize_for_deepspeed:378 -   • num_beams: 3→1, do_sample: forced False (DeepSpeed fallback to greedy decoding for deterministic output)
2026-07-17 16:42:23.848 | INFO     | __main__:_normalize_for_deepspeed:378 -   • max_mel_tokens: 1700→880 (DeepSpeed KV cache limit)
2026-07-17 16:42:23.884 | INFO     | __main__:_register_audio_from_base64:322 - Dynamic voice cache hit: spk_6a086b4a
2026-07-17 16:42:40.141 | INFO     | __main__:trim_audio_array:240 - Trimmed audio: 10.83s -> 8.78s (removed 2.05s)
2026-07-17 16:42:40.142 | INFO     | __main__:_speech_response_from_payload:756 - TTS completed: 81 chars, queue=0.00s, infer=16.17s, format: wav
2026-07-17 16:42:44.157 | INFO     | __main__:_extract_params:417 - Beam search requested (num_beams=3). Overriding do_sample=True to False for deterministic output.
2026-07-17 16:42:44.157 | INFO     | __main__:_normalize_for_deepspeed:377 - DeepSpeed parameter normalisation:
2026-07-17 16:42:44.158 | INFO     | __main__:_normalize_for_deepspeed:378 -   • num_beams: 3→1, do_sample: forced False (DeepSpeed fallback to greedy decoding for deterministic output)
2026-07-17 16:42:44.158 | INFO     | __main__:_normalize_for_deepspeed:378 -   • max_mel_tokens: 1700→880 (DeepSpeed KV cache limit)
2026-07-17 16:42:44.161 | INFO     | __main__:_register_audio_from_base64:322 - Dynamic voice cache hit: spk_6a086b4a
2026-07-17 16:42:59.019 | INFO     | __main__:trim_audio_array:240 - Trimmed audio: 10.26s -> 7.66s (removed 2.60s)
2026-07-17 16:42:59.021 | INFO     | __main__:_speech_response_from_payload:756 - TTS completed: 69 chars, queue=0.00s, infer=14.78s, format: wav
2026-07-17 16:43:20.862 | INFO     | __main__:_extract_params:417 - Beam search requested (num_beams=3). Overriding do_sample=True to False for deterministic output.
2026-07-17 16:43:20.862 | INFO     | __main__:_normalize_for_deepspeed:377 - DeepSpeed parameter normalisation:
2026-07-17 16:43:20.862 | INFO     | __main__:_normalize_for_deepspeed:378 -   • num_beams: 3→1, do_sample: forced False (DeepSpeed fallback to greedy decoding for deterministic output)
2026-07-17 16:43:20.863 | INFO     | __main__:_normalize_for_deepspeed:378 -   • max_mel_tokens: 1700→880 (DeepSpeed KV cache limit)
2026-07-17 16:43:20.866 | INFO     | __main__:_register_audio_from_base64:322 - Dynamic voice cache hit: spk_6a086b4a
2026-07-17 16:43:27.709 | INFO     | __main__:trim_audio_array:240 - Trimmed audio: 5.55s -> 3.60s (removed 1.95s)
2026-07-17 16:43:27.709 | INFO     | __main__:_speech_response_from_payload:756 - TTS completed: 34 chars, queue=0.00s, infer=6.78s, format: wav
2026-07-17 16:43:31.094 | INFO     | __main__:_extract_params:417 - Beam search requested (num_beams=3). Overriding do_sample=True to False for deterministic output.
2026-07-17 16:43:31.094 | INFO     | __main__:_normalize_for_deepspeed:377 - DeepSpeed parameter normalisation:
2026-07-17 16:43:31.095 | INFO     | __main__:_normalize_for_deepspeed:378 -   • num_beams: 3→1, do_sample: forced False (DeepSpeed fallback to greedy decoding for deterministic output)
2026-07-17 16:43:31.095 | INFO     | __main__:_normalize_for_deepspeed:378 -   • max_mel_tokens: 1700→880 (DeepSpeed KV cache limit)
2026-07-17 16:43:31.100 | INFO     | __main__:_register_audio_from_base64:322 - Dynamic voice cache hit: spk_6a086b4a
2026-07-17 16:43:39.269 | INFO     | __main__:trim_audio_array:240 - Trimmed audio: 6.44s -> 3.65s (removed 2.80s)
2026-07-17 16:43:39.270 | INFO     | __main__:_speech_response_from_payload:756 - TTS completed: 33 chars, queue=0.00s, infer=8.13s, format: wav
2026-07-17 16:43:58.799 | INFO     | __main__:_extract_params:417 - Beam search requested (num_beams=3). Overriding do_sample=True to False for deterministic output.
2026-07-17 16:43:58.799 | INFO     | __main__:_normalize_for_deepspeed:377 - DeepSpeed parameter normalisation:
2026-07-17 16:43:58.800 | INFO     | __main__:_normalize_for_deepspeed:378 -   • num_beams: 3→1, do_sample: forced False (DeepSpeed fallback to greedy decoding for deterministic output)
2026-07-17 16:43:58.800 | INFO     | __main__:_normalize_for_deepspeed:378 -   • max_mel_tokens: 1700→880 (DeepSpeed KV cache limit)
2026-07-17 16:43:58.804 | INFO     | __main__:_register_audio_from_base64:322 - Dynamic voice cache hit: spk_6a086b4a
2026-07-17 16:44:09.200 | INFO     | __main__:trim_audio_array:240 - Trimmed audio: 7.84s -> 5.74s (removed 2.10s)
2026-07-17 16:44:09.201 | INFO     | __main__:_speech_response_from_payload:756 - TTS completed: 50 chars, queue=0.00s, infer=10.33s, format: wav
2026-07-17 16:44:19.873 | INFO     | __main__:_extract_params:417 - Beam search requested (num_beams=3). Overriding do_sample=True to False for deterministic output.
2026-07-17 16:44:19.873 | INFO     | __main__:_normalize_for_deepspeed:377 - DeepSpeed parameter normalisation:
2026-07-17 16:44:19.874 | INFO     | __main__:_normalize_for_deepspeed:378 -   • num_beams: 3→1, do_sample: forced False (DeepSpeed fallback to greedy decoding for deterministic output)
2026-07-17 16:44:19.874 | INFO     | __main__:_normalize_for_deepspeed:378 -   • max_mel_tokens: 1700→880 (DeepSpeed KV cache limit)
2026-07-17 16:44:19.884 | INFO     | __main__:_register_audio_from_base64:322 - Dynamic voice cache hit: spk_6a086b4a
2026-07-17 16:44:33.000 | INFO     | __main__:trim_audio_array:240 - Trimmed audio: 9.42s -> 6.62s (removed 2.80s)
2026-07-17 16:44:33.002 | INFO     | __main__:_speech_response_from_payload:756 - TTS completed: 65 chars, queue=0.00s, infer=13.04s, format: wav
2026-07-17 16:44:56.744 | INFO     | __main__:_extract_params:417 - Beam search requested (num_beams=3). Overriding do_sample=True to False for deterministic output.
2026-07-17 16:44:56.745 | INFO     | __main__:_normalize_for_deepspeed:377 - DeepSpeed parameter normalisation:
2026-07-17 16:44:56.745 | INFO     | __main__:_normalize_for_deepspeed:378 -   • num_beams: 3→1, do_sample: forced False (DeepSpeed fallback to greedy decoding for deterministic output)
2026-07-17 16:44:56.745 | INFO     | __main__:_normalize_for_deepspeed:378 -   • max_mel_tokens: 1700→880 (DeepSpeed KV cache limit)
2026-07-17 16:44:56.749 | INFO     | __main__:_register_audio_from_base64:322 - Dynamic voice cache hit: spk_6a086b4a
2026-07-17 16:45:23.515 | INFO     | __main__:trim_audio_array:240 - Trimmed audio: 14.65s -> 12.77s (removed 1.88s)
2026-07-17 16:45:23.516 | INFO     | __main__:_speech_response_from_payload:756 - TTS completed: 101 chars, queue=0.00s, infer=26.64s, format: wav
2026-07-17 16:45:34.823 | INFO     | __main__:_extract_params:417 - Beam search requested (num_beams=3). Overriding do_sample=True to False for deterministic output.
2026-07-17 16:45:34.823 | INFO     | __main__:_normalize_for_deepspeed:377 - DeepSpeed parameter normalisation:
2026-07-17 16:45:34.824 | INFO     | __main__:_normalize_for_deepspeed:378 -   • num_beams: 3→1, do_sample: forced False (DeepSpeed fallback to greedy decoding for deterministic output)
2026-07-17 16:45:34.824 | INFO     | __main__:_normalize_for_deepspeed:378 -   • max_mel_tokens: 1700→880 (DeepSpeed KV cache limit)
2026-07-17 16:45:34.827 | INFO     | __main__:_register_audio_from_base64:322 - Dynamic voice cache hit: spk_6a086b4a
2026-07-17 16:45:44.368 | INFO     | __main__:trim_audio_array:240 - Trimmed audio: 7.36s -> 5.22s (removed 2.14s)
2026-07-17 16:45:44.369 | INFO     | __main__:_speech_response_from_payload:756 - TTS completed: 50 chars, queue=0.00s, infer=9.48s, format: wav
2026-07-17 16:45:48.673 | INFO     | __main__:_extract_params:417 - Beam search requested (num_beams=3). Overriding do_sample=True to False for deterministic output.
2026-07-17 16:45:48.674 | INFO     | __main__:_normalize_for_deepspeed:377 - DeepSpeed parameter normalisation:
2026-07-17 16:45:48.674 | INFO     | __main__:_normalize_for_deepspeed:378 -   • num_beams: 3→1, do_sample: forced False (DeepSpeed fallback to greedy decoding for deterministic output)
2026-07-17 16:45:48.674 | INFO     | __main__:_normalize_for_deepspeed:378 -   • max_mel_tokens: 1700→880 (DeepSpeed KV cache limit)
2026-07-17 16:45:48.678 | INFO     | __main__:_register_audio_from_base64:322 - Dynamic voice cache hit: spk_6a086b4a
2026-07-17 16:46:01.767 | INFO     | __main__:trim_audio_array:240 - Trimmed audio: 9.33s -> 7.52s (removed 1.81s)
2026-07-17 16:46:01.768 | INFO     | __main__:_speech_response_from_payload:756 - TTS completed: 78 chars, queue=0.00s, infer=13.01s, format: wav
2026-07-17 16:46:31.082 | INFO     | __main__:_extract_params:417 - Beam search requested (num_beams=3). Overriding do_sample=True to False for deterministic output.
2026-07-17 16:46:31.083 | INFO     | __main__:_normalize_for_deepspeed:377 - DeepSpeed parameter normalisation:
2026-07-17 16:46:31.083 | INFO     | __main__:_normalize_for_deepspeed:378 -   • num_beams: 3→1, do_sample: forced False (DeepSpeed fallback to greedy decoding for deterministic output)
2026-07-17 16:46:31.083 | INFO     | __main__:_normalize_for_deepspeed:378 -   • max_mel_tokens: 1700→880 (DeepSpeed KV cache limit)
2026-07-17 16:46:31.087 | INFO     | __main__:_register_audio_from_base64:322 - Dynamic voice cache hit: spk_6a086b4a
2026-07-17 16:46:41.648 | INFO     | __main__:trim_audio_array:240 - Trimmed audio: 7.92s -> 5.83s (removed 2.09s)
2026-07-17 16:46:41.649 | INFO     | __main__:_speech_response_from_payload:756 - TTS completed: 55 chars, queue=0.00s, infer=10.50s, format: wav
2026-07-17 16:47:25.847 | INFO     | __main__:_extract_params:417 - Beam search requested (num_beams=3). Overriding do_sample=True to False for deterministic output.
2026-07-17 16:47:25.848 | INFO     | __main__:_normalize_for_deepspeed:377 - DeepSpeed parameter normalisation:
2026-07-17 16:47:25.848 | INFO     | __main__:_normalize_for_deepspeed:378 -   • num_beams: 3→1, do_sample: forced False (DeepSpeed fallback to greedy decoding for deterministic output)
2026-07-17 16:47:25.848 | INFO     | __main__:_normalize_for_deepspeed:378 -   • max_mel_tokens: 1700→880 (DeepSpeed KV cache limit)
2026-07-17 16:47:25.852 | INFO     | __main__:_register_audio_from_base64:322 - Dynamic voice cache hit: spk_6a086b4a
2026-07-17 16:47:36.562 | INFO     | __main__:trim_audio_array:240 - Trimmed audio: 8.19s -> 6.48s (removed 1.71s)
2026-07-17 16:47:36.563 | INFO     | __main__:_speech_response_from_payload:756 - TTS completed: 51 chars, queue=0.00s, infer=10.65s, format: wav
2026-07-17 16:48:37.784 | INFO     | __main__:_extract_params:417 - Beam search requested (num_beams=3). Overriding do_sample=True to False for deterministic output.
2026-07-17 16:48:37.785 | INFO     | __main__:_normalize_for_deepspeed:377 - DeepSpeed parameter normalisation:
2026-07-17 16:48:37.785 | INFO     | __main__:_normalize_for_deepspeed:378 -   • num_beams: 3→1, do_sample: forced False (DeepSpeed fallback to greedy decoding for deterministic output)
2026-07-17 16:48:37.785 | INFO     | __main__:_normalize_for_deepspeed:378 -   • max_mel_tokens: 1700→880 (DeepSpeed KV cache limit)
2026-07-17 16:48:37.790 | INFO     | __main__:_register_audio_from_base64:322 - Dynamic voice cache hit: spk_6a086b4a
2026-07-17 16:48:52.289 | INFO     | __main__:trim_audio_array:240 - Trimmed audio: 10.24s -> 6.27s (removed 3.97s)
2026-07-17 16:48:52.291 | INFO     | __main__:_speech_response_from_payload:756 - TTS completed: 55 chars, queue=0.00s, infer=14.43s, format: wav
2026-07-17 16:49:49.087 | INFO     | __main__:_extract_params:417 - Beam search requested (num_beams=3). Overriding do_sample=True to False for deterministic output.
2026-07-17 16:49:49.088 | INFO     | __main__:_normalize_for_deepspeed:377 - DeepSpeed parameter normalisation:
2026-07-17 16:49:49.088 | INFO     | __main__:_normalize_for_deepspeed:378 -   • num_beams: 3→1, do_sample: forced False (DeepSpeed fallback to greedy decoding for deterministic output)
2026-07-17 16:49:49.088 | INFO     | __main__:_normalize_for_deepspeed:378 -   • max_mel_tokens: 1700→880 (DeepSpeed KV cache limit)
2026-07-17 16:49:49.092 | INFO     | __main__:_register_audio_from_base64:322 - Dynamic voice cache hit: spk_6a086b4a
2026-07-17 16:50:01.752 | INFO     | __main__:trim_audio_array:240 - Trimmed audio: 9.42s -> 4.46s (removed 4.95s)
2026-07-17 16:50:01.753 | INFO     | __main__:_speech_response_from_payload:756 - TTS completed: 43 chars, queue=0.00s, infer=12.60s, format: wav
2026-07-17 16:50:18.258 | INFO     | __main__:_extract_params:417 - Beam search requested (num_beams=3). Overriding do_sample=True to False for deterministic output.
2026-07-17 16:50:18.259 | INFO     | __main__:_normalize_for_deepspeed:377 - DeepSpeed parameter normalisation:
2026-07-17 16:50:18.259 | INFO     | __main__:_normalize_for_deepspeed:378 -   • num_beams: 3→1, do_sample: forced False (DeepSpeed fallback to greedy decoding for deterministic output)
2026-07-17 16:50:18.259 | INFO     | __main__:_normalize_for_deepspeed:378 -   • max_mel_tokens: 1700→880 (DeepSpeed KV cache limit)
2026-07-17 16:50:18.263 | INFO     | __main__:_register_audio_from_base64:322 - Dynamic voice cache hit: spk_6a086b4a
2026-07-17 16:50:31.428 | INFO     | __main__:trim_audio_array:240 - Trimmed audio: 9.49s -> 7.31s (removed 2.18s)
2026-07-17 16:50:31.429 | INFO     | __main__:_speech_response_from_payload:756 - TTS completed: 62 chars, queue=0.00s, infer=13.07s, format: wav
2026-07-17 16:50:57.439 | INFO     | __main__:_extract_params:417 - Beam search requested (num_beams=3). Overriding do_sample=True to False for deterministic output.
2026-07-17 16:50:57.440 | INFO     | __main__:_normalize_for_deepspeed:377 - DeepSpeed parameter normalisation:
2026-07-17 16:50:57.440 | INFO     | __main__:_normalize_for_deepspeed:378 -   • num_beams: 3→1, do_sample: forced False (DeepSpeed fallback to greedy decoding for deterministic output)
2026-07-17 16:50:57.440 | INFO     | __main__:_normalize_for_deepspeed:378 -   • max_mel_tokens: 1700→880 (DeepSpeed KV cache limit)
2026-07-17 16:50:57.445 | INFO     | __main__:_register_audio_from_base64:322 - Dynamic voice cache hit: spk_6a086b4a
2026-07-17 16:51:09.256 | INFO     | __main__:trim_audio_array:240 - Trimmed audio: 8.77s -> 6.59s (removed 2.17s)
2026-07-17 16:51:09.257 | INFO     | __main__:_speech_response_from_payload:756 - TTS completed: 56 chars, queue=0.00s, infer=11.74s, format: wav
2026-07-17 16:51:28.526 | INFO     | __main__:_extract_params:417 - Beam search requested (num_beams=3). Overriding do_sample=True to False for deterministic output.
2026-07-17 16:51:28.526 | INFO     | __main__:_normalize_for_deepspeed:377 - DeepSpeed parameter normalisation:
2026-07-17 16:51:28.527 | INFO     | __main__:_normalize_for_deepspeed:378 -   • num_beams: 3→1, do_sample: forced False (DeepSpeed fallback to greedy decoding for deterministic output)
2026-07-17 16:51:28.527 | INFO     | __main__:_normalize_for_deepspeed:378 -   • max_mel_tokens: 1700→880 (DeepSpeed KV cache limit)
2026-07-17 16:51:28.539 | INFO     | __main__:_register_audio_from_base64:322 - Dynamic voice cache hit: spk_6a086b4a
2026-07-17 16:51:40.264 | INFO     | __main__:trim_audio_array:240 - Trimmed audio: 8.74s -> 6.62s (removed 2.12s)
2026-07-17 16:51:40.265 | INFO     | __main__:_speech_response_from_payload:756 - TTS completed: 45 chars, queue=0.00s, infer=11.60s, format: wav
2026-07-17 16:51:54.319 | INFO     | __main__:_extract_params:417 - Beam search requested (num_beams=3). Overriding do_sample=True to False for deterministic output.
2026-07-17 16:51:54.320 | INFO     | __main__:_normalize_for_deepspeed:377 - DeepSpeed parameter normalisation:
2026-07-17 16:51:54.320 | INFO     | __main__:_normalize_for_deepspeed:378 -   • num_beams: 3→1, do_sample: forced False (DeepSpeed fallback to greedy decoding for deterministic output)
2026-07-17 16:51:54.320 | INFO     | __main__:_normalize_for_deepspeed:378 -   • max_mel_tokens: 1700→880 (DeepSpeed KV cache limit)
2026-07-17 16:51:54.324 | INFO     | __main__:_register_audio_from_base64:322 - Dynamic voice cache hit: spk_6a086b4a
2026-07-17 16:52:22.934 | INFO     | __main__:trim_audio_array:240 - Trimmed audio: 15.29s -> 12.98s (removed 2.31s)
2026-07-17 16:52:22.935 | INFO     | __main__:_speech_response_from_payload:756 - TTS completed: 109 chars, queue=0.00s, infer=28.47s, format: wav
2026-07-17 16:52:41.402 | INFO     | __main__:_extract_params:417 - Beam search requested (num_beams=3). Overriding do_sample=True to False for deterministic output.
2026-07-17 16:52:41.403 | INFO     | __main__:_normalize_for_deepspeed:377 - DeepSpeed parameter normalisation:
2026-07-17 16:52:41.403 | INFO     | __main__:_normalize_for_deepspeed:378 -   • num_beams: 3→1, do_sample: forced False (DeepSpeed fallback to greedy decoding for deterministic output)
2026-07-17 16:52:41.404 | INFO     | __main__:_normalize_for_deepspeed:378 -   • max_mel_tokens: 1700→880 (DeepSpeed KV cache limit)
2026-07-17 16:52:41.407 | INFO     | __main__:_register_audio_from_base64:322 - Dynamic voice cache hit: spk_6a086b4a
2026-07-17 16:52:49.736 | INFO     | __main__:trim_audio_array:240 - Trimmed audio: 6.61s -> 4.30s (removed 2.31s)
2026-07-17 16:52:49.737 | INFO     | __main__:_speech_response_from_payload:756 - TTS completed: 40 chars, queue=0.00s, infer=8.28s, format: wav
2026-07-17 16:53:15.426 | INFO     | __main__:_extract_params:417 - Beam search requested (num_beams=3). Overriding do_sample=True to False for deterministic output.
2026-07-17 16:53:15.427 | INFO     | __main__:_normalize_for_deepspeed:377 - DeepSpeed parameter normalisation:
2026-07-17 16:53:15.427 | INFO     | __main__:_normalize_for_deepspeed:378 -   • num_beams: 3→1, do_sample: forced False (DeepSpeed fallback to greedy decoding for deterministic output)
2026-07-17 16:53:15.427 | INFO     | __main__:_normalize_for_deepspeed:378 -   • max_mel_tokens: 1700→880 (DeepSpeed KV cache limit)
2026-07-17 16:53:15.431 | INFO     | __main__:_register_audio_from_base64:322 - Dynamic voice cache hit: spk_6a086b4a
2026-07-17 16:53:23.648 | INFO     | __main__:trim_audio_array:240 - Trimmed audio: 6.50s -> 4.30s (removed 2.20s)
2026-07-17 16:53:23.649 | INFO     | __main__:_speech_response_from_payload:756 - TTS completed: 38 chars, queue=0.00s, infer=8.11s, format: wav
2026-07-17 16:53:47.090 | INFO     | __main__:_extract_params:417 - Beam search requested (num_beams=3). Overriding do_sample=True to False for deterministic output.
2026-07-17 16:53:47.090 | INFO     | __main__:_normalize_for_deepspeed:377 - DeepSpeed parameter normalisation:
2026-07-17 16:53:47.091 | INFO     | __main__:_normalize_for_deepspeed:378 -   • num_beams: 3→1, do_sample: forced False (DeepSpeed fallback to greedy decoding for deterministic output)
2026-07-17 16:53:47.091 | INFO     | __main__:_normalize_for_deepspeed:378 -   • max_mel_tokens: 1700→880 (DeepSpeed KV cache limit)
2026-07-17 16:53:47.096 | INFO     | __main__:_register_audio_from_base64:322 - Dynamic voice cache hit: spk_6a086b4a
2026-07-17 16:53:57.353 | INFO     | __main__:trim_audio_array:240 - Trimmed audio: 7.83s -> 5.53s (removed 2.30s)
2026-07-17 16:53:57.354 | INFO     | __main__:_speech_response_from_payload:756 - TTS completed: 52 chars, queue=0.00s, infer=10.19s, format: wav
2026-07-17 16:54:23.067 | INFO     | __main__:_extract_params:417 - Beam search requested (num_beams=3). Overriding do_sample=True to False for deterministic output.
2026-07-17 16:54:23.067 | INFO     | __main__:_normalize_for_deepspeed:377 - DeepSpeed parameter normalisation:
2026-07-17 16:54:23.067 | INFO     | __main__:_normalize_for_deepspeed:378 -   • num_beams: 3→1, do_sample: forced False (DeepSpeed fallback to greedy decoding for deterministic output)
2026-07-17 16:54:23.068 | INFO     | __main__:_normalize_for_deepspeed:378 -   • max_mel_tokens: 1700→880 (DeepSpeed KV cache limit)
2026-07-17 16:54:23.084 | INFO     | __main__:_register_audio_from_base64:322 - Dynamic voice cache hit: spk_6a086b4a
2026-07-17 16:54:36.618 | INFO     | __main__:trim_audio_array:240 - Trimmed audio: 9.66s -> 7.87s (removed 1.79s)
2026-07-17 16:54:36.619 | INFO     | __main__:_speech_response_from_payload:756 - TTS completed: 65 chars, queue=0.00s, infer=13.46s, format: wav
2026-07-17 16:54:40.238 | INFO     | __main__:_extract_params:417 - Beam search requested (num_beams=3). Overriding do_sample=True to False for deterministic output.
2026-07-17 16:54:40.238 | INFO     | __main__:_normalize_for_deepspeed:377 - DeepSpeed parameter normalisation:
2026-07-17 16:54:40.238 | INFO     | __main__:_normalize_for_deepspeed:378 -   • num_beams: 3→1, do_sample: forced False (DeepSpeed fallback to greedy decoding for deterministic output)
2026-07-17 16:54:40.239 | INFO     | __main__:_normalize_for_deepspeed:378 -   • max_mel_tokens: 1700→880 (DeepSpeed KV cache limit)
2026-07-17 16:54:40.285 | INFO     | __main__:_register_audio_from_base64:322 - Dynamic voice cache hit: spk_6a086b4a
2026-07-17 16:55:00.877 | INFO     | __main__:trim_audio_array:240 - Trimmed audio: 12.57s -> 11.22s (removed 1.35s)
2026-07-17 16:55:00.878 | INFO     | __main__:_speech_response_from_payload:756 - TTS completed: 110 chars, queue=0.00s, infer=20.48s, format: wav
2026-07-17 16:55:44.530 | INFO     | __main__:_extract_params:417 - Beam search requested (num_beams=3). Overriding do_sample=True to False for deterministic output.
2026-07-17 16:55:44.530 | INFO     | __main__:_normalize_for_deepspeed:377 - DeepSpeed parameter normalisation:
2026-07-17 16:55:44.530 | INFO     | __main__:_normalize_for_deepspeed:378 -   • num_beams: 3→1, do_sample: forced False (DeepSpeed fallback to greedy decoding for deterministic output)
2026-07-17 16:55:44.531 | INFO     | __main__:_normalize_for_deepspeed:378 -   • max_mel_tokens: 1700→880 (DeepSpeed KV cache limit)
2026-07-17 16:55:44.534 | INFO     | __main__:_register_audio_from_base64:322 - Dynamic voice cache hit: spk_6a086b4a
2026-07-17 16:56:13.504 | INFO     | __main__:trim_audio_array:240 - Trimmed audio: 15.67s -> 15.16s (removed 0.51s)
2026-07-17 16:56:13.505 | INFO     | __main__:_speech_response_from_payload:756 - TTS completed: 86 chars, queue=0.00s, infer=28.83s, format: wav
2026-07-17 16:56:17.954 | INFO     | __main__:_extract_params:417 - Beam search requested (num_beams=3). Overriding do_sample=True to False for deterministic output.
2026-07-17 16:56:17.954 | INFO     | __main__:_normalize_for_deepspeed:377 - DeepSpeed parameter normalisation:
2026-07-17 16:56:17.955 | INFO     | __main__:_normalize_for_deepspeed:378 -   • num_beams: 3→1, do_sample: forced False (DeepSpeed fallback to greedy decoding for deterministic output)
2026-07-17 16:56:17.955 | INFO     | __main__:_normalize_for_deepspeed:378 -   • max_mel_tokens: 1700→880 (DeepSpeed KV cache limit)
2026-07-17 16:56:17.959 | INFO     | __main__:_register_audio_from_base64:322 - Dynamic voice cache hit: spk_6a086b4a
2026-07-17 16:56:28.148 | INFO     | __main__:trim_audio_array:240 - Trimmed audio: 7.80s -> 4.88s (removed 2.93s)
2026-07-17 16:56:28.149 | INFO     | __main__:_speech_response_from_payload:756 - TTS completed: 43 chars, queue=0.00s, infer=10.13s, format: wav
2026-07-17 16:56:40.485 | INFO     | __main__:_extract_params:417 - Beam search requested (num_beams=3). Overriding do_sample=True to False for deterministic output.
2026-07-17 16:56:40.486 | INFO     | __main__:_normalize_for_deepspeed:377 - DeepSpeed parameter normalisation:
2026-07-17 16:56:40.486 | INFO     | __main__:_normalize_for_deepspeed:378 -   • num_beams: 3→1, do_sample: forced False (DeepSpeed fallback to greedy decoding for deterministic output)
2026-07-17 16:56:40.486 | INFO     | __main__:_normalize_for_deepspeed:378 -   • max_mel_tokens: 1700→880 (DeepSpeed KV cache limit)
2026-07-17 16:56:40.491 | INFO     | __main__:_register_audio_from_base64:322 - Dynamic voice cache hit: spk_6a086b4a
2026-07-17 16:56:52.373 | INFO     | __main__:trim_audio_array:240 - Trimmed audio: 8.77s -> 6.37s (removed 2.40s)
2026-07-17 16:56:52.374 | INFO     | __main__:_speech_response_from_payload:756 - TTS completed: 59 chars, queue=0.00s, infer=11.82s, format: wav
2026-07-17 16:56:55.970 | INFO     | __main__:_extract_params:417 - Beam search requested (num_beams=3). Overriding do_sample=True to False for deterministic output.
2026-07-17 16:56:55.970 | INFO     | __main__:_normalize_for_deepspeed:377 - DeepSpeed parameter normalisation:
2026-07-17 16:56:55.971 | INFO     | __main__:_normalize_for_deepspeed:378 -   • num_beams: 3→1, do_sample: forced False (DeepSpeed fallback to greedy decoding for deterministic output)
2026-07-17 16:56:55.971 | INFO     | __main__:_normalize_for_deepspeed:378 -   • max_mel_tokens: 1700→880 (DeepSpeed KV cache limit)
2026-07-17 16:56:55.974 | INFO     | __main__:_register_audio_from_base64:322 - Dynamic voice cache hit: spk_6a086b4a
2026-07-17 16:57:02.964 | INFO     | __main__:trim_audio_array:240 - Trimmed audio: 5.55s -> 3.58s (removed 1.97s)
2026-07-17 16:57:02.965 | INFO     | __main__:_speech_response_from_payload:756 - TTS completed: 35 chars, queue=0.00s, infer=6.95s, format: wav
2026-07-17 16:57:21.226 | INFO     | __main__:_extract_params:417 - Beam search requested (num_beams=3). Overriding do_sample=True to False for deterministic output.
2026-07-17 16:57:21.226 | INFO     | __main__:_normalize_for_deepspeed:377 - DeepSpeed parameter normalisation:
2026-07-17 16:57:21.226 | INFO     | __main__:_normalize_for_deepspeed:378 -   • num_beams: 3→1, do_sample: forced False (DeepSpeed fallback to greedy decoding for deterministic output)
2026-07-17 16:57:21.227 | INFO     | __main__:_normalize_for_deepspeed:378 -   • max_mel_tokens: 1700→880 (DeepSpeed KV cache limit)
2026-07-17 16:57:21.230 | INFO     | __main__:_register_audio_from_base64:322 - Dynamic voice cache hit: spk_6a086b4a
2026-07-17 16:57:30.674 | INFO     | __main__:trim_audio_array:240 - Trimmed audio: 7.34s -> 5.13s (removed 2.21s)
2026-07-17 16:57:30.675 | INFO     | __main__:_speech_response_from_payload:756 - TTS completed: 44 chars, queue=0.00s, infer=9.39s, format: wav
2026-07-17 16:57:34.200 | INFO     | __main__:_extract_params:417 - Beam search requested (num_beams=3). Overriding do_sample=True to False for deterministic output.
2026-07-17 16:57:34.201 | INFO     | __main__:_normalize_for_deepspeed:377 - DeepSpeed parameter normalisation:
2026-07-17 16:57:34.201 | INFO     | __main__:_normalize_for_deepspeed:378 -   • num_beams: 3→1, do_sample: forced False (DeepSpeed fallback to greedy decoding for deterministic output)
2026-07-17 16:57:34.202 | INFO     | __main__:_normalize_for_deepspeed:378 -   • max_mel_tokens: 1700→880 (DeepSpeed KV cache limit)
2026-07-17 16:57:34.206 | INFO     | __main__:_register_audio_from_base64:322 - Dynamic voice cache hit: spk_6a086b4a
2026-07-17 16:57:45.058 | INFO     | __main__:trim_audio_array:240 - Trimmed audio: 8.22s -> 5.96s (removed 2.26s)
2026-07-17 16:57:45.059 | INFO     | __main__:_speech_response_from_payload:756 - TTS completed: 42 chars, queue=0.00s, infer=10.79s, format: wav
2026-07-17 16:57:56.016 | INFO     | __main__:_extract_params:417 - Beam search requested (num_beams=3). Overriding do_sample=True to False for deterministic output.
2026-07-17 16:57:56.017 | INFO     | __main__:_normalize_for_deepspeed:377 - DeepSpeed parameter normalisation:
2026-07-17 16:57:56.017 | INFO     | __main__:_normalize_for_deepspeed:378 -   • num_beams: 3→1, do_sample: forced False (DeepSpeed fallback to greedy decoding for deterministic output)
2026-07-17 16:57:56.018 | INFO     | __main__:_normalize_for_deepspeed:378 -   • max_mel_tokens: 1700→880 (DeepSpeed KV cache limit)
2026-07-17 16:57:56.021 | INFO     | __main__:_register_audio_from_base64:322 - Dynamic voice cache hit: spk_6a086b4a
2026-07-17 16:58:02.637 | INFO     | __main__:trim_audio_array:240 - Trimmed audio: 5.27s -> 4.18s (removed 1.09s)
2026-07-17 16:58:02.638 | INFO     | __main__:_speech_response_from_payload:756 - TTS completed: 29 chars, queue=0.00s, infer=6.56s, format: wav
2026-07-17 16:58:13.175 | INFO     | __main__:_extract_params:417 - Beam search requested (num_beams=3). Overriding do_sample=True to False for deterministic output.
2026-07-17 16:58:13.176 | INFO     | __main__:_normalize_for_deepspeed:377 - DeepSpeed parameter normalisation:
2026-07-17 16:58:13.176 | INFO     | __main__:_normalize_for_deepspeed:378 -   • num_beams: 3→1, do_sample: forced False (DeepSpeed fallback to greedy decoding for deterministic output)
2026-07-17 16:58:13.176 | INFO     | __main__:_normalize_for_deepspeed:378 -   • max_mel_tokens: 1700→880 (DeepSpeed KV cache limit)
2026-07-17 16:58:13.179 | INFO     | __main__:_register_audio_from_base64:322 - Dynamic voice cache hit: spk_6a086b4a
2026-07-17 16:58:26.894 | INFO     | __main__:trim_audio_array:240 - Trimmed audio: 9.68s -> 6.32s (removed 3.37s)
2026-07-17 16:58:26.895 | INFO     | __main__:_speech_response_from_payload:756 - TTS completed: 45 chars, queue=0.00s, infer=13.65s, format: wav
2026-07-17 16:59:05.978 | INFO     | __main__:_extract_params:417 - Beam search requested (num_beams=3). Overriding do_sample=True to False for deterministic output.
2026-07-17 16:59:05.979 | INFO     | __main__:_normalize_for_deepspeed:377 - DeepSpeed parameter normalisation:
2026-07-17 16:59:05.980 | INFO     | __main__:_normalize_for_deepspeed:378 -   • num_beams: 3→1, do_sample: forced False (DeepSpeed fallback to greedy decoding for deterministic output)
2026-07-17 16:59:05.980 | INFO     | __main__:_normalize_for_deepspeed:378 -   • max_mel_tokens: 1700→880 (DeepSpeed KV cache limit)
2026-07-17 16:59:05.983 | INFO     | __main__:_register_audio_from_base64:322 - Dynamic voice cache hit: spk_6a086b4a
2026-07-17 16:59:15.342 | INFO     | __main__:trim_audio_array:240 - Trimmed audio: 7.28s -> 4.60s (removed 2.68s)
2026-07-17 16:59:15.343 | INFO     | __main__:_speech_response_from_payload:756 - TTS completed: 36 chars, queue=0.00s, infer=9.30s, format: wav
2026-07-17 16:59:39.785 | INFO     | __main__:_extract_params:417 - Beam search requested (num_beams=3). Overriding do_sample=True to False for deterministic output.
2026-07-17 16:59:39.785 | INFO     | __main__:_normalize_for_deepspeed:377 - DeepSpeed parameter normalisation:
2026-07-17 16:59:39.786 | INFO     | __main__:_normalize_for_deepspeed:378 -   • num_beams: 3→1, do_sample: forced False (DeepSpeed fallback to greedy decoding for deterministic output)
2026-07-17 16:59:39.786 | INFO     | __main__:_normalize_for_deepspeed:378 -   • max_mel_tokens: 1700→880 (DeepSpeed KV cache limit)
2026-07-17 16:59:39.791 | INFO     | __main__:_register_audio_from_base64:322 - Dynamic voice cache hit: spk_6a086b4a
2026-07-17 16:59:47.738 | INFO     | __main__:trim_audio_array:240 - Trimmed audio: 6.34s -> 3.72s (removed 2.62s)
2026-07-17 16:59:47.739 | INFO     | __main__:_speech_response_from_payload:756 - TTS completed: 32 chars, queue=0.00s, infer=7.90s, format: wav
2026-07-17 16:59:52.019 | INFO     | __main__:_extract_params:417 - Beam search requested (num_beams=3). Overriding do_sample=True to False for deterministic output.
2026-07-17 16:59:52.019 | INFO     | __main__:_normalize_for_deepspeed:377 - DeepSpeed parameter normalisation:
2026-07-17 16:59:52.019 | INFO     | __main__:_normalize_for_deepspeed:378 -   • num_beams: 3→1, do_sample: forced False (DeepSpeed fallback to greedy decoding for deterministic output)
2026-07-17 16:59:52.019 | INFO     | __main__:_normalize_for_deepspeed:378 -   • max_mel_tokens: 1700→880 (DeepSpeed KV cache limit)
2026-07-17 16:59:52.023 | INFO     | __main__:_register_audio_from_base64:322 - Dynamic voice cache hit: spk_6a086b4a
2026-07-17 16:59:58.949 | INFO     | __main__:trim_audio_array:240 - Trimmed audio: 5.55s -> 3.76s (removed 1.79s)
2026-07-17 16:59:58.950 | INFO     | __main__:_speech_response_from_payload:756 - TTS completed: 34 chars, queue=0.00s, infer=6.89s, format: wav
2026-07-17 17:00:08.040 | INFO     | __main__:_extract_params:417 - Beam search requested (num_beams=3). Overriding do_sample=True to False for deterministic output.
2026-07-17 17:00:08.040 | INFO     | __main__:_normalize_for_deepspeed:377 - DeepSpeed parameter normalisation:
2026-07-17 17:00:08.041 | INFO     | __main__:_normalize_for_deepspeed:378 -   • num_beams: 3→1, do_sample: forced False (DeepSpeed fallback to greedy decoding for deterministic output)
2026-07-17 17:00:08.041 | INFO     | __main__:_normalize_for_deepspeed:378 -   • max_mel_tokens: 1700→880 (DeepSpeed KV cache limit)
2026-07-17 17:00:08.044 | INFO     | __main__:_register_audio_from_base64:322 - Dynamic voice cache hit: spk_6a086b4a
2026-07-17 17:00:15.857 | INFO     | __main__:trim_audio_array:240 - Trimmed audio: 6.25s -> 4.18s (removed 2.07s)
2026-07-17 17:00:15.858 | INFO     | __main__:_speech_response_from_payload:756 - TTS completed: 35 chars, queue=0.00s, infer=7.76s, format: wav
2026-07-17 17:00:40.817 | INFO     | __main__:_extract_params:417 - Beam search requested (num_beams=3). Overriding do_sample=True to False for deterministic output.
2026-07-17 17:00:40.817 | INFO     | __main__:_normalize_for_deepspeed:377 - DeepSpeed parameter normalisation:
2026-07-17 17:00:40.818 | INFO     | __main__:_normalize_for_deepspeed:378 -   • num_beams: 3→1, do_sample: forced False (DeepSpeed fallback to greedy decoding for deterministic output)
2026-07-17 17:00:40.818 | INFO     | __main__:_normalize_for_deepspeed:378 -   • max_mel_tokens: 1700→880 (DeepSpeed KV cache limit)
2026-07-17 17:00:40.821 | INFO     | __main__:_register_audio_from_base64:322 - Dynamic voice cache hit: spk_6a086b4a
2026-07-17 17:00:52.656 | INFO     | __main__:trim_audio_array:240 - Trimmed audio: 8.72s -> 6.27s (removed 2.45s)
2026-07-17 17:00:52.657 | INFO     | __main__:_speech_response_from_payload:756 - TTS completed: 56 chars, queue=0.00s, infer=11.77s, format: wav
2026-07-17 17:01:03.129 | INFO     | __main__:_extract_params:417 - Beam search requested (num_beams=3). Overriding do_sample=True to False for deterministic output.
2026-07-17 17:01:03.130 | INFO     | __main__:_normalize_for_deepspeed:377 - DeepSpeed parameter normalisation:
2026-07-17 17:01:03.130 | INFO     | __main__:_normalize_for_deepspeed:378 -   • num_beams: 3→1, do_sample: forced False (DeepSpeed fallback to greedy decoding for deterministic output)
2026-07-17 17:01:03.130 | INFO     | __main__:_normalize_for_deepspeed:378 -   • max_mel_tokens: 1700→880 (DeepSpeed KV cache limit)
2026-07-17 17:01:03.134 | INFO     | __main__:_register_audio_from_base64:322 - Dynamic voice cache hit: spk_6a086b4a
2026-07-17 17:01:41.863 | INFO     | __main__:trim_audio_array:240 - Trimmed audio: 17.57s -> 17.31s (removed 0.26s)
2026-07-17 17:01:41.865 | INFO     | __main__:_speech_response_from_payload:756 - TTS completed: 170 chars, queue=0.00s, infer=38.57s, format: wav
2026-07-17 17:03:38.617 | INFO     | __main__:_extract_params:417 - Beam search requested (num_beams=3). Overriding do_sample=True to False for deterministic output.
2026-07-17 17:03:38.618 | INFO     | __main__:_normalize_for_deepspeed:377 - DeepSpeed parameter normalisation:
2026-07-17 17:03:38.618 | INFO     | __main__:_normalize_for_deepspeed:378 -   • num_beams: 3→1, do_sample: forced False (DeepSpeed fallback to greedy decoding for deterministic output)
2026-07-17 17:03:38.618 | INFO     | __main__:_normalize_for_deepspeed:378 -   • max_mel_tokens: 1700→880 (DeepSpeed KV cache limit)
2026-07-17 17:03:38.622 | INFO     | __main__:_register_audio_from_base64:322 - Dynamic voice cache hit: spk_6a086b4a
2026-07-17 17:03:49.670 | INFO     | __main__:trim_audio_array:240 - Trimmed audio: 8.24s -> 6.43s (removed 1.81s)
2026-07-17 17:03:49.671 | INFO     | __main__:_speech_response_from_payload:756 - TTS completed: 59 chars, queue=0.00s, infer=10.98s, format: wav
2026-07-17 17:04:33.609 | INFO     | __main__:_extract_params:417 - Beam search requested (num_beams=3). Overriding do_sample=True to False for deterministic output.
2026-07-17 17:04:33.610 | INFO     | __main__:_normalize_for_deepspeed:377 - DeepSpeed parameter normalisation:
2026-07-17 17:04:33.610 | INFO     | __main__:_normalize_for_deepspeed:378 -   • num_beams: 3→1, do_sample: forced False (DeepSpeed fallback to greedy decoding for deterministic output)
2026-07-17 17:04:33.610 | INFO     | __main__:_normalize_for_deepspeed:378 -   • max_mel_tokens: 1700→880 (DeepSpeed KV cache limit)
2026-07-17 17:04:33.614 | INFO     | __main__:_register_audio_from_base64:322 - Dynamic voice cache hit: spk_6a086b4a
2026-07-17 17:04:53.432 | INFO     | __main__:trim_audio_array:240 - Trimmed audio: 12.46s -> 10.66s (removed 1.80s)
2026-07-17 17:04:53.433 | INFO     | __main__:_speech_response_from_payload:756 - TTS completed: 92 chars, queue=0.00s, infer=19.70s, format: wav
2026-07-17 17:38:11.031 | INFO     | __main__:_extract_params:417 - Beam search requested (num_beams=3). Overriding do_sample=True to False for deterministic output.
2026-07-17 17:38:11.031 | INFO     | __main__:_normalize_for_deepspeed:377 - DeepSpeed parameter normalisation:
2026-07-17 17:38:11.031 | INFO     | __main__:_normalize_for_deepspeed:378 -   • num_beams: 3→1, do_sample: forced False (DeepSpeed fallback to greedy decoding for deterministic output)
2026-07-17 17:38:11.032 | INFO     | __main__:_normalize_for_deepspeed:378 -   • max_mel_tokens: 1700→880 (DeepSpeed KV cache limit)
2026-07-17 17:38:11.035 | INFO     | __main__:_register_audio_from_base64:322 - Dynamic voice cache hit: spk_f80b03fb
2026-07-17 17:38:48.017 | INFO     | __main__:_speech_response_from_payload:756 - TTS completed: 178 chars, queue=0.00s, infer=36.83s, format: wav
2026-07-17 17:41:57.252 | INFO     | __main__:lifespan:643 - Shutting down...
2026-07-17 17:50:49.506 | INFO     | __main__:<module>:963 - IndexTTS2 API Server - http://0.0.0.0:8002
2026-07-17 17:50:49.506 | INFO     | __main__:<module>:964 - Device: auto, FP16: True, DeepSpeed: False
2026-07-17 17:50:49.528 | INFO     | __main__:lifespan:574 - Initializing IndexTTS2...
2026-07-17 17:50:49.528 | INFO     | __main__:lifespan:583 - IndexTTS2 initialized successfully (reusing instance, DeepSpeed: disabled)
2026-07-17 17:50:49.528 | INFO     | __main__:lifespan:608 - Patched GPT generate() to filter vocoder kwargs and unsupported DeepSpeed flags
2026-07-17 17:50:49.529 | INFO     | __main__:lifespan:636 - Loaded 56 voices
2026-07-17 17:51:13.096 | INFO     | __main__:lifespan:643 - Shutting down...
2026-07-17 18:36:12.585 | INFO     | __main__:<module>:963 - IndexTTS2 API Server - http://0.0.0.0:8002
2026-07-17 18:36:12.585 | INFO     | __main__:<module>:964 - Device: auto, FP16: False, DeepSpeed: True
2026-07-17 18:36:12.618 | INFO     | __main__:lifespan:574 - Initializing IndexTTS2...
2026-07-17 18:36:12.618 | INFO     | __main__:lifespan:583 - IndexTTS2 initialized successfully (reusing instance, DeepSpeed: enabled)
2026-07-17 18:36:12.619 | INFO     | __main__:lifespan:608 - Patched GPT generate() to filter vocoder kwargs and unsupported DeepSpeed flags
2026-07-17 18:36:12.620 | INFO     | __main__:lifespan:636 - Loaded 57 voices
2026-07-17 18:36:54.486 | INFO     | __main__:_extract_params:417 - Beam search requested (num_beams=3). Overriding do_sample=True to False for deterministic output.
2026-07-17 18:36:54.486 | INFO     | __main__:_normalize_for_deepspeed:377 - DeepSpeed parameter normalisation:
2026-07-17 18:36:54.487 | INFO     | __main__:_normalize_for_deepspeed:378 -   • num_beams: 3→1, do_sample: forced False (DeepSpeed fallback to greedy decoding for deterministic output)
2026-07-17 18:36:54.487 | INFO     | __main__:_normalize_for_deepspeed:378 -   • max_mel_tokens: 1700→880 (DeepSpeed KV cache limit)
2026-07-17 18:36:54.494 | INFO     | __main__:_register_audio_from_base64:322 - Dynamic voice cache hit: spk_493fe83f
2026-07-17 18:37:36.490 | INFO     | __main__:trim_audio_array:240 - Trimmed audio: 17.57s -> 17.07s (removed 0.50s)
2026-07-17 18:37:36.491 | INFO     | __main__:_speech_response_from_payload:756 - TTS completed: 201 chars, queue=0.00s, infer=41.70s, format: wav
2026-07-17 18:45:39.456 | INFO     | __main__:<module>:963 - IndexTTS2 API Server - http://0.0.0.0:8002
2026-07-17 18:45:39.457 | INFO     | __main__:<module>:964 - Device: auto, FP16: False, DeepSpeed: True
2026-07-17 18:45:39.482 | INFO     | __main__:lifespan:574 - Initializing IndexTTS2...
2026-07-17 18:45:39.482 | INFO     | __main__:lifespan:583 - IndexTTS2 initialized successfully (reusing instance, DeepSpeed: enabled)
2026-07-17 18:45:39.482 | INFO     | __main__:lifespan:608 - Patched GPT generate() to filter vocoder kwargs and unsupported DeepSpeed flags
2026-07-17 18:45:39.483 | INFO     | __main__:lifespan:636 - Loaded 57 voices
2026-07-17 18:45:51.514 | INFO     | __main__:_extract_params:417 - Beam search requested (num_beams=3). Overriding do_sample=True to False for deterministic output.
2026-07-17 18:45:51.514 | INFO     | __main__:_normalize_for_deepspeed:377 - DeepSpeed parameter normalisation:
2026-07-17 18:45:51.515 | INFO     | __main__:_normalize_for_deepspeed:378 -   • num_beams: 3→1, do_sample: forced False (DeepSpeed fallback to greedy decoding for deterministic output)
2026-07-17 18:45:51.515 | INFO     | __main__:_normalize_for_deepspeed:378 -   • max_mel_tokens: 1700→880 (DeepSpeed KV cache limit)
2026-07-17 18:45:51.519 | INFO     | __main__:_register_audio_from_base64:322 - Dynamic voice cache hit: spk_493fe83f
2026-07-17 18:46:32.386 | INFO     | __main__:trim_audio_array:240 - Trimmed audio: 17.57s -> 17.40s (removed 0.16s)
2026-07-17 18:46:32.388 | INFO     | __main__:_speech_response_from_payload:756 - TTS completed: 180 chars, queue=0.00s, infer=40.56s, format: wav
2026-07-17 18:46:38.986 | INFO     | __main__:_extract_params:417 - Beam search requested (num_beams=3). Overriding do_sample=True to False for deterministic output.
2026-07-17 18:46:38.986 | INFO     | __main__:_normalize_for_deepspeed:377 - DeepSpeed parameter normalisation:
2026-07-17 18:46:38.987 | INFO     | __main__:_normalize_for_deepspeed:378 -   • num_beams: 3→1, do_sample: forced False (DeepSpeed fallback to greedy decoding for deterministic output)
2026-07-17 18:46:38.987 | INFO     | __main__:_normalize_for_deepspeed:378 -   • max_mel_tokens: 1700→880 (DeepSpeed KV cache limit)
2026-07-17 18:46:38.993 | INFO     | __main__:_register_audio_from_base64:322 - Dynamic voice cache hit: spk_493fe83f
2026-07-17 18:47:17.267 | INFO     | __main__:trim_audio_array:240 - Trimmed audio: 17.57s -> 17.01s (removed 0.56s)
2026-07-17 18:47:17.268 | INFO     | __main__:_speech_response_from_payload:756 - TTS completed: 180 chars, queue=0.00s, infer=38.13s, format: wav
2026-07-17 18:47:22.914 | INFO     | __main__:_extract_params:417 - Beam search requested (num_beams=3). Overriding do_sample=True to False for deterministic output.
2026-07-17 18:47:22.914 | INFO     | __main__:_normalize_for_deepspeed:377 - DeepSpeed parameter normalisation:
2026-07-17 18:47:22.915 | INFO     | __main__:_normalize_for_deepspeed:378 -   • num_beams: 3→1, do_sample: forced False (DeepSpeed fallback to greedy decoding for deterministic output)
2026-07-17 18:47:22.915 | INFO     | __main__:_normalize_for_deepspeed:378 -   • max_mel_tokens: 1700→880 (DeepSpeed KV cache limit)
2026-07-17 18:47:22.984 | INFO     | __main__:_register_audio_from_base64:322 - Dynamic voice cache hit: spk_493fe83f
2026-07-17 18:48:01.862 | INFO     | __main__:trim_audio_array:240 - Trimmed audio: 17.57s -> 16.25s (removed 1.32s)
2026-07-17 18:48:01.863 | INFO     | __main__:_speech_response_from_payload:756 - TTS completed: 187 chars, queue=0.00s, infer=38.72s, format: wav
2026-07-17 18:48:13.281 | INFO     | __main__:_extract_params:417 - Beam search requested (num_beams=3). Overriding do_sample=True to False for deterministic output.
2026-07-17 18:48:13.281 | INFO     | __main__:_normalize_for_deepspeed:377 - DeepSpeed parameter normalisation:
2026-07-17 18:48:13.282 | INFO     | __main__:_normalize_for_deepspeed:378 -   • num_beams: 3→1, do_sample: forced False (DeepSpeed fallback to greedy decoding for deterministic output)
2026-07-17 18:48:13.282 | INFO     | __main__:_normalize_for_deepspeed:378 -   • max_mel_tokens: 1700→880 (DeepSpeed KV cache limit)
2026-07-17 18:48:13.287 | INFO     | __main__:_register_audio_from_base64:322 - Dynamic voice cache hit: spk_493fe83f
2026-07-17 18:48:53.737 | INFO     | __main__:trim_audio_array:240 - Trimmed audio: 17.57s -> 17.40s (removed 0.16s)
2026-07-17 18:48:53.738 | INFO     | __main__:_speech_response_from_payload:756 - TTS completed: 212 chars, queue=0.00s, infer=40.30s, format: wav
2026-07-17 18:48:58.250 | INFO     | __main__:_extract_params:417 - Beam search requested (num_beams=3). Overriding do_sample=True to False for deterministic output.
2026-07-17 18:48:58.250 | INFO     | __main__:_normalize_for_deepspeed:377 - DeepSpeed parameter normalisation:
2026-07-17 18:48:58.251 | INFO     | __main__:_normalize_for_deepspeed:378 -   • num_beams: 3→1, do_sample: forced False (DeepSpeed fallback to greedy decoding for deterministic output)
2026-07-17 18:48:58.251 | INFO     | __main__:_normalize_for_deepspeed:378 -   • max_mel_tokens: 1700→880 (DeepSpeed KV cache limit)
2026-07-17 18:48:58.285 | INFO     | __main__:_register_audio_from_base64:322 - Dynamic voice cache hit: spk_493fe83f
2026-07-17 18:49:38.455 | INFO     | __main__:trim_audio_array:240 - Trimmed audio: 17.57s -> 17.31s (removed 0.26s)
2026-07-17 18:49:38.456 | INFO     | __main__:_speech_response_from_payload:756 - TTS completed: 189 chars, queue=0.00s, infer=40.03s, format: wav
2026-07-17 18:49:57.046 | INFO     | __main__:_extract_params:417 - Beam search requested (num_beams=3). Overriding do_sample=True to False for deterministic output.
2026-07-17 18:49:57.047 | INFO     | __main__:_normalize_for_deepspeed:377 - DeepSpeed parameter normalisation:
2026-07-17 18:49:57.047 | INFO     | __main__:_normalize_for_deepspeed:378 -   • num_beams: 3→1, do_sample: forced False (DeepSpeed fallback to greedy decoding for deterministic output)
2026-07-17 18:49:57.047 | INFO     | __main__:_normalize_for_deepspeed:378 -   • max_mel_tokens: 1700→880 (DeepSpeed KV cache limit)
2026-07-17 18:49:57.054 | INFO     | __main__:_register_audio_from_base64:322 - Dynamic voice cache hit: spk_493fe83f
2026-07-17 18:50:36.477 | INFO     | __main__:trim_audio_array:240 - Trimmed audio: 17.57s -> 17.38s (removed 0.19s)
2026-07-17 18:50:36.479 | INFO     | __main__:_speech_response_from_payload:756 - TTS completed: 165 chars, queue=0.00s, infer=39.27s, format: wav
2026-07-17 18:50:45.066 | INFO     | __main__:_extract_params:417 - Beam search requested (num_beams=3). Overriding do_sample=True to False for deterministic output.
2026-07-17 18:50:45.066 | INFO     | __main__:_normalize_for_deepspeed:377 - DeepSpeed parameter normalisation:
2026-07-17 18:50:45.067 | INFO     | __main__:_normalize_for_deepspeed:378 -   • num_beams: 3→1, do_sample: forced False (DeepSpeed fallback to greedy decoding for deterministic output)
2026-07-17 18:50:45.067 | INFO     | __main__:_normalize_for_deepspeed:378 -   • max_mel_tokens: 1700→880 (DeepSpeed KV cache limit)
2026-07-17 18:50:45.072 | INFO     | __main__:_register_audio_from_base64:322 - Dynamic voice cache hit: spk_493fe83f
2026-07-17 18:59:45.212 | INFO     | __main__:<module>:963 - IndexTTS2 API Server - http://0.0.0.0:8002
2026-07-17 18:59:45.213 | INFO     | __main__:<module>:964 - Device: auto, FP16: True, DeepSpeed: False
2026-07-17 18:59:45.235 | INFO     | __main__:lifespan:574 - Initializing IndexTTS2...
2026-07-17 18:59:45.236 | INFO     | __main__:lifespan:583 - IndexTTS2 initialized successfully (reusing instance, DeepSpeed: disabled)
2026-07-17 18:59:45.236 | INFO     | __main__:lifespan:608 - Patched GPT generate() to filter vocoder kwargs and unsupported DeepSpeed flags
2026-07-17 18:59:45.237 | INFO     | __main__:lifespan:636 - Loaded 57 voices
2026-07-17 19:03:23.781 | INFO     | __main__:_extract_params:417 - Beam search requested (num_beams=3). Overriding do_sample=True to False for deterministic output.
2026-07-17 19:03:23.786 | INFO     | __main__:_register_audio_from_base64:322 - Dynamic voice cache hit: spk_493fe83f
2026-07-17 19:03:54.022 | INFO     | __main__:trim_audio_array:240 - Trimmed audio: 12.27s -> 10.01s (removed 2.26s)
2026-07-17 19:03:54.023 | INFO     | __main__:_speech_response_from_payload:756 - TTS completed: 89 chars, queue=0.00s, infer=29.75s, format: wav
2026-07-17 19:04:17.152 | INFO     | __main__:_extract_params:417 - Beam search requested (num_beams=3). Overriding do_sample=True to False for deterministic output.
2026-07-17 19:04:17.157 | INFO     | __main__:_register_audio_from_base64:322 - Dynamic voice cache hit: spk_493fe83f
2026-07-17 19:04:42.283 | INFO     | __main__:trim_audio_array:240 - Trimmed audio: 11.60s -> 6.78s (removed 4.82s)
2026-07-17 19:04:42.284 | INFO     | __main__:_speech_response_from_payload:756 - TTS completed: 59 chars, queue=0.00s, infer=25.03s, format: wav
2026-07-17 19:04:50.963 | INFO     | __main__:_extract_params:417 - Beam search requested (num_beams=3). Overriding do_sample=True to False for deterministic output.
2026-07-17 19:04:50.970 | INFO     | __main__:_register_audio_from_base64:322 - Dynamic voice cache hit: spk_493fe83f
2026-07-17 19:05:24.622 | INFO     | __main__:trim_audio_array:240 - Trimmed audio: 14.48s -> 14.13s (removed 0.35s)
2026-07-17 19:05:24.623 | INFO     | __main__:_speech_response_from_payload:756 - TTS completed: 120 chars, queue=0.00s, infer=33.52s, format: wav
2026-07-17 19:06:41.181 | INFO     | __main__:_extract_params:417 - Beam search requested (num_beams=3). Overriding do_sample=True to False for deterministic output.
2026-07-17 19:06:41.186 | INFO     | __main__:_register_audio_from_base64:322 - Dynamic voice cache hit: spk_493fe83f
2026-07-17 19:07:00.499 | INFO     | __main__:trim_audio_array:240 - Trimmed audio: 8.88s -> 7.03s (removed 1.85s)
2026-07-17 19:07:00.500 | INFO     | __main__:_speech_response_from_payload:756 - TTS completed: 66 chars, queue=0.00s, infer=19.24s, format: wav
2026-07-17 19:07:09.360 | INFO     | __main__:_extract_params:417 - Beam search requested (num_beams=3). Overriding do_sample=True to False for deterministic output.
2026-07-17 19:07:09.366 | INFO     | __main__:_register_audio_from_base64:322 - Dynamic voice cache hit: spk_493fe83f
2026-07-17 19:07:30.775 | INFO     | __main__:trim_audio_array:240 - Trimmed audio: 9.68s -> 7.64s (removed 2.04s)
2026-07-17 19:07:30.775 | INFO     | __main__:_speech_response_from_payload:756 - TTS completed: 55 chars, queue=0.00s, infer=21.33s, format: wav
2026-07-17 19:08:04.010 | INFO     | __main__:_extract_params:417 - Beam search requested (num_beams=3). Overriding do_sample=True to False for deterministic output.
2026-07-17 19:08:04.017 | INFO     | __main__:_register_audio_from_base64:322 - Dynamic voice cache hit: spk_493fe83f
2026-07-17 19:08:17.241 | INFO     | __main__:trim_audio_array:240 - Trimmed audio: 5.91s -> 3.59s (removed 2.32s)
2026-07-17 19:08:17.242 | INFO     | __main__:_speech_response_from_payload:756 - TTS completed: 40 chars, queue=0.00s, infer=13.17s, format: wav
2026-07-17 19:08:31.282 | INFO     | __main__:_extract_params:417 - Beam search requested (num_beams=3). Overriding do_sample=True to False for deterministic output.
2026-07-17 19:08:31.287 | INFO     | __main__:_register_audio_from_base64:322 - Dynamic voice cache hit: spk_493fe83f
2026-07-17 19:08:58.341 | INFO     | __main__:trim_audio_array:240 - Trimmed audio: 12.24s -> 10.52s (removed 1.72s)
2026-07-17 19:08:58.342 | INFO     | __main__:_speech_response_from_payload:756 - TTS completed: 86 chars, queue=0.00s, infer=26.94s, format: wav
2026-07-17 19:09:56.336 | INFO     | __main__:_extract_params:417 - Beam search requested (num_beams=3). Overriding do_sample=True to False for deterministic output.
2026-07-17 19:09:56.341 | INFO     | __main__:_register_audio_from_base64:322 - Dynamic voice cache hit: spk_493fe83f
2026-07-17 19:10:14.646 | INFO     | __main__:trim_audio_array:240 - Trimmed audio: 8.34s -> 7.03s (removed 1.30s)
2026-07-17 19:10:14.647 | INFO     | __main__:_speech_response_from_payload:756 - TTS completed: 57 chars, queue=0.00s, infer=18.23s, format: wav
2026-07-17 19:11:28.803 | INFO     | __main__:_extract_params:417 - Beam search requested (num_beams=3). Overriding do_sample=True to False for deterministic output.
2026-07-17 19:11:28.808 | INFO     | __main__:_register_audio_from_base64:322 - Dynamic voice cache hit: spk_493fe83f
2026-07-17 19:11:46.091 | INFO     | __main__:trim_audio_array:240 - Trimmed audio: 8.14s -> 6.36s (removed 1.78s)
2026-07-17 19:11:46.092 | INFO     | __main__:_speech_response_from_payload:756 - TTS completed: 63 chars, queue=0.00s, infer=17.21s, format: wav
2026-07-17 19:11:50.997 | INFO     | __main__:_extract_params:417 - Beam search requested (num_beams=3). Overriding do_sample=True to False for deterministic output.
2026-07-17 19:11:51.002 | INFO     | __main__:_register_audio_from_base64:322 - Dynamic voice cache hit: spk_493fe83f
2026-07-17 19:12:10.756 | INFO     | __main__:trim_audio_array:240 - Trimmed audio: 8.90s -> 6.62s (removed 2.29s)
2026-07-17 19:12:10.757 | INFO     | __main__:_speech_response_from_payload:756 - TTS completed: 61 chars, queue=0.00s, infer=19.68s, format: wav
2026-07-17 19:12:25.964 | INFO     | __main__:_extract_params:417 - Beam search requested (num_beams=3). Overriding do_sample=True to False for deterministic output.
2026-07-17 19:12:25.971 | INFO     | __main__:_register_audio_from_base64:322 - Dynamic voice cache hit: spk_493fe83f
2026-07-17 19:12:45.662 | INFO     | __main__:trim_audio_array:240 - Trimmed audio: 8.86s -> 6.39s (removed 2.47s)
2026-07-17 19:12:45.663 | INFO     | __main__:_speech_response_from_payload:756 - TTS completed: 48 chars, queue=0.00s, infer=19.62s, format: wav
2026-07-17 19:13:21.366 | INFO     | __main__:_extract_params:417 - Beam search requested (num_beams=3). Overriding do_sample=True to False for deterministic output.
2026-07-17 19:13:21.384 | INFO     | __main__:_register_audio_from_base64:322 - Dynamic voice cache hit: spk_493fe83f
2026-07-17 19:13:38.509 | INFO     | __main__:trim_audio_array:240 - Trimmed audio: 7.60s -> 4.99s (removed 2.61s)
2026-07-17 19:13:38.510 | INFO     | __main__:_speech_response_from_payload:756 - TTS completed: 47 chars, queue=0.00s, infer=17.07s, format: wav
2026-07-17 19:14:19.880 | INFO     | __main__:_extract_params:417 - Beam search requested (num_beams=3). Overriding do_sample=True to False for deterministic output.
2026-07-17 19:14:19.886 | INFO     | __main__:_register_audio_from_base64:322 - Dynamic voice cache hit: spk_493fe83f
2026-07-17 19:14:45.692 | INFO     | __main__:trim_audio_array:240 - Trimmed audio: 9.90s -> 9.43s (removed 0.48s)
2026-07-17 19:14:45.693 | INFO     | __main__:_speech_response_from_payload:756 - TTS completed: 69 chars, queue=0.00s, infer=25.71s, format: wav
2026-07-17 19:14:50.322 | INFO     | __main__:_extract_params:417 - Beam search requested (num_beams=3). Overriding do_sample=True to False for deterministic output.
2026-07-17 19:14:50.327 | INFO     | __main__:_register_audio_from_base64:322 - Dynamic voice cache hit: spk_493fe83f
2026-07-17 19:15:36.731 | INFO     | __main__:trim_audio_array:240 - Trimmed audio: 19.95s -> 18.78s (removed 1.16s)
2026-07-17 19:15:36.733 | INFO     | __main__:_speech_response_from_payload:756 - TTS completed: 149 chars, queue=0.00s, infer=46.24s, format: wav
2026-07-17 19:18:14.462 | INFO     | __main__:_extract_params:417 - Beam search requested (num_beams=3). Overriding do_sample=True to False for deterministic output.
2026-07-17 19:18:14.467 | INFO     | __main__:_register_audio_from_base64:322 - Dynamic voice cache hit: spk_493fe83f
2026-07-17 19:18:53.502 | INFO     | __main__:trim_audio_array:240 - Trimmed audio: 17.65s -> 15.98s (removed 1.67s)
2026-07-17 19:18:53.504 | INFO     | __main__:_speech_response_from_payload:756 - TTS completed: 149 chars, queue=0.00s, infer=38.89s, format: wav
2026-07-17 19:18:57.815 | INFO     | __main__:lifespan:643 - Shutting down...
